job_mapped,skills,work_type,keyword,company
Back End Developer,"['c#', 'css3', 'html5', 'python', 'sql']",Remote,Back End Developer,Keyvoto
Back End Developer,"['docker', 'git', 'gitlab', 'hibernate', 'java', 'jenkins', 'microservices architecture', 'mysql', 'postgresql', 'postman', 'restful apis', 'rabbitmq', 'sql']",On-site,Back End Developer,Müller's Solutions
Back End Developer,"['c++', 'foundation', 'github', 'java', 'netlify', 'vercel']",On-site,Back End Developer,RXPERT ADVISORS PRIVATE LIMITED
Back End Developer,"['docker', 'git', 'gitlab', 'google cloud platform (gcp)', 'kubernetes', 'mongodb', 'node.js', 'redis', 'solid principles', 'sql']",Remote,Back End Developer,Digital Waffle
Back End Developer,"['angular', 'computer vision', 'docker', 'git', 'javascript', 'mysql', 'node.js', 'restful apis', 'sql']",On-site,Back End Developer,Analyticsmart
Mobile Developer,"['dynamodb', 'node.js', 'typescript']",Remote,Back End Developer,Orbis Group
Back End Developer,"['amazon web services (aws)', 'django', 'python', 'soap', 'typescript']",On-site,Back End Developer,"Precise Resource, Inc"
Back End Developer,"['angular', 'docker', 'java', 'kubernetes', 'microservices architecture', 'spring boot']",Hybrid,Back End Developer,Quest Recruitment
Back End Developer,"['docker', 'kubernetes', 'postgresql', 'rabbitmq', 'rust']",Hybrid,Back End Developer,TechShack
Back End Developer,"['python', 'sql']",Remote,Back End Developer,RED Global
Back End Developer,"['bash', 'git', 'junit', 'java', 'jenkins', 'kubernetes', 'rabbitmq', 'sql']",Hybrid,Back End Developer,Wipro Romania
Back End Developer,"['docker', 'kubernetes', 'mongodb', 'mysql', 'postgresql', 'python', 'redis', 'reverse engineering']",Remote,Back End Developer,idpp
Back End Developer,"['cryptography', 'docker', 'edge computing', 'foundation', 'mongodb', 'numpy', 'opencv', 'pandas', 'postgresql', 'python', 'rust', 'sql', 'scikit-learn']",Hybrid,Back End Developer,Datasent
Back End Developer,"['docker', 'git', 'kubernetes', 'laravel', 'mongodb', 'php', 'restful apis', 'redis', 'sql']",Remote,Back End Developer,Prime Insights
Back End Developer,"['docker', 'figma', 'mongodb', 'mysql', 'node.js', 'restful apis']",Hybrid,Back End Developer,Supono Holdings LTD
Back End Developer,"['c#', 'entity framework', 'java', 'node.js', 'python', 'sql']",On-site,Back End Developer,Hyalli
Back End Developer,"['aws lambda', 'datadog', 'dynamodb', 'node.js', 'typescript']",Hybrid,Back End Developer,Insight Global
Back End Developer,"['java', 'kotlin', 'kubernetes', 'mysql', 'postgresql', 'sql', 'spring boot']",On-site,Back End Developer,TALENT Software Services
Back End Developer,"['amazon web services (aws)', 'docker', 'graphql', 'java', 'microservices architecture', 'python', 'rabbitmq', 'sql', 'scala', 'typescript']",Hybrid,Back End Developer,Lorien
Back End Developer,"['laravel', 'mysql', 'node.js', 'php']",Remote,Back End Developer,Crossing Hurdles
Back End Developer,"['mongodb', 'node.js', 'typescript']",On-site,Back End Developer,NearTech Search
Back End Developer,"['git', 'java', 'mysql', 'restful apis', 'spring boot']",On-site,Back End Developer,Whish Money
Back End Developer,"['postgresql', 'python', 'snowflake', 'typescript']",On-site,Back End Developer,Mentor Talent Acquisition
Back End Developer,"['express.js', 'mongodb', 'node.js', 'restful apis', 'sql', 'scrum']",Hybrid,Back End Developer,InnoTech
Back End Developer,"['c++', 'fastapi', 'github', 'github actions', 'jenkins', 'kubernetes', 'postgresql', 'pytest', 'python', 'rabbitmq']",Remote,Back End Developer,ROVI Pharmaceutical Company
Back End Developer,"['bash', 'git', 'google cloud platform (gcp)', 'junit', 'java', 'jenkins', 'kubernetes', 'rabbitmq', 'sql']",Hybrid,Back End Developer,Wipro Romania
Back End Developer,"['node.js', 'typescript']",Hybrid,Back End Developer,Searchability®
Back End Developer,"['docker', 'git', 'node.js', 'postgresql', 'redis', 'sql', 'typeorm', 'typescript']",Remote,Back End Developer,Factor IT
Back End Developer,"['kubernetes', 'mlops', 'machine learning', 'microsoft azure', 'mongodb', 'python', 'restful apis', 'redis', 'rust', 'sql', 'typescript']",Remote,Back End Developer,Explore Group
Back End Developer,"['git', 'javascript', 'less', 'nestjs', 'node.js', 'sql', 'typescript']",Remote,Back End Developer,Crowded
Back End Developer,"['c++', 'fastapi', 'github', 'github actions', 'jenkins', 'kubernetes', 'postgresql', 'pytest', 'python', 'rabbitmq']",Remote,Back End Developer,ROVI Pharmaceutical Company
Back End Developer,"['java', 'restful apis', 'spring boot']",Remote,Back End Developer,exequt
Back End Developer,"['elasticsearch', 'fastapi', 'google cloud platform (gcp)', 'machine learning', 'python']",Hybrid,Back End Developer,Brainial
Back End Developer,"['angular', 'dynamodb', 'javascript', 'node.js', 'serverless architecture', 'typescript', 'vue.js', 'webpack']",Remote,Back End Developer,Okendo
Back End Developer,"['devsecops', 'docker', 'java', 'javascript', 'kubernetes', 'python']",Hybrid,Back End Developer,Carbyne Consulting
Back End Developer,"['docker', 'graphql', 'java', 'kubernetes', 'microsoft azure', 'node.js', 'python', 'sql', 'terraform', 'typescript']",Remote,Back End Developer,develop
Back End Developer,"['amazon web services (aws)', 'data modeling', 'docker', 'fastapi', 'kubernetes', 'python']",Hybrid,Back End Developer,WorkGenius Group
Back End Developer,"['docker', 'dynamodb', 'generative ai', 'kubernetes', 'large language models (llms)', 'python', 'snowflake']",Remote,Back End Developer,AllCloud
Java Developer,"['java', 'javascript', 'postgresql', 'sql']",Hybrid,Back End Developer,Vusion
Back End Developer,"['datadog', 'graphql', 'typescript']",Remote,Back End Developer,Baselane
Back End Developer,"['confluence', 'django', 'dynamodb', 'fastapi', 'flask', 'github', 'github actions', 'javascript', 'kanban', 'postgresql', 'python', 'scrum', 'typescript']",Hybrid,Back End Developer,Digital Waffle
Back End Developer,"['git', 'javascript', 'scrum']",Hybrid,Back End Developer,Deloitte
Back End Developer,"['devsecops', 'github', 'github actions', 'terraform']",On-site,Back End Developer,DFYNE
Back End Developer,"['java', 'microsoft sql server', 'restful apis', 'sql']",On-site,Back End Developer,Elsevier
Back End Developer,"['codeigniter', 'git', 'java', 'javascript', 'laravel', 'mongodb', 'mysql', 'php']",On-site,Back End Developer,Orca Maritime Tools
Back End Developer,"['java', 'php', 'python']",On-site,Back End Developer,MindzMap | Digital Solutions
Python Developer,"['clickhouse', 'cryptography', 'django', 'docker', 'elasticsearch', 'fastapi', 'flask', 'gitlab', 'gitlab ci/cd', 'postgresql', 'python', 'restful apis', 'rabbitmq']",On-site,Back End Developer,DECTA
Front End Developer,"['a/b testing', 'chakra ui', 'jest', 'next.js', 'typescript']",Remote,Front End Developer,Sleek
Front End Developer,"['fastapi', 'nestjs', 'node.js', 'python', 'sql', 'typescript']",Remote,Front End Developer,Talan
Front End Developer,"['angular', 'git', 'javascript', 'typescript']",On-site,Front End Developer,Analyticsmart
Front End Developer,"['angular', 'bootstrap', 'git', 'redis', 'typescript']",Remote,Front End Developer,Factor IT
Front End Developer,"['angular', 'java', 'next.js', 'scrum', 'vue.js']",Remote,Front End Developer,Qindel Group
Front End Developer,"['angular', 'bootstrap', 'cross-browser compatibility', 'git', 'javascript', 'react.js', 'tailwind css', 'vue.js']",Hybrid,Front End Developer,Gravitix Tech
Front End Developer,"['angular', 'git', 'javascript', 'restful apis', 'react.js']",Remote,Front End Developer,Comeet App Middleware Test Company
Front End Developer,"['angular', 'git', 'java', 'kotlin', 'restful apis', 'swift']",Remote,Front End Developer,PayTech Group
Front End Developer,"['bulma', 'drupal', 'figma', 'github', 'github actions', 'graphql', 'jenkins', 'jest', 'next.js', 'redux', 'tailwind css', 'typescript', 'zustand']",Remote,Front End Developer,Enroute
Front End Developer,"['git', 'graphql', 'javascript']",On-site,Front End Developer,ISG International Service Group
Front End Developer,"['angular', 'css3', 'cross-browser compatibility', 'cypress', 'design systems', 'figma', 'git', 'github', 'graphql', 'html5', 'javascript', 'jest', 'jira', 'next.js', 'node.js', 'playwright', 'sketch', 'storybook', 'tailwind css', 'typescript', 'vite', 'websockets', 'webpack']",Remote,Front End Developer,SkillersZone LLC
Front End Developer,"['bootstrap', 'git', 'redis', 'typescript']",Remote,Front End Developer,Factor IT
Front End Developer,"['angular', 'babel', 'css3', 'flutter', 'git', 'html5', 'ionic', 'jest', 'webpack']",On-site,Front End Developer,GamblingCareers.com
Front End Developer,"['git', 'java', 'javascript', 'machine learning', 'node.js', 'python', 'speech recognition', 'typescript']",Remote,Front End Developer,Arnex Solutions LLC
Front End Developer,"['confluence', 'javascript', 'jira', 'load balancing', 'node.js', 'three.js', 'webgl', 'websockets', 'grpc']",On-site,Front End Developer,"Metis Technology Solutions, Inc."
Front End Developer,"['angular', 'docker', 'git', 'graphql', 'javascript', 'playwright', 'tailwind css', 'typescript', 'vite']",Remote,Front End Developer,"Intertech, Inc."
Front End Developer,"['a/b testing', 'kanban', 'scrum']",Hybrid,Front End Developer,Nestlé
Front End Developer,"['css3', 'confluence', 'design systems', 'figma', 'html5', 'javascript', 'jira', 'react.js', 'sql', 'usability testing', 'user research']",Hybrid,Front End Developer,"Astra-North Infoteck Inc.  ~ Conquering today’s challenges, achieving tomorrow’s vision!"
Front End Developer,"['confluence', 'figma', 'git', 'github', 'javascript', 'jira', 'storybook']",Hybrid,Front End Developer,Angel Solutions
Front End Developer,"['bootstrap', 'git', 'typescript']",Remote,Front End Developer,Factor IT
Front End Developer,"['graphql', 'typescript']",Hybrid,Front End Developer,Hays
Front End Developer,"['angular', 'babel', 'css3', 'flutter', 'git', 'html5', 'ionic', 'webpack']",Hybrid,Front End Developer,Aristocrat Interactive
Front End Developer,"['angular', 'css3', 'cypress', 'design systems', 'html5', 'javascript', 'jest', 'redux', 'typescript', 'vuex']",Hybrid,Front End Developer,Aambience Services
Front End Developer,"['angular', 'javascript', 'react.js', 'vue.js']",On-site,Front End Developer,Futurum Technology Ltd.
Front End Developer,"['javascript', 'next.js', 'scrum', 'typescript']",On-site,Front End Developer,Accenture Southeast Asia
Front End Developer,['javascript'],Remote,Front End Developer,Core Code io
Front End Developer,"['figma', 'javascript', 'woocommerce']",On-site,Front End Developer,SaffireTech
Front End Developer,"['a/b testing', 'css3', 'git', 'github', 'html5', 'javascript', 'less', 'microsoft azure', 'node.js', 'php', 'python', 'sql', 'visual design', 'webpack']",Hybrid,Front End Developer,The Word & Brown Companies
Front End Developer,"['css3', 'git', 'html5', 'javascript', 'jira', 'notion', 'tailwind css', 'typescript', 'vite']",Hybrid,Front End Developer,Charles Tyrwhitt
Front End Developer,"['css3', 'figma', 'git', 'html5', 'javascript', 'php', 'usability testing']",Hybrid,Front End Developer,Techo-Bloc
Front End Developer,['typescript'],On-site,Front End Developer,Client Server
Front End Developer,"['angular', 'bootstrap', 'css3', 'git', 'html5', 'jasmine', 'javascript', 'restful apis', 'redux', 'rxjs', 'typescript', 'webpack']",On-site,Front End Developer,Müller's Solutions
Front End Developer,"['angular', 'babel', 'css3', 'flutter', 'git', 'html5', 'ionic', 'jest', 'webpack']",On-site,Front End Developer,Aristocrat Interactive
Front End Developer,"['css3', 'cypress', 'github', 'gitlab', 'html5', 'javascript', 'jira', 'restful apis', 'react.js', 'redux', 'selenium', 'typescript']",Hybrid,Front End Developer,Aceve
Front End Developer,"['next.js', 'objective-c', 'react native', 'swift']",Remote,Front End Developer,Meld
Front End Developer,"['design systems', 'figma', 'git', 'github', 'graphql', 'storybook', 'tailwind css', 'typescript', 'vite', 'zustand']",Remote,Front End Developer,Create Music Group
Front End Developer,"['angular', 'less']",On-site,Front End Developer,SnappCar | B Corp
Front End Developer,"['adobe xd', 'agile methodology', 'css3', 'cross-browser compatibility', 'dom manipulation', 'figma', 'html5', 'javascript', 'php', 'restful apis', 'vue.js', 'woocommerce']",Hybrid,Front End Developer,SmartDev
Front End Developer,"['angular', 'ant design', 'babel', 'bootstrap', 'css3', 'confluence', 'docker', 'git', 'github', 'gitlab', 'html5', 'javascript', 'jira', 'kubernetes', 'redux', 'servicenow', 'vite', 'webpack']",Hybrid,Front End Developer,Tata Consultancy Services
Front End Developer,"['angular', 'css3', 'cross-browser compatibility', 'git', 'html5', 'java', 'javascript', 'less', 'responsive web design', 'scrum']",On-site,Front End Developer,Advance Delivery Consulting
Front End Developer,"['angular', 'babel', 'git', 'graphql', 'ionic', 'javascript', 'react.js', 'redux']",Hybrid,Front End Developer,Axis
Front End Developer,"['babel', 'bootstrap', 'css3', 'cross-browser compatibility', 'cypress', 'docker', 'git', 'github', 'html5', 'javascript', 'jenkins', 'jest', 'less', 'mocha', 'node.js', 'restful apis', 'react.js', 'redux', 'tailwind css', 'vue.js', 'vuex', 'webpack']",On-site,Front End Developer,Hungry Workhorse
Front End Developer,"['figma', 'php']",Remote,Front End Developer,Kanz
Front End Developer,"['angular', 'github', 'kubernetes', 'restful apis']",Remote,Front End Developer,Amartus
Front End Developer,"['babel', 'figma', 'git', 'github', 'gitlab', 'javascript', 'jest', 'react.js', 'redux', 'storybook', 'typescript', 'vite', 'webpack', 'zustand']",Hybrid,Front End Developer,MyUnisoft
Front End Developer,"['cross-browser compatibility', 'design systems', 'figma', 'javascript', 'react native', 'storybook']",Hybrid,Front End Developer,FLiiP
Front End Developer,"['css3', 'cypress', 'design systems', 'figma', 'git', 'html5', 'javascript', 'jest', 'next.js', 'restful apis', 'redux', 'typescript', 'web accessibility (wcag)']",Hybrid,Front End Developer,Alphacomm - the revenue boosting platform
Front End Developer,"['docker', 'git', 'javascript', 'kubernetes']",Hybrid,Front End Developer,"Grupo IskayPet (Tiendanimal, Kiwoko, Kivet, Clinicanimal)"
FullStack Developer,"['docker', 'github', 'next.js', 'node.js', 'postgresql', 'python', 'react.js', 'supabase', 'typescript']",Remote,FullStack Developer,BAUMLINK
FullStack Developer,"['chakra ui', 'docker', 'javascript', 'node.js', 'puppeteer', 'redis', 'sql', 'typescript']",Remote,FullStack Developer,thor consulting GmbH
FullStack Developer,"['angular', 'docker', 'generative ai', 'gitlab', 'grafana', 'java', 'jenkins', 'kubernetes', 'prometheus', 'restful apis', 'spring boot']",On-site,FullStack Developer,Capgemini
FullStack Developer,"['automated qa testing', 'bootstrap', 'c#', 'git', 'javascript', 'sql', 'scrum', 'typescript']",Hybrid,FullStack Developer,Vantage
FullStack Developer,"['angular', 'docker', 'java', 'kubernetes', 'node.js', 'python']",Remote,FullStack Developer,HTD Health
FullStack Developer,"['foundation', 'java', 'python']",Remote,FullStack Developer,Allata
FullStack Developer,['scrum'],On-site,FullStack Developer,FPT Corporation
FullStack Developer,"['angular', 'generative ai', 'node.js', 'python', 'restful apis', 'typescript']",Hybrid,FullStack Developer,Planck
FullStack Developer,"['bootstrap', 'docker', 'git', 'influxdb', 'javascript', 'laravel', 'mongodb', 'php', 'postgresql', 'python']",Hybrid,FullStack Developer,Hays
FullStack Developer,"['docker', 'github', 'github actions', 'machine learning', 'nestjs', 'next.js', 'postgresql', 'rabbitmq', 'redis', 'typescript']",Remote,FullStack Developer,LEOCODE - Your Tech Partner
FullStack Developer,"['cucumber', 'dynatrace', 'gitlab', 'gitlab ci/cd', 'node.js', 'postgresql', 'scrum', 'terraform', 'typescript']",Hybrid,FullStack Developer,ARHS Group
FullStack Developer,"['cross-browser compatibility', 'dom manipulation', 'javascript', 'php', 'sql', 'ssl/tls']",Hybrid,FullStack Developer,BearingPoint
FullStack Developer,"['fastapi', 'next.js', 'python']",Remote,FullStack Developer,Between Technology
FullStack Developer,"['mongodb', 'node.js', 'react.js']",Hybrid,FullStack Developer,PrimeIT España
FullStack Developer,"['generative ai', 'java', 'mongodb', 'mysql', 'node.js', 'postgresql', 'restful apis', 'sql', 'spring boot']",On-site,FullStack Developer,Capgemini
FullStack Developer,"['angular', 'cucumber', 'hibernate', 'jmeter', 'junit', 'java', 'javascript', 'mongodb', 'prometheus', 'sql', 'spring boot', 'spring cloud']",Remote,FullStack Developer,Profile Software Services
FullStack Developer,"['docker', 'elasticsearch', 'express.js', 'foundation', 'jenkins', 'kubernetes', 'microservices architecture', 'node.js', 'postgresql', 'rabbitmq', 'react.js', 'redis', 'redux', 'typescript']",Hybrid,FullStack Developer,Vexere.com - Vietnam’s #1 Transportation Booking Platform (Bus | Flight | Train | Bike Car Rental))
FullStack Developer,"['angular', 'docker', 'github', 'github actions', 'java', 'jenkins', 'kanban', 'kubernetes', 'mysql', 'postgresql', 'restful apis', 'scrum', 'spring boot']",Remote,FullStack Developer,SymBio.
FullStack Developer,"['hibernate', 'java', 'javascript', 'php', 'sql', 'scrum']",Hybrid,FullStack Developer,Watermelon Tecnologia & Participações
FullStack Developer,"['git', 'graphql', 'restful apis']",Remote,FullStack Developer,Crossing Hurdles
FullStack Developer,"['angular', 'java']",On-site,FullStack Developer,PT. Metrodata Electronics Tbk.
FullStack Developer,"['angular', 'cypress', 'generative ai', 'git', 'hibernate', 'java', 'javascript', 'kanban', 'sql', 'selenium', 'spring boot']",On-site,FullStack Developer,Capgemini
FullStack Developer,"['ansible', 'css3', 'git', 'html5', 'hibernate', 'java', 'javascript', 'jira', 'mongodb', 'python', 'restful apis', 'redis', 'sql', 'spring boot']",Hybrid,FullStack Developer,Verito Solutions
FullStack Developer,"['docker', 'mongodb', 'python', 'restful apis', 'typescript']",On-site,FullStack Developer,Sentrycs | Counter-Drone Solutions Adapting at the Speed of Threats
FullStack Developer,"['celery', 'fastapi', 'redis', 'redux', 'tailwind css', 'typescript']",Remote,FullStack Developer,Newcode.ai
FullStack Developer,"['generative ai', 'javascript', 'next.js', 'php', 'recommendation systems', 'typescript']",On-site,FullStack Developer,Zero to One Search | Recruitment Agency
FullStack Developer,"['angular', 'html5', 'java', 'primeng', 'soap', 'sql', 'sass/scss', 'spring boot']",Remote,FullStack Developer,ALTEN Spain
FullStack Developer,"['angular', 'java', 'python']",On-site,FullStack Developer,Cision Insights - PRIME Research Brazil
FullStack Developer,"['angular', 'css3', 'cryptography', 'cucumber', 'docker', 'github', 'html5', 'hibernate', 'junit', 'java', 'javascript', 'jenkins', 'kubernetes', 'mysql', 'postgresql', 'scrum', 'spring boot', 'vue.js']",Hybrid,FullStack Developer,Wipro
FullStack Developer,"['docker', 'git', 'javascript', 'kubernetes', 'mongodb', 'node.js', 'postgresql', 'sql', 'typescript']",On-site,FullStack Developer,PAYMATICO
FullStack Developer,"['angular', 'docker', 'git', 'gitlab', 'java', 'javascript', 'restful apis', 'solid principles', 'sql', 'spring boot']",On-site,FullStack Developer,Capgemini
FullStack Developer,"['design systems', 'node.js']",Hybrid,FullStack Developer,Restaff - House Of Norway
FullStack Developer,"['git', 'java', 'javascript', 'microservices architecture', 'react.js', 'sql', 'scrum', 'spring boot']",On-site,FullStack Developer,SIDRAM TECHNOLOGIES
FullStack Developer,"['javascript', 'node.js', 'postgresql', 'react native', 'redis', 'sql', 'typescript']",Remote,FullStack Developer,Smartness
FullStack Developer,"['cypress', 'graphql', 'jest', 'microservices architecture', 'microsoft azure', 'nestjs', 'typescript']",On-site,FullStack Developer,ALTEN
FullStack Developer,"['java', 'react.js']",On-site,FullStack Developer,Technomax
FullStack Developer,"['java', 'microservices architecture']",Remote,FullStack Developer,Veem
FullStack Developer,"['data modeling', 'docker', 'dynamodb', 'git', 'javascript', 'jest', 'pytest', 'python', 'restful apis', 'sql', 'serverless architecture', 'storybook', 'typescript']",Hybrid,FullStack Developer,Würth Cloud Services GmbH
FullStack Developer,"['docker', 'figma', 'git', 'kubernetes', 'postgresql', 'restful apis', 'react.js']",On-site,FullStack Developer,INDICO by Telkomsel
FullStack Developer,"['css3', 'github', 'graphql', 'html5', 'java', 'mongodb', 'postgresql', 'scrum', 'spring boot', 'typescript']",Remote,FullStack Developer,Between Technology
FullStack Developer,"['data modeling', 'docker', 'domain-driven design (ddd)', 'express.js', 'google cloud platform (gcp)', 'graphql', 'kubernetes', 'microservices architecture', 'next.js', 'node.js', 'postgresql', 'python', 'restful apis', 'rabbitmq', 'solid principles', 'typescript']",Remote,FullStack Developer,Avenue Code
FullStack Developer,"['angular', 'bootstrap', 'generative ai', 'gitlab', 'junit', 'java', 'javascript', 'restful apis', 'sonarqube', 'spring boot', 'typescript']",Hybrid,FullStack Developer,Capgemini
FullStack Developer,"['docker', 'elasticsearch', 'gitlab', 'helm', 'javascript', 'kubernetes', 'mariadb', 'php', 'rabbitmq', 'redis', 'solid principles', 'sonarqube', 'vue.js']",Hybrid,FullStack Developer,InStaff & Jobs GmbH
Web Developer,"['angular', 'bootstrap', 'javascript', 'vue.js']",Remote,Web Developer,Crossing Hurdles
Web Developer,"['css3', 'git', 'javascript', 'scrum']",Remote,Web Developer,Versapay
Web Developer,"['git', 'html5', 'java', 'javascript', 'laravel', 'php', 'symfony', 'typescript', 'vue.js']",Remote,Web Developer,Code Compass 🧭
Web Developer,"['angular', 'bootstrap', 'css3', 'codeigniter', 'foundation', 'html5', 'javascript', 'less', 'mysql', 'nginx', 'node.js', 'php', 'soap']",Remote,Web Developer,Steady Vision
Web Developer,['javascript'],Remote,Web Developer,Apply4U | Apply4U | Human-Assisted AI Job & Recruitment Platform
Web Developer,"['a/b testing', 'javascript']",Remote,Web Developer,Twine
FullStack Developer,"['javascript', 'mysql', 'php']",Remote,Web Developer,Netrolynx AI
Web Developer,['javascript'],Remote,Web Developer,Crossing Hurdles
Web Developer,"['java', 'javascript', 'large language models (llms)', 'python', 'sql', 'supabase']",Remote,Web Developer,Quik Hire Staffing
Web Developer,"['foundation', 'git', 'javascript', 'node.js', 'php', 'python']",On-site,Web Developer,Kanz
Web Developer,"['a/b testing', 'git', 'javascript', 'php', 'sql', 'vue.js']",Remote,Web Developer,AGS Youth Soccer Club
Front End Developer,['bootstrap'],On-site,Web Developer,InCreativeWeb | Creative Thinking
Web Developer,"['javascript', 'liquid (shopify)', 'php', 'woocommerce']",Remote,Web Developer,Vismarcorp | Strategic Business Consulting
Web Developer,"['git', 'javascript', 'netlify', 'next.js', 'tailwind css']",Remote,Web Developer,SEO-Dons
Web Developer,"['cross-browser compatibility', 'javascript', 'restful apis', 'react.js']",Remote,Web Developer,Crossing Hurdles
Web Developer,"['git', 'laravel', 'mongodb', 'mysql', 'php', 'sql']",On-site,Web Developer,FIGAME.COM Travel Organisation LTD
Web Developer,['javascript'],Remote,Web Developer,Twine
Front End Developer,"['angular', 'cross-browser compatibility', 'git', 'graphql', 'javascript', 'less', 'restful apis', 'redux', 'vite', 'vuex', 'webpack', 'zustand']",Remote,Web Developer,Air Apps
Web Developer,"['blender', 'fiber', 'javascript', 'next.js', 'three.js', 'typescript', 'webgl']",On-site,Web Developer,Adecco
Web Developer,"['foundation', 'php']",Hybrid,Web Developer,Zealous Agency
Front End Developer,"['fortinet', 'javascript', 'python', 'typescript']",Remote,Web Developer,Fortinet
Front End Developer,"['angular', 'bootstrap', 'css3', 'confluence', 'cypress', 'figma', 'gitlab', 'html5', 'jasmine', 'jest', 'jira', 'less', 'playwright', 'restful apis', 'scrum', 'selenium', 'sonarqube', 'typescript']",Remote,Web Developer,Aretum
Web Developer,['wordpress development'],Remote,Web Developer,Gururo
Web Developer,"['javascript', 'mysql', 'php']",Remote,Web Developer,Twine
Web Developer,"['javascript', 'woocommerce']",Remote,Web Developer,SEO Sherpa
Web Developer,"['azure devops', 'c#', 'javascript', 'microsoft sql server', 'sql']",On-site,Web Developer,Abell Pest Control
Web Developer,"['angular', 'django', 'docker', 'javascript', 'laravel', 'node.js', 'php', 'python', 'sql', 'symfony']",On-site,Web Developer,Hardin Design and Development
Web Developer,"['figma', 'javascript', 'wireframing']",Hybrid,Web Developer,The Regenda Group
Web Developer,"['adobe xd', 'css3', 'figma', 'git', 'html5', 'javascript', 'mysql', 'php', 'woocommerce', 'wordpress development']",On-site,Web Developer,Argon Agency
Web Developer,"['javascript', 'microsoft sql server', 'next.js', 'php', 'postgresql', 'restful apis', 'sql']",Hybrid,Web Developer,Mirai Talent
Web Developer,"['git', 'java', 'javascript', 'jira', 'mysql', 'php', 'postgresql', 'python', 'typescript']",On-site,Web Developer,Valuetainment
Web Developer,"['angular', 'java', 'php', 'sql']",On-site,Web Developer,Easi
Web Developer,"['bootstrap', 'mysql', 'php']",On-site,Web Developer,Finhence
Web Developer,"['cloudflare', 'django', 'flask', 'javascript', 'next.js', 'python']",Remote,Web Developer,MeanPug Digital
Web Developer,"['git', 'html5', 'java', 'javascript', 'laravel', 'php', 'symfony', 'typescript', 'vue.js']",Remote,Web Developer,Code Compass 🧭
Front End Developer,"['angular', 'bootstrap', 'css3', 'git', 'html5', 'javascript', 'less']",Remote,Web Developer,Clarity Ventures
Web Developer,"['javascript', 'php']",On-site,Web Developer,PT Astra International Tbk
Android Developer,"['jetpack compose', 'retrofit']",On-site,Android Developer,SoulStream AI
Android Developer,"['jetpack compose', 'kotlin']",Remote,Android Developer,Corecom Consulting
Android Developer,"['jetpack compose', 'kotlin', 'solid principles', 'scrum']",Hybrid,Android Developer,Ubique Systems
Android Developer,"['kotlin', 'scrum', 'swift', 'typescript']",Remote,Android Developer,Next Engineering
Android Developer,"['azure devops', 'git', 'gitlab', 'java', 'jenkins', 'kotlin']",On-site,Android Developer,CSI GLOBAL LTD
Android Developer,"['jetpack compose', 'kotlin', 'tensorflow']",Remote,Android Developer,develop
Android Developer,"['android sdk', 'java', 'kotlin', 'room database', 'sqlite']",Hybrid,Android Developer,SIRITECH SOLUTIONS CORP
Android Developer,"['java', 'javascript', 'large language models (llms)', 'python', 'sql', 'supabase']",Remote,Android Developer,Quik Hire Staffing
Android Developer,"['jetpack compose', 'kotlin']",Remote,Android Developer,Next Engineering
Android Developer,"['confluence', 'git', 'jira', 'kotlin', 'retrofit']",Hybrid,Android Developer,Nexi Digital
Android Developer,"['java', 'kotlin']",Hybrid,Android Developer,Sanders & Creemers
Android Developer,"['kotlin', 'machine learning', 'visual design']",On-site,Android Developer,Loco
Android Developer,"['git', 'jenkins', 'jetpack compose', 'kotlin']",On-site,Android Developer,Weekday AI (YC W21)
Android Developer,"['a/b testing', 'android sdk', 'github', 'kotlin']",On-site,Android Developer,Athh Technologies LLP
Android Developer,"['c++', 'java', 'kotlin']",Remote,Android Developer,Randstad Digital
Android Developer,"['java', 'kotlin', 'restful apis']",On-site,Android Developer,Lokal
Android Developer,"['azure devops', 'git', 'jetpack compose', 'kotlin']",Hybrid,Android Developer,EUROWAG
Android Developer,"['android sdk', 'git', 'github', 'github actions', 'java', 'jenkins', 'kotlin', 'restful apis']",Hybrid,Android Developer,SILVARE
Android Developer,"['android sdk', 'git', 'invision', 'jetpack compose', 'kotlin', 'restful apis', 'retrofit']",Hybrid,Android Developer,inDrive
Android Developer,"['git', 'java', 'jetpack compose', 'kotlin', 'restful apis']",Hybrid,Android Developer,ExecutivePlacements.com
Android Developer,"['java', 'kotlin', 'mobile ui/ux', 'objective-c', 'swift']",Remote,Android Developer,Crossing Hurdles
Android Developer,"['android sdk', 'cryptography', 'git', 'java', 'jira', 'kotlin', 'restful apis', 'trello']",Remote,Android Developer,"Sherpa 6, Inc."
Android Developer,"['figma', 'git', 'jetpack compose', 'kotlin', 'scrum']",Hybrid,Android Developer,Adentis Portugal
Android Developer,['kotlin'],Hybrid,Android Developer,bunq
Android Developer,"['android sdk', 'functional programming', 'git', 'kotlin', 'restful apis']",Hybrid,Android Developer,Novibet
Android Developer,"['android sdk', 'java', 'kotlin']",On-site,Android Developer,Lokal
Android Developer,"['android sdk', 'git', 'java', 'kotlin', 'restful apis']",Remote,Android Developer,RemoteVA
Android Developer,"['babel', 'flutter', 'git', 'java', 'jetpack compose', 'jira', 'kanban', 'kotlin', 'react native', 'scrum']",Remote,Android Developer,Babel
Android Developer,"['android sdk', 'jetpack compose', 'kanban', 'kotlin', 'scrum']",Remote,Android Developer,Altkom Software
Android Developer,"['azure devops', 'git', 'gitlab', 'java', 'jenkins', 'kotlin']",On-site,Android Developer,E-Frontiers
Android Developer,"['jetpack compose', 'kotlin', 'sql']",Remote,Android Developer,Adentis Portugal
Android Developer,['kotlin'],On-site,Android Developer,Marshall Group
Android Developer,['java'],On-site,Android Developer,AIM Defence
Android Developer,"['figma', 'git', 'jetpack compose', 'kotlin', 'scrum']",Hybrid,Android Developer,act digital
Android Developer,"['bitbucket', 'confluence', 'figma', 'git', 'jetpack compose', 'jira', 'kotlin', 'scrum']",Hybrid,Android Developer,Multivision Consulting
Android Developer,"['junit', 'jetpack compose', 'kotlin']",On-site,Android Developer,Cloud Orbit Technologies
Android Developer,"['android sdk', 'git', 'junit', 'jetpack compose', 'kotlin']",Hybrid,Android Developer,Podme
Android Developer,"['jetpack compose', 'kotlin']",Hybrid,Android Developer,Formula.
Android Developer,['kotlin'],On-site,Android Developer,Eventify
Android Developer,"['android sdk', 'git', 'jetpack compose', 'kotlin', 'sqlite']",On-site,Android Developer,Varaha
Android Developer,"['android sdk', 'java', 'kotlin', 'mobile ui/ux', 'restful apis']",Remote,Android Developer,Randstad Japan
Android Developer,['kotlin'],Hybrid,Android Developer,Trendyol Group
Android Developer,"['foundation', 'jetpack compose', 'kotlin', 'retrofit', 'scrum']",Hybrid,Android Developer,ISG International Service Group
Android Developer,"['android sdk', 'git', 'github', 'github actions', 'java', 'jetpack compose', 'kotlin', 'penetration testing', 'solid principles']",Hybrid,Android Developer,Tata Consultancy Services
Android Developer,"['android sdk', 'git', 'java', 'jetpack compose', 'kotlin', 'restful apis']",On-site,Android Developer,WHISH MONEY
Android Developer,"['bitbucket', 'git', 'github', 'gitlab', 'java', 'kotlin', 'retrofit']",Hybrid,Android Developer,iDigital Studios
Android Developer,"['cordova', 'flutter', 'graphql', 'ionic', 'java', 'kotlin', 'react native', 'swift', 'xamarin']",Hybrid,Android Developer,Konrad
iOS Developer,['swiftui'],On-site,iOS Developer,SoulStream AI
iOS Developer,"['swift', 'swiftui']",On-site,iOS Developer,The 1 % App
iOS Developer,"['graphql', 'swift', 'swiftui']",Hybrid,iOS Developer,Taalk
iOS Developer,"['swift', 'swiftui']",Remote,iOS Developer,Corecom Consulting
iOS Developer,['swift'],Hybrid,iOS Developer,Transfermarkt
iOS Developer,"['objective-c', 'swift']",On-site,iOS Developer,"TAKA TECHNOLOGY VN CO., LTD"
iOS Developer,"['kotlin', 'swift', 'swiftui']",On-site,iOS Developer,Candour
iOS Developer,['swift'],Remote,iOS Developer,Priority Pass
iOS Developer,"['java', 'javascript', 'large language models (llms)', 'python', 'sql', 'supabase']",Remote,iOS Developer,Quik Hire Staffing
iOS Developer,"['java', 'node.js', 'python', 'rust']",Remote,iOS Developer,Crossing Hurdles
iOS Developer,"['alamofire', 'git', 'kanban', 'scrum', 'swift', 'swiftui']",Remote,iOS Developer,ManpowerGroup
iOS Developer,"['swift', 'swiftui', 'websockets']",Remote,iOS Developer,Ottomatik.io
iOS Developer,"['arkit', 'android sdk', 'coredata', 'git', 'kotlin', 'machine learning', 'microsoft dynamics 365', 'objective-c', 'servicenow', 'swift', 'swiftui']",Hybrid,iOS Developer,Tenth Revolution Group
iOS Developer,['swift'],Remote,iOS Developer,ZEAL Network SE
iOS Developer,"['git', 'swift', 'swiftui']",Hybrid,iOS Developer,NGAMING
iOS Developer,"['design systems', 'elixir', 'phoenix', 'swift', 'swiftui', 'websockets']",Remote,iOS Developer,Allocator One
iOS Developer,"['git', 'objective-c', 'restful apis', 'swift']",Remote,iOS Developer,Crossing Hurdles
iOS Developer,"['foundation', 'swift', 'swiftui', 'ios sdk']",Hybrid,iOS Developer,Redcare Pharmacy
iOS Developer,"['azure devops', 'babel', 'git', 'jira', 'kanban', 'scrum', 'swift', 'swiftui']",Remote,iOS Developer,Babel
iOS Developer,"['data modeling', 'git', 'swift', 'swiftui']",On-site,iOS Developer,Trackerteer Corporation
iOS Developer,"['git', 'github', 'objective-c', 'restful apis', 'swift']",On-site,iOS Developer,Müller's Solutions
iOS Developer,"['git', 'github', 'gitlab', 'gitlab ci/cd', 'solid principles', 'swift', 'swiftui']",Remote,iOS Developer,Finom
iOS Developer,"['a/b testing', 'less', 'microservices architecture', 'solid principles', 'swift', 'swiftui']",On-site,iOS Developer,Marktplaats
iOS Developer,"['swift', 'swiftui']",Hybrid,iOS Developer,Burns Sheehan
iOS Developer,"['rapid prototyping', 'swift', 'swiftui']",Remote,iOS Developer,CoolPeople
iOS Developer,"['git', 'less', 'restful apis', 'swift', 'swiftui']",Hybrid,iOS Developer,Frekuent
iOS Developer,['swift'],On-site,iOS Developer,SCRL
iOS Developer,"['git', 'objective-c', 'restful apis', 'swift', 'ios sdk']",Hybrid,iOS Developer,Migros One
iOS Developer,['swift'],On-site,iOS Developer,Olisipo
iOS Developer,"['objective-c', 'swift', 'swiftui', 'ios sdk']",Hybrid,iOS Developer,bunq
iOS Developer,"['git', 'restful apis', 'swift', 'swiftui']",On-site,iOS Developer,Kuku
iOS Developer,"['flutter', 'github', 'swift', 'swiftui']",Remote,iOS Developer,FlavorScale
iOS Developer,"['restful apis', 'swift', 'swiftui']",Remote,iOS Developer,HTD Health
iOS Developer,"['github', 'postman', 'restful apis', 'swift']",On-site,iOS Developer,Betsson Group
iOS Developer,"['azure devops', 'github', 'github actions', 'restful apis', 'swift', 'swiftui']",On-site,iOS Developer,TEGNA
iOS Developer,"['git', 'swift', 'websockets']",On-site,iOS Developer,GeoIQ
iOS Developer,"['git', 'swift']",On-site,iOS Developer,dormakaba España
iOS Developer,"['git', 'objective-c', 'swift', 'swiftui']",On-site,iOS Developer,Locknight Technologies
iOS Developer,"['arkit', 'swift', 'swiftui']",Hybrid,iOS Developer,Propel
iOS Developer,"['jenkins', 'swift']",Hybrid,iOS Developer,Trendyol Group
Mobile Developer,"['kotlin', 'less', 'objective-c', 'restful apis', 'swift', 'swiftui']",Remote,iOS Developer,TouchBistro
iOS Developer,"['a/b testing', 'scala', 'swift', 'swiftui']",On-site,iOS Developer,Signify Technology
iOS Developer,"['appium', 'foundation', 'git', 'kotlin', 'objective-c', 'swift', 'swiftui']",On-site,iOS Developer,Eagle Eye Networks
iOS Developer,['soap'],Hybrid,iOS Developer,Turtle Trax S.A.
Android Developer,"['git', 'java', 'kotlin', 'objective-c', 'spring boot', 'swift', 'swiftui']",Hybrid,iOS Developer,Aubay Portugal
iOS Developer,"['computer vision', 'generative ai', 'mlops', 'machine learning', 'swift', 'swiftui']",Remote,iOS Developer,Pento
Mobile Developer,"['dart', 'flutter', 'github', 'github actions']",On-site,Mobile Developer,SparkJoy
Mobile Developer,"['design systems', 'git', 'github', 'github actions', 'jetpack compose', 'kotlin', 'langchain', 'prompt engineering', 'rag (retrieval-augmented generation)', 'restful apis', 'swift', 'swiftui', 'ios sdk']",Remote,Mobile Developer,BIMM
React Native Developer,"['graphql', 'react native']",Remote,Mobile Developer,Enroute
React Native Developer,"['git', 'javascript', 'react native', 'typescript', 'websockets']",On-site,Mobile Developer,MyConstructor.gr
React Native Developer,"['c++', 'github', 'github actions', 'graphql', 'java', 'javascript', 'kotlin', 'mobx', 'objective-c', 'restful apis', 'react native', 'redux', 'sqlite', 'swift', 'typescript', 'websockets', 'zustand', 'grpc']",Remote,Mobile Developer,Flatgigs
Android Developer,"['flutter', 'react native']",Hybrid,Mobile Developer,Aubay Portugal
Mobile Developer,"['git', 'objective-c', 'restful apis', 'react native', 'swift']",On-site,Mobile Developer,InnovationTeam
React Native Developer,"['react native', 'supabase', 'typescript']",Remote,Mobile Developer,Sidekick
Android Developer,"['git', 'java', 'kotlin', 'restful apis', 'react native', 'solid principles']",On-site,Mobile Developer,InnovationTeam
Mobile Developer,"['flutter', 'github', 'swift', 'swiftui']",Remote,Mobile Developer,FlavorScale
Mobile Developer,"['javascript', 'restful apis', 'react native', 'typescript']",On-site,Mobile Developer,Restive
Mobile Developer,"['mobile ui/ux', 'restful apis', 'react native']",Remote,Mobile Developer,Flatgigs
Mobile Developer,"['alamofire', 'swift', 'swiftui']",Hybrid,Mobile Developer,BNL BNP Paribas
Mobile Developer,"['c++', 'computer vision', 'restful apis', 'swift']",Remote,Mobile Developer,Stryker
Mobile Developer,"['kotlin', 'scrum', 'swift', 'xamarin']",Remote,Mobile Developer,FOX IT
Android Developer,"['jetpack compose', 'kotlin', 'scrum']",Hybrid,Mobile Developer,Aubay Luxembourg
React Native Developer,"['graphql', 'react native', 'react.js', 'redux', 'typescript']",On-site,Mobile Developer,TOS Analytics - Pakodemy
Mobile Developer,"['angular', 'bitbucket', 'c#', 'c++', 'git', 'javascript', 'jira', 'microservices architecture', 'node.js', 'sql', 'vue.js']",Remote,Mobile Developer,Harvey Performance Company
Mobile Developer,"['flutter', 'git', 'incident response', 'java', 'kotlin', 'mobile ui/ux', 'objective-c', 'restful apis', 'react native', 'swift']",Hybrid,Mobile Developer,Sphynx
Mobile Developer,"['dart', 'flutter']",Hybrid,Mobile Developer,Compass Group Canada
Mobile Developer,['langchain'],Remote,Mobile Developer,Jobgether
Mobile Developer,"['java', 'kotlin', 'monday.com', 'swift']",Hybrid,Mobile Developer,abra
Mobile Developer,"['dart', 'flutter', 'git', 'java', 'kotlin', 'microsoft azure', 'restful apis', 'swift']",Hybrid,Mobile Developer,Clearview Restaurant Management Software
Mobile Developer,"['css3', 'capacitor', 'cordova', 'docker', 'elasticsearch', 'git', 'gitlab', 'html5', 'jest', 'jira', 'mysql', 'node.js', 'php', 'rabbitmq', 'redis', 'scrum', 'swift', 'swiftui', 'symfony', 'typescript', 'vue.js', 'webpack']",Remote,Mobile Developer,E Net Production
Mobile Developer,"['jetpack compose', 'kotlin']",Remote,Mobile Developer,Mindera
React Native Developer,"['graphql', 'javascript', 'mongodb', 'react native', 'typescript']",Remote,Mobile Developer,OneVest
Mobile Developer,"['angular', 'azure devops', 'capacitor', 'cordova', 'git', 'ionic', 'scrum', 'websockets']",On-site,Mobile Developer,AutoPayPlus
Android Developer,['swiftui'],Remote,Mobile Developer,Nymbus
Mobile Developer,"['flutter', 'kotlin', 'swift']",On-site,Mobile Developer,Exxeta
Mobile Developer,"['android sdk', 'git', 'graphql', 'java', 'jetpack compose', 'kotlin', 'scrum', 'swift', 'swiftui']",Remote,Mobile Developer,Sharesource
Mobile Developer,"['github', 'react native']",Hybrid,Mobile Developer,PIXACOM TECHNOLOGY s.r.o.
Mobile Developer,"['android sdk', 'git', 'kotlin', 'mobile ui/ux', 'restful apis', 'swift', 'ios sdk']",Hybrid,Mobile Developer,Platin Gaming Ltd.
React Native Developer,"['java', 'javascript', 'jest', 'kotlin', 'objective-c', 'restful apis', 'react native', 'react navigation', 'redux', 'solid principles', 'swift', 'zustand']",On-site,Mobile Developer,InnovationTeam
React Native Developer,"['java', 'javascript', 'kotlin', 'react native', 'swift', 'typescript']",Hybrid,Mobile Developer,Konrad
Mobile Developer,"['swift', 'swiftui']",Remote,Mobile Developer,42Labs
Mobile Developer,"['jetpack compose', 'kotlin', 'swift', 'swiftui']",Hybrid,Mobile Developer,Bemobile
Mobile Developer,"['bitbucket', 'java', 'jenkins', 'kotlin', 'objective-c', 'swift']",Hybrid,Mobile Developer,NPAW
Mobile Developer,"['flutter', 'kotlin', 'restful apis', 'react native', 'swift']",Hybrid,Mobile Developer,Knowtex
Mobile Developer,"['foundation', 'kotlin', 'swiftui', 'technical writing']",On-site,Mobile Developer,Ditto
Mobile Developer,"['angular', 'azure devops', 'c#', 'github', 'scrum', 'xamarin']",On-site,Mobile Developer,PDI Technologies
Mobile Developer,"['java', 'kotlin', 'objective-c', 'react native', 'swift']",Hybrid,Mobile Developer,Rublon
Flutter Developer,"['c#', 'c++', 'dart', 'figma', 'flutter', 'git', 'java', 'jenkins', 'kotlin', 'lua', 'restful apis', 'swift']",Hybrid,Flutter Developer,Supono Holdings LTD
Flutter Developer,"['dart', 'flutter', 'git', 'kanban', 'scrum']",Hybrid,Flutter Developer,BtcTurk | Teknoloji
Flutter Developer,"['dart', 'flutter', 'java', 'node.js', 'python', 'typescript']",Remote,Flutter Developer,LABHOUSE
Flutter Developer,"['dart', 'flutter']",Remote,Flutter Developer,Holafly
Flutter Developer,"['dart', 'flutter', 'git', 'github']",Hybrid,Flutter Developer,TTMS Schweiz AG
Flutter Developer,"['dart', 'flutter', 'node.js', 'object-oriented programming (oop)']",Hybrid,Flutter Developer,Aubay Portugal
Flutter Developer,"['dart', 'design systems', 'figma', 'flutter', 'git', 'kanban', 'microservices architecture', 'scrum']",Hybrid,Flutter Developer,Addition
Flutter Developer,"['angular', 'flutter', 'java', 'laravel', 'microsoft azure', 'php', 'power bi', 'sharepoint development', 'shopify development', 'woocommerce', 'wordpress development']",On-site,Flutter Developer,AMAEKA TECHNOLOGIES
Flutter Developer,"['dart', 'flutter']",Remote,Flutter Developer,Holafly
Flutter Developer,"['flutter', 'mysql', 'php']",On-site,Flutter Developer,Interface Sense Consulting | Zoho Premium Partner
Flutter Developer,"['dart', 'flutter', 'java', 'kotlin', 'solid principles', 'swift']",On-site,Flutter Developer,BrainRocket
Flutter Developer,"['agile methodology', 'dart', 'flutter', 'git']",Remote,Flutter Developer,Softnauts - AI Software Development Company
Flutter Developer,"['dart', 'domain-driven design (ddd)', 'flutter', 'git', 'github', 'github actions', 'gitlab', 'java', 'kotlin']",Remote,Flutter Developer,Salmon Group Ltd
Flutter Developer,"['flutter', 'java', 'kotlin', 'objective-c', 'swift']",On-site,Flutter Developer,MBANK
Flutter Developer,"['flutter', 'javascript', 'restful apis', 'typescript', 'ios sdk']",Hybrid,Flutter Developer,Dealer Automation Technologies
Flutter Developer,"['deep learning', 'flutter', 'microservices architecture']",Remote,Flutter Developer,POSLABS Inc.
Flutter Developer,"['flutter', 'objective-c', 'swift']",On-site,Flutter Developer,Mass Tech Bytes
Flutter Developer,"['android sdk', 'dart', 'flutter', 'github', 'java', 'kotlin', 'restful apis']",On-site,Flutter Developer,Ksoft Technologies
Flutter Developer,"['dart', 'flutter', 'mobile ui/ux', 'scrum']",On-site,Flutter Developer,ExecutivePlacements.com
Flutter Developer,"['dart', 'flutter']",Hybrid,Flutter Developer,allaboutapps
Flutter Developer,"['azure devops', 'cloud firestore', 'dart', 'flutter', 'git', 'gitlab', 'jira', 'scrum']",Remote,Flutter Developer,Weblatic
Flutter Developer,"['dart', 'flutter', 'graphql', 'machine learning', 'restful apis', 'websockets']",On-site,Flutter Developer,Tradelab Technologies
Flutter Developer,['flutter'],On-site,Flutter Developer,Beanz
Flutter Developer,"['dart', 'flutter', 'solid principles']",On-site,Flutter Developer,BrainRocket
Flutter Developer,"['dart', 'design systems', 'figma', 'flutter', 'foundation', 'graphql', 'javascript', 'scrum', 'typescript']",Hybrid,Flutter Developer,Jit Team
Flutter Developer,"['dart', 'figma', 'flutter', 'monday.com', 'websockets']",On-site,Flutter Developer,abra
Flutter Developer,"['flutter', 'git', 'jest', 'python', 'retrofit', 'scrum', 'typescript']",Hybrid,Flutter Developer,Accenture Poland
Flutter Developer,['flutter'],On-site,Flutter Developer,"JWay Group, Inc."
Flutter Developer,"['dart', 'flutter', 'git', 'java', 'kotlin', 'swift']",Remote,Flutter Developer,Undelucram.ro
Flutter Developer,"['dart', 'flutter', 'git']",On-site,Flutter Developer,Woxa Group
Mobile Developer,['flutter'],Hybrid,Flutter Developer,Movilges
Flutter Developer,"['a/b testing', 'dart', 'datadog', 'docker', 'flutter', 'git', 'github', 'github actions', 'graphql', 'java', 'kotlin', 'kubernetes', 'swift']",On-site,Flutter Developer,Liven
Flutter Developer,"['dart', 'flutter', 'foundation', 'git', 'mobile ui/ux', 'restful apis']",On-site,Flutter Developer,Encora Inc.
Mobile Developer,"['flutter', 'mendix', 'outsystems']",On-site,Flutter Developer,Movilges IT Consulting
Flutter Developer,"['dart', 'flutter', 'java', 'kotlin', 'solid principles', 'swift']",On-site,Flutter Developer,BrainRocket
Flutter Developer,"['design systems', 'flutter', 'foundation', 'google cloud platform (gcp)']",Hybrid,Flutter Developer,Jit Team
Flutter Developer,"['c#', 'flutter', 'git', 'jira', 'mysql', 'phoenix']",Hybrid,Flutter Developer,"Phoenix One Knowledge Solutions, Inc."
Flutter Developer,"['dart', 'figma', 'flutter', 'functional programming', 'git', 'github', 'github actions', 'gitlab', 'java', 'jira', 'kotlin', 'restful apis', 'sqlite', 'scrum', 'swift']",Remote,Flutter Developer,Stack Builders
Flutter Developer,"['bitbucket', 'flutter', 'git', 'github']",On-site,Flutter Developer,Developers Hub (Pvt.) Ltd
Flutter Developer,"['flutter', 'java', 'objective-c', 'swift']",Remote,Flutter Developer,BairesDev
Flutter Developer,"['dart', 'flutter', 'solid principles']",On-site,Flutter Developer,BrainRocket
Flutter Developer,"['dart', 'flutter']",Hybrid,Flutter Developer,Kobe Apps
Flutter Developer,"['flutter', 'java', 'objective-c', 'swift']",Remote,Flutter Developer,BairesDev
Flutter Developer,"['flutter', 'git', 'jest', 'kotlin', 'retrofit', 'scrum', 'swift']",Hybrid,Flutter Developer,Accenture Poland
React Native Developer,"['bitbucket', 'github', 'java', 'javascript', 'jira', 'react native', 'swift', 'visual design']",On-site,React Native Developer,Ndax
React Native Developer,"['git', 'gitlab', 'graphql', 'java', 'javascript', 'kotlin', 'react native', 'redux', 'swift', 'typescript', 'zustand']",Remote,React Native Developer,BrightOrder Inc.
React Native Developer,"['javascript', 'node.js', 'react native']",Remote,React Native Developer,Technomax
React Native Developer,"['graphql', 'java', 'javascript', 'objective-c', 'react native', 'redux', 'scrum', 'swift', 'typescript', 'zustand']",Remote,React Native Developer,PRYPCO
React Native Developer,"['foundation', 'git', 'gitlab', 'graphql', 'java', 'javascript', 'kotlin', 'react native', 'redux', 'swift', 'typescript', 'zustand']",Remote,React Native Developer,Jobgether
React Native Developer,"['git', 'javascript', 'less', 'mobx', 'mobile ui/ux', 'restful apis', 'react native', 'redux', 'swift']",On-site,React Native Developer,سويتر | Sweater
React Native Developer,"['cypress', 'javascript', 'jest', 'mongodb', 'nestjs', 'react native', 'redux', 'typescript']",Hybrid,React Native Developer,fleetster
React Native Developer,"['git', 'javascript', 'mocha', 'react native', 'typescript']",On-site,React Native Developer,CoreFlex Solutions Inc.
React Native Developer,"['graphql', 'javascript', 'restful apis', 'react native']",On-site,React Native Developer,coursefinder.ai
React Native Developer,"['computer vision', 'git', 'graphql', 'java', 'javascript', 'kotlin', 'machine learning', 'mobx', 'natural language processing (nlp)', 'objective-c', 'restful apis', 'react native', 'redux', 'swift', 'typescript']",On-site,React Native Developer,YO IT Consulting
React Native Developer,"['javascript', 'next.js', 'react native', 'react.js', 'redux']",Remote,React Native Developer,Pubgenius Inc.
React Native Developer,"['javascript', 'react native', 'redux']",Hybrid,React Native Developer,Artists Affiliated Pvt Ltd
React Native Developer,"['git', 'javascript', 'jest', 'jira', 'machine learning', 'mocha', 'react native', 'react.js', 'redux', 'sql']",Remote,React Native Developer,Zyple Software Solutions Pvt Ltd | SAP Business One Partner
React Native Developer,"['babel', 'cross-browser compatibility', 'git', 'javascript', 'jest', 'restful apis', 'react native', 'react.js', 'redux', 'scrum', 'test-driven development (tdd)', 'typescript', 'webpack']",Hybrid,React Native Developer,Devoteam
React Native Developer,['react native'],Hybrid,React Native Developer,Capitole
React Native Developer,"['javascript', 'react native', 'supabase', 'typescript']",Hybrid,React Native Developer,Fleming
React Native Developer,"['adobe commerce (magento)', 'javascript', 'react native', 'scrum', 'typescript']",Hybrid,React Native Developer,Grinteq
React Native Developer,"['express.js', 'javascript', 'mongodb', 'react native', 'redux', 'sql', 'tailwind css', 'vercel']",Remote,React Native Developer,Wing Assistant
React Native Developer,"['git', 'graphql', 'javascript', 'mobx', 'restful apis', 'react native', 'redux', 'typescript', 'zustand']",On-site,React Native Developer,Kognito Kube Private Limited
React Native Developer,"['devsecops', 'git', 'java', 'javascript', 'kotlin', 'objective-c', 'react native', 'scrum', 'swift', 'typescript']",On-site,React Native Developer,Umpisa Inc
React Native Developer,"['appium', 'functional programming', 'javascript', 'jest', 'react native', 'redux', 'typescript']",Remote,React Native Developer,Eureka Labs
React Native Developer,"['c++', 'java', 'javascript', 'kotlin', 'objective-c', 'react native', 'redux', 'swift', 'websockets']",Remote,React Native Developer,Tether.io
React Native Developer,"['azure devops', 'git', 'graphql', 'java', 'javascript', 'jenkins', 'jest', 'kanban', 'kotlin', 'objective-c', 'react native', 'react navigation', 'redux', 'scrum', 'swift', 'typescript']",Hybrid,React Native Developer,YellowIpe
React Native Developer,"['javascript', 'react native', 'supabase', 'typescript']",Hybrid,React Native Developer,Fleming
React Native Developer,"['javascript', 'odoo', 'react native', 'redux']",On-site,React Native Developer,PT IKONSULTAN INOVATAMA
React Native Developer,"['express.js', 'javascript', 'mongodb', 'react native', 'redux', 'sql', 'tailwind css', 'vercel']",Remote,React Native Developer,Wing Assistant - India
React Native Developer,"['auth0', 'graphql', 'javascript', 'jest', 'lottie', 'machine learning', 'react native', 'redux', 'typescript', 'zustand']",On-site,React Native Developer,Natobotics
React Native Developer,"['babel', 'git', 'javascript', 'jest', 'react native', 'typescript']",On-site,React Native Developer,CMC Global Company Limited.
React Native Developer,"['javascript', 'react native']",Remote,React Native Developer,P2P.org
React Native Developer,"['design systems', 'javascript', 'react native', 'typescript']",Hybrid,React Native Developer,Randstad Digital New Zealand
React Native Developer,"['angular', 'java', 'javascript', 'laravel', 'microsoft azure', 'php', 'power bi', 'react native', 'sharepoint development', 'shopify development', 'woocommerce', 'wordpress development']",On-site,React Native Developer,AMAEKA TECHNOLOGIES
React Native Developer,"['babel', 'functional programming', 'git', 'javascript', 'jest', 'mocha', 'node.js', 'react native', 'scrum', 'visual design', 'webpack']",On-site,React Native Developer,ServCrust
React Native Developer,"['graphql', 'javascript', 'react native']",On-site,React Native Developer,LUDEX
React Native Developer,"['java', 'javascript', 'kotlin', 'react native', 'swift', 'typescript']",Hybrid,React Native Developer,Konrad
React Native Developer,"['devsecops', 'graphql', 'javascript', 'mobile ui/ux', 'react native', 'react navigation', 'servicenow', 'typescript']",Remote,React Native Developer,Chabre
React Native Developer,"['codeigniter', 'javascript', 'react native', 'redux', 'typescript']",On-site,React Native Developer,AVR Software Private Limited
React Native Developer,"['html5', 'javascript', 'jest', 'react native', 'redux']",On-site,React Native Developer,Envision Technology Solutions
React Native Developer,"['angular', 'git', 'javascript', 'mongodb', 'mysql', 'python', 'react native', 'scrum', 'vue.js']",On-site,React Native Developer,Benthon Labs Pvt Ltd
React Native Developer,"['bootstrap', 'css3', 'git', 'html5', 'javascript', 'mobx', 'postcss', 'react native', 'redux', 'scrum', 'webpack']",On-site,React Native Developer,SolidBrain
React Native Developer,"['git', 'github', 'github actions', 'graphql', 'java', 'javascript', 'kotlin', 'react native', 'redux', 'swift', 'typescript', 'zustand']",Hybrid,React Native Developer,Infolitz Software Private Limited
React Native Developer,"['babel', 'dom manipulation', 'git', 'javascript', 'restful apis', 'react native', 'redux', 'webpack']",On-site,React Native Developer,Uridium Technologies
React Native Developer,"['javascript', 'jest', 'mocha', 'react native', 'typescript']",On-site,React Native Developer,Consulligent
React Native Developer,"['angular', 'git', 'java', 'javascript', 'mobile ui/ux', 'node.js', 'php', 'python', 'restful apis', 'react native', 'redux', 'ruby', 'typescript']",Remote,React Native Developer,Bluelight
Golang Developer,"['ansible', 'clickhouse', 'docker', 'grafana', 'kubernetes', 'mongodb', 'mysql', 'prometheus', 'query optimization', 'redis', 'sql', 'grpc']",Remote,Golang Developer,Exinity
Golang Developer,"['data modeling', 'docker', 'github', 'kubernetes', 'restful apis', 'grpc']",Hybrid,Golang Developer,Dailymotion
Golang Developer,"['git', 'machine learning']",On-site,Golang Developer,ZopSmart
Golang Developer,"['docker', 'foundation', 'go (golang)', 'kubernetes', 'machine learning', 'notion', 'openid connect', 'saml', 'siem']",Remote,Golang Developer,Sophos
Golang Developer,"['docker', 'git', 'grafana', 'kubernetes', 'prometheus', 'restful apis', 'rabbitmq']",Hybrid,Golang Developer,YellowIpe
Java Developer,"['docker', 'github', 'github actions', 'gitlab', 'java', 'jenkins', 'kubernetes', 'microservices architecture', 'restful apis', 'rabbitmq', 'spring boot']",On-site,Java Developer,TAT IT Technolgies
Java Developer,"['cassandra', 'clickhouse', 'git', 'hibernate', 'java', 'javascript', 'microservices architecture', 'mongodb', 'mysql', 'object-oriented programming (oop)', 'postgresql', 'rabbitmq', 'redis', 'soap', 'sql', 'spring boot']",Hybrid,Java Developer,Finartz Connect
Java Developer,"['activemq', 'java']",Remote,Java Developer,CEIPAL
Java Developer,"['devsecops', 'docker', 'git', 'github', 'junit', 'java', 'javascript', 'jenkins', 'kubernetes', 'mongodb', 'restful apis', 'rapid prototyping', 'sonarqube', 'swift']",Remote,Java Developer,Mobomo
Java Developer,"['angular', 'c++', 'git', 'hibernate', 'java', 'javascript', 'mysql', 'postgresql', 'sql']",Hybrid,Java Developer,"Neural Strategic Solutions, Inc."
Java Developer,"['elasticsearch', 'java', 'javascript', 'mongodb', 'sql']",On-site,Java Developer,"Makowsky Ringel Greenberg, LLC"
Java Developer,"['hibernate', 'java', 'microservices architecture', 'mysql', 'postgresql', 'restful apis', 'sql', 'scrum', 'spring boot']",On-site,Java Developer,Information Tech Consultants
Java Developer,"['git', 'java', 'mysql', 'postgresql', 'restful apis', 'sql', 'spring boot']",Hybrid,Java Developer,WorldFirst
Java Developer,"['java', 'javascript', 'large language models (llms)', 'python', 'sql', 'supabase']",Remote,Java Developer,Quik Hire Staffing
Java Developer,"['graphql', 'java', 'spring boot']",Remote,Java Developer,Crossing Hurdles
Java Developer,['java'],On-site,Java Developer,The Recruitment Company
Java Developer,"['angular', 'docker', 'java', 'kubernetes', 'microservices architecture', 'restful apis']",Remote,Java Developer,Jobgether
Java Developer,"['foundation', 'git', 'java', 'jenkins', 'microservices architecture', 'restful apis', 'sql', 'spring boot']",Hybrid,Java Developer,LaunchCode
Java Developer,"['azure functions', 'docker', 'google cloud platform (gcp)', 'java', 'kubernetes', 'spring boot']",Remote,Java Developer,Kirey
Java Developer,"['docker', 'git', 'hibernate', 'java', 'javascript', 'kubernetes', 'mysql', 'postgresql', 'sql', 'spring boot']",Hybrid,Java Developer,Gravitix Tech
Java Developer,"['docker', 'java', 'microservices architecture', 'restful apis', 'spring boot']",Hybrid,Java Developer,Capgemini
FullStack Developer,"['asp.net core', 'azure devops', 'git', 'java', 'microservices architecture', 'postman', 'restful apis', 'solid principles', 'sql', 'scrum', 'spring boot']",Remote,Java Developer,"O2 Technologies,Inc"
Java Developer,"['git', 'hibernate', 'java', 'sql', 'spring boot']",Remote,Java Developer,agap2 España
Java Developer,"['git', 'java', 'mysql', 'postgresql', 'redis', 'spring boot']",Remote,Java Developer,Atmosware
FullStack Developer,"['git', 'hibernate', 'junit', 'java', 'jenkins', 'restful apis', 'react.js', 'redux', 'soap', 'sql', 'splunk', 'spring boot', 'typescript']",Hybrid,Java Developer,PRACYVA
Java Developer,"['couchbase', 'junit', 'java', 'mongodb']",Remote,Java Developer,Capitole
Java Developer,"['html5', 'java', 'javascript', 'restful apis', 'sql']",Hybrid,Java Developer,CMiC
Java Developer,"['git', 'junit', 'java', 'microservices architecture', 'scrum', 'spring boot']",On-site,Java Developer,XDIN
Java Developer,"['cucumber', 'docker', 'github', 'github actions', 'java', 'kubernetes', 'mysql', 'spring boot']",Hybrid,Java Developer,Pharmacy2U | Certified B Corp
Java Developer,"['java', 'kanban', 'machine learning', 'microsoft dynamics 365', 'scrum', 'servicenow', 'spring boot']",Hybrid,Java Developer,Tenth Revolution Group
Java Developer,"['foundation', 'git', 'junit', 'java', 'microservices architecture', 'mongodb', 'mysql', 'scrum']",Remote,Java Developer,Inspired Thinking Group (ITG)
Java Developer,"['angular', 'git', 'hibernate', 'java', 'spring cloud']",Remote,Java Developer,EUROPEAN DYNAMICS
Java Developer,['java'],On-site,Java Developer,Winaxis LLC
Java Developer,"['c++', 'docker', 'java', 'kubernetes', 'mysql', 'oracle database', 'sql', 'shell scripting']",On-site,Java Developer,Comviva
Java Developer,"['docker', 'git', 'hibernate', 'junit', 'java', 'microservices architecture', 'mysql', 'postgresql', 'restful apis', 'sql', 'spring boot']",On-site,Java Developer,Infinite Computer Solutions
Java Developer,"['ansible', 'docker', 'git', 'github', 'java', 'jenkins', 'kubernetes', 'microservices architecture', 'mysql', 'sql', 'spring boot']",Hybrid,Java Developer,Davy
Java Developer,"['couchbase', 'junit', 'java', 'jest', 'mongodb', 'spring boot']",Remote,Java Developer,Capitole
Java Developer,"['agile methodology', 'git', 'gitlab', 'java', 'jenkins', 'restful apis', 'sonarqube', 'spring boot']",Hybrid,Java Developer,Asenium Consulting
Java Developer,"['confluence', 'github', 'gitlab', 'grafana', 'junit', 'java', 'jira', 'kubernetes', 'mongodb', 'postgresql', 'prometheus', 'rabbitmq', 'redis', 'scrum', 'grpc']",Remote,Java Developer,XTB online investing
Java Developer,"['bitbucket', 'cucumber', 'junit', 'java', 'jest', 'postgresql', 'restful apis', 'selenium', 'serverless architecture']",Hybrid,Java Developer,Vix Technology
Java Developer,"['c++', 'java', 'sql']",On-site,Java Developer,Glint Tech Solutions
Java Developer,"['azure devops', 'git', 'hibernate', 'junit', 'java', 'machine learning', 'mongodb', 'soap', 'sql', 'snowflake', 'spring boot', 'spring cloud', 'typescript']",On-site,Java Developer,Snowrelic Inc
Java Developer,"['confluence', 'java', 'javascript', 'jira', 'kotlin', 'sql']",Hybrid,Java Developer,Vallum Associates
Java Developer,"['angular', 'azure devops', 'docker', 'git', 'github', 'github actions', 'java', 'jenkins', 'kubernetes', 'mongodb', 'object-oriented programming (oop)', 'postgresql', 'restful apis', 'rabbitmq', 'sql', 'scrum', 'spring boot']",Hybrid,Java Developer,AgileSource Ltd
Java Developer,"['appdynamics', 'cassandra', 'java', 'mongodb', 'redis', 'sql', 'splunk', 'spring boot']",On-site,Java Developer,Glint Tech Solutions
Java Developer,"['cassandra', 'docker', 'domain-driven design (ddd)', 'dynamodb', 'functional programming', 'git', 'github', 'github actions', 'java', 'jenkins', 'machine learning', 'mongodb', 'mysql', 'postgresql', 'prompt engineering', 'python', 'restful apis', 'redis', 'sql', 'scrum', 'spring boot']",Remote,Java Developer,Sciata
Game Programmer,"['angular', 'ansible', 'appdynamics', 'datadog', 'docker', 'dynamodb', 'git', 'java', 'javascript', 'jenkins', 'kubernetes', 'microservices architecture', 'node.js', 'postgresql', 'sql', 'sonarqube', 'spring boot', 'terraform', 'typescript']",Remote,Java Developer,Revolutional
Java Developer,"['java', 'microservices architecture', 'spring boot']",On-site,Java Developer,Comviva
Java Developer,"['behavior-driven development (bdd)', 'hibernate', 'junit', 'java', 'mongodb', 'spring boot', 'test-driven development (tdd)']",Hybrid,Java Developer,Capgemini
Java Developer,"['junit', 'java', 'mongodb', 'postgresql', 'sql', 'spring boot']",Remote,Java Developer,Excelia
Java Developer,"['informatica', 'java', 'sql']",Remote,Java Developer,ADENTIS Italia
Java Developer,"['computer vision', 'github', 'graphql', 'java', 'machine learning', 'natural language processing (nlp)']",Remote,Java Developer,YO IT Consulting
PHP Developer,"['computer vision', 'laravel', 'machine learning', 'natural language processing (nlp)', 'node.js', 'php']",Remote,PHP Developer,YO IT Consulting
PHP Developer,"['laravel', 'mysql', 'php']",Hybrid,PHP Developer,FORT
PHP Developer,"['laravel', 'php', 'restful apis']",Remote,PHP Developer,IT Recruitment Solutions
PHP Developer,"['git', 'javascript', 'laravel', 'mysql', 'php']",On-site,PHP Developer,Keyutech
PHP Developer,"['bamboo', 'bash', 'bitbucket', 'c#', 'docker', 'git', 'github', 'jenkins', 'jira', 'mariadb', 'nginx', 'php', 'sql']",Remote,PHP Developer,Acentra Health
PHP Developer,"['docker', 'git', 'javascript', 'mysql', 'php', 'redis']",Remote,PHP Developer,Delaney & Bourton
PHP Developer,"['docker', 'git', 'kubernetes', 'mongodb', 'php', 'symfony']",Remote,PHP Developer,PrimeIT España
PHP Developer,"['java', 'javascript', 'large language models (llms)', 'php', 'python', 'sql', 'supabase']",Remote,PHP Developer,Quik Hire Staffing
PHP Developer,"['ansible', 'couchbase', 'cypress', 'docker', 'git', 'kubernetes', 'laravel', 'mongodb', 'mysql', 'php', 'puppet', 'rabbitmq', 'scrum', 'symfony', 'terraform']",Hybrid,PHP Developer,HeyBlu
PHP Developer,"['css3', 'html5', 'javascript', 'laravel', 'mysql', 'php']",Remote,PHP Developer,Btab Group
PHP Developer,"['argocd', 'docker', 'git', 'github', 'github actions', 'grafana', 'kubernetes', 'laravel', 'php', 'postgresql', 'redis']",Remote,PHP Developer,airSlate
PHP Developer,"['git', 'laravel', 'mysql', 'php', 'symfony']",Hybrid,PHP Developer,thor consulting GmbH
Web Developer,"['javascript', 'php', 'scrum', 'symfony']",Hybrid,PHP Developer,LINK Mobility
FullStack Developer,"['git', 'javascript', 'laravel', 'php', 'sql', 'vue.js']",Hybrid,PHP Developer,Yolk Recruitment Ltd
Back End Developer,"['azure devops', 'laravel', 'php', 'sql']",Remote,PHP Developer,Custom Connect
PHP Developer,"['docker', 'git', 'javascript', 'mysql', 'php', 'sql']",Hybrid,PHP Developer,classid
PHP Developer,"['javascript', 'php']",On-site,PHP Developer,Zusthire
PHP Developer,"['codeigniter', 'git', 'laravel', 'mysql', 'php', 'symfony']",On-site,PHP Developer,Shopkit
PHP Developer,"['codeigniter', 'mysql', 'php']",On-site,PHP Developer,InfoNix WebLab
PHP Developer,"['docker', 'flutter', 'javascript', 'laravel', 'php', 'sql']",Hybrid,PHP Developer,IT Search
PHP Developer,['php'],On-site,PHP Developer,Jirabytes Technologies
FullStack Developer,"['bitbucket', 'jira', 'mariadb', 'mysql', 'php', 'sql', 'workday']",Remote,PHP Developer,Swapcard
Back End Developer,"['docker', 'jenkins', 'php']",Hybrid,PHP Developer,BaseKit | B Corp™
PHP Developer,"['git', 'javascript', 'mysql', 'php']",On-site,PHP Developer,BeyondEdge
PHP Developer,"['codeigniter', 'docker', 'git', 'grafana', 'javascript', 'laravel', 'memcached', 'mysql', 'new relic', 'php', 'query optimization', 'rabbitmq', 'redis', 'solid principles', 'symfony', 'vue.js']",Remote,PHP Developer,Sanoma Learning
PHP Developer,"['google bigquery', 'mysql', 'php', 'symfony']",Hybrid,PHP Developer,Gameloft Bucharest
PHP Developer,"['javascript', 'laravel', 'php', 'scrum', 'vue.js']",On-site,PHP Developer,Haystack People
PHP Developer,"['git', 'html5', 'javascript', 'memcached', 'mysql', 'php', 'redis', 'scrum']",Remote,PHP Developer,Gomag
PHP Developer,"['github', 'php', 'postgresql', 'scrum']",Remote,PHP Developer,Sophilabs
PHP Developer,"['laravel', 'php', 'symfony']",On-site,PHP Developer,team.it
PHP Developer,"['elasticsearch', 'git', 'github', 'github actions', 'java', 'javascript', 'laravel', 'mysql', 'nginx', 'php', 'postgresql', 'python', 'redis', 'tailwind css', 'typescript']",On-site,PHP Developer,3D-ICT
PHP Developer,"['php', 'symfony']",Remote,PHP Developer,Ness Solution
PHP Developer,"['codeigniter', 'java', 'mysql', 'php']",On-site,PHP Developer,Web IT Namo
PHP Developer,['php'],On-site,PHP Developer,Alexander Lyons Solutions
PHP Developer,"['git', 'javascript', 'laravel', 'mysql', 'php', 'symfony']",Hybrid,PHP Developer,Affinity
PHP Developer,"['javascript', 'machine learning', 'mysql', 'php']",On-site,PHP Developer,Finserve Infotech
PHP Developer,"['docker', 'echo', 'git', 'laravel', 'mysql', 'php', 'symfony']",Hybrid,PHP Developer,UpcoMinds
PHP Developer,['php'],Remote,PHP Developer,YO IT Consulting
Python Developer,['python'],Hybrid,Python Developer,Largeton Group
Python Developer,"['django', 'python']",Remote,Python Developer,Kinamic
Python Developer,"['c#', 'c++', 'django', 'fastapi', 'flask', 'java', 'numpy', 'pandas', 'python', 'sql']",Hybrid,Python Developer,Hunter Bond
Python Developer,"['jira', 'kubernetes', 'mongodb', 'python', 'sql']",Remote,Python Developer,AgileGrid Solutions
Python Developer,"['git', 'perl', 'python', 'reverse engineering', 'selenium']",Hybrid,Python Developer,Tata Consultancy Services
Python Developer,"['burp suite', 'metasploit', 'nmap', 'python', 'wireshark']",Remote,Python Developer,Evolve
Python Developer,"['agile methodology', 'jira', 'kubernetes', 'python', 'sql']",Remote,Python Developer,GuruSchools LLC
Python Developer,"['jupyter notebooks', 'numpy', 'pandas', 'python', 'scikit-learn']",Remote,Python Developer,Evolve
Python Developer,"['c#', 'junit', 'java', 'javascript', 'jest', 'pytest', 'python', 'typescript']",Remote,Python Developer,Anyone AI
Python Developer,"['apache flink', 'fastapi', 'java', 'postgresql', 'python', 'redis']",Remote,Python Developer,Paradigma Digital
Python Developer,"['cloud run', 'generative ai', 'langchain', 'load balancing', 'mlops', 'neo4j', 'prompt engineering', 'python', 'vertex ai']",Remote,Python Developer,Deloitte
Python Developer,"['databricks', 'docker', 'fastapi', 'git', 'kubernetes', 'python', 'sql', 'snowflake']",Remote,Python Developer,Akens\Nordburg
Python Developer,"['mongodb', 'mysql', 'postgresql', 'python', 'react.js', 'sql']",Hybrid,Python Developer,Scoutit
Python Developer,"['ansible', 'chef', 'docker', 'elasticsearch', 'git', 'incident response', 'kubernetes', 'mongodb', 'phoenix', 'puppet', 'python', 'soap', 'splunk', 'terraform']",Remote,Python Developer,Phoenix Cyber
Python Developer,['python'],Remote,Python Developer,Altia
Python Developer,"['machine learning', 'python']",Remote,Python Developer,Hays
Python Developer,"['docker', 'fastapi', 'grafana', 'helm', 'kubernetes', 'microservices architecture', 'mongodb', 'prometheus', 'python', 'restful apis', 'rabbitmq']",Hybrid,Python Developer,Us3 Consulting
Python Developer,"['c#', 'junit', 'java', 'javascript', 'jest', 'pytest', 'python', 'typescript']",Remote,Python Developer,Anyone AI
Python Developer,"['git', 'javascript', 'odoo', 'postgresql', 'python']",On-site,Python Developer,FUTTEC a.s.
Python Developer,"['django', 'flutter', 'generative ai', 'large language models (llms)', 'machine learning', 'python']",Remote,Python Developer,AppTailors
Python Developer,"['azure devops', 'confluence', 'docker', 'fastapi', 'github', 'github actions', 'helm', 'jira', 'microservices architecture', 'python']",Hybrid,Python Developer,Us3 Consulting
Python Developer,"['numpy', 'pandas', 'python', 'sql']",Hybrid,Python Developer,Durlston Partners
Python Developer,"['ansible', 'chef', 'docker', 'elasticsearch', 'git', 'incident response', 'kubernetes', 'mongodb', 'phoenix', 'puppet', 'python', 'soap', 'splunk', 'terraform']",Remote,Python Developer,Phoenix Cyber
Python Developer,"['django', 'docker', 'fastapi', 'flask', 'informatica', 'java', 'numpy', 'pandas', 'python']",Hybrid,Python Developer,PRIMATON
Python Developer,"['celery', 'devsecops', 'elasticsearch', 'fastapi', 'informatica', 'python']",Remote,Python Developer,Azienda Riservata Italia
Python Developer,"['appium', 'docker', 'helm', 'java', 'javascript', 'kubernetes', 'php', 'python', 'selenium', 'typescript']",On-site,Python Developer,Tribe
Python Developer,['python'],Remote,Python Developer,BMAT Music Innovators
Python Developer,"['azure devops', 'd3.js', 'data cleansing', 'databricks', 'django', 'fastapi', 'flask', 'github', 'github actions', 'plotly', 'python', 'react.js', 'sql']",On-site,Python Developer,DNS Info Ltd
Python Developer,['python'],Remote,Python Developer,trg.recruitment
Python Developer,"['burp suite', 'machine learning', 'nmap', 'owasp top 10', 'penetration testing', 'prompt engineering', 'python']",Hybrid,Python Developer,Samsung Electronics Polska
Python Developer,['python'],On-site,Python Developer,Radley James
Python Developer,"['django', 'fastapi', 'flask', 'git', 'machine learning', 'microsoft dynamics 365', 'python', 'servicenow']",Hybrid,Python Developer,Tenth Revolution Group
Python Developer,"['docker', 'langchain', 'llamaindex', 'load balancing', 'memcached', 'milvus', 'pinecone', 'pytorch', 'python', 'redis', 'sql', 'tensorflow', 'weaviate', 'websockets', 'grpc']",On-site,Python Developer,StockWiz Technologies LLP
Python Developer,"['c#', 'c++', 'cocos2d-x', 'junit', 'java', 'javascript', 'jest', 'pytest', 'python', 'ruby', 'typescript']",Remote,Python Developer,Anyone AI
Python Developer,"['c++', 'git', 'java', 'python']",Remote,Python Developer,Suade
Back End Developer,"['fastapi', 'flask', 'python', 'terraform', 'typescript', 'vercel']",Hybrid,Python Developer,The Developer Link
Python Developer,['python'],Hybrid,Python Developer,Skillbase Group
Python Developer,['python'],Remote,Python Developer,Peaple Talent
Back End Developer,"['postgresql', 'python', 'sql']",Remote,Python Developer,Solas IT Recruitment
Python Developer,"['bitbucket', 'docker', 'elasticsearch', 'less', 'mongodb', 'postgresql', 'python']",Remote,Python Developer,BMAT Music Innovators
Python Developer,"['c++', 'cocos2d-x', 'computer vision', 'github', 'graphql', 'java', 'machine learning', 'natural language processing (nlp)', 'python', 'ruby']",Remote,Python Developer,YO IT Consulting
Python Developer,['python'],Hybrid,Python Developer,VirtueTech Recruitment Group
Python Developer,"['computer vision', 'docker', 'kubernetes', 'mongodb', 'mysql', 'postgresql', 'python', 'redis', 'reverse engineering']",Remote,Python Developer,Kalpa
Python Developer,"['c#', 'junit', 'java', 'javascript', 'jest', 'pytest', 'python', 'typescript']",Remote,Python Developer,Anyone AI
Python Developer,"['docker', 'fastapi', 'git', 'machine learning', 'python']",On-site,Python Developer,Digitap.ai
Python Developer,['python'],Hybrid,Python Developer,Haystack
Python Developer,"['django', 'fastapi', 'flask', 'python', 'technical writing']",Remote,Python Developer,Alignerr
Python Developer,"['django', 'flask', 'javascript', 'mysql', 'postgresql', 'python']",Hybrid,Python Developer,Adecco
NodeJS Developer,"['javascript', 'mongodb', 'nestjs', 'rust', 'typescript']",Hybrid,NodeJS Developer,BlockBen
NodeJS Developer,"['cassandra', 'docker', 'dynamodb', 'github', 'github actions', 'gitlab', 'graphql', 'javascript', 'jenkins', 'less', 'microservices architecture', 'mongodb', 'nestjs', 'node.js', 'redis', 'typescript']",Remote,NodeJS Developer,Setanta Sports
NodeJS Developer,"['foundation', 'java', 'javascript']",On-site,NodeJS Developer,SOFTSERV INC
NodeJS Developer,"['docker', 'javascript', 'kubernetes', 'mongodb', 'nestjs', 'owasp top 10', 'swift', 'typescript']",Remote,NodeJS Developer,Smart Working
NodeJS Developer,"['docker', 'git', 'javascript', 'kubernetes']",On-site,NodeJS Developer,Landskill
NodeJS Developer,"['docker', 'express.js', 'git', 'javascript', 'mongodb', 'mysql', 'node.js', 'postgresql', 'typescript']",On-site,NodeJS Developer,Sazinga Digital Services Pvt. Ltd.
NodeJS Developer,"['angular', 'dynatrace', 'generative ai', 'github', 'graphql', 'javascript', 'jenkins', 'mongodb', 'node.js', 'query optimization', 'redis']",On-site,NodeJS Developer,J&M Group
NodeJS Developer,"['angular', 'dynatrace', 'generative ai', 'github', 'graphql', 'javascript', 'mongodb', 'query optimization', 'redis']",On-site,NodeJS Developer,J&M Group
NodeJS Developer,"['angular', 'css3', 'git', 'html5', 'javascript', 'less', 'node.js', 'stylus']",On-site,NodeJS Developer,GeekMindz Solutions LLP
NodeJS Developer,"['elasticsearch', 'javascript', 'mongodb', 'node.js', 'redis']",On-site,NodeJS Developer,Unify Technologies
NodeJS Developer,"['css3', 'html5', 'javascript', 'mongodb', 'node.js']",On-site,NodeJS Developer,iCommuneTech
NodeJS Developer,"['graphql', 'javascript', 'nestjs', 'sql']",On-site,NodeJS Developer,Miichisoft Careers
NodeJS Developer,"['css3', 'html5', 'javascript', 'mongodb', 'node.js']",Remote,NodeJS Developer,CodersBrain
NodeJS Developer,"['docker', 'javascript', 'kubernetes', 'mongodb', 'nestjs', 'owasp top 10', 'swift', 'typescript']",Remote,NodeJS Developer,Smart Working
FullStack Developer,"['agile methodology', 'angular', 'c#', 'entity framework', 'sql']",On-site,.NET Developer,UpClear
.NET Developer,"['c#', 'docker', 'dynamodb', 'git', 'github', 'github actions', 'gitlab', 'gitlab ci/cd', 'java', 'javascript', 'jira', 'kubernetes', 'microservices architecture', 'mongodb', 'python', 'restful apis', 'sql', 'scrum']",Remote,.NET Developer,Clearwaters.IT
Smart Contract Developer,"['c#', 'javascript', 'sql', 'scrum', 'typescript']",Hybrid,.NET Developer,Vantage
.NET Developer,"['c#', 'javascript', 'restful apis']",Hybrid,.NET Developer,Collabera
.NET Developer,"['azure app service', 'c#', 'foundation', 'javascript', 'machine learning', 'mysql', 'postgresql', 'sql']",Remote,.NET Developer,"Billee Technologies, Inc."
.NET Developer,"['azure devops', 'git', 'mongodb', 'mysql', 'postman', 'powershell']",Remote,.NET Developer,Ricoh España
.NET Developer,['devsecops'],On-site,.NET Developer,OM GROUP INC.
.NET Developer,"['c#', 'git', 'sql']",Hybrid,.NET Developer,"Zipit Wireless, Inc."
.NET Developer,"['asp.net core', 'c#', 'git', 'github', 'sql']",On-site,.NET Developer,HighCloud Solutions
.NET Developer,"['c#', 'git', 'github', 'postgresql', 'sql']",On-site,.NET Developer,"Midwest Tape, LLC"
.NET Developer,"['asp.net core', 'c#', 'git', 'github', 'jira', 'sql', 'servicenow', 'workday']",Remote,.NET Developer,Technix LLC
.NET Developer,"['c#', 'dynamodb', 'entity framework', 'foundation', 'git', 'github', 'mysql', 'prompt engineering', 'sql', 'terraform', 'typescript']",Hybrid,.NET Developer,Sputnik Digital
.NET Developer,"['asp.net core', 'azure cosmos db', 'azure devops', 'c#', 'elasticsearch', 'node.js', 'sql']",Remote,.NET Developer,Noir
.NET Developer,"['c#', 'html5', 'javascript', 'machine learning', 'sql']",Remote,.NET Developer,Keyvoto
.NET Developer,"['c#', 'c++', 'sql']",On-site,.NET Developer,"Neural Strategic Solutions, Inc."
.NET Developer,"['c#', 'data modeling', 'sql']",Hybrid,.NET Developer,InnoTech
.NET Developer,"['c#', 'git']",Remote,.NET Developer,Crossing Hurdles
FullStack Developer,"['angular', 'c#', 'javascript', 'saml', 'scrum', 'typescript']",Hybrid,.NET Developer,Charles Schwab
.NET Developer,"['mysql', 'sql']",Hybrid,.NET Developer,CONKORD
.NET Developer,"['asp.net core', 'azure cosmos db', 'azure devops', 'bootstrap', 'c#', 'javascript', 'sql']",Remote,.NET Developer,Noir
.NET Developer,"['asp.net core', 'azure cosmos db', 'azure devops', 'c#', 'javascript', 'sql']",Remote,.NET Developer,Noir
.NET Developer,"['c#', 'foundation', 'python']",Hybrid,.NET Developer,Engage People Recruitment
.NET Developer,"['angular', 'kubernetes', 'python', 'rabbitmq', 'react native']",Remote,.NET Developer,Oxigent Technologies
.NET Developer,"['asp.net core', 'azure devops', 'bootstrap', 'c#', 'cloudflare', 'dom manipulation', 'entity framework', 'playwright', 'query optimization', 'restful apis', 'sql']",On-site,.NET Developer,Accepta LLC
.NET Developer,"['angular', 'c#', 'entity framework', 'git', 'javascript', 'sql', 'vue.js']",On-site,.NET Developer,Vertis
.NET Developer,"['docker', 'domain-driven design (ddd)', 'kanban', 'kubernetes', 'scrum']",Remote,.NET Developer,Future Processing
FullStack Developer,"['angular', 'c#', 'entity framework', 'git', 'javascript', 'object-oriented programming (oop)', 'react.js', 'solid principles', 'sql']",Hybrid,.NET Developer,Classera
.NET Developer,"['asp.net core', 'angular', 'azure cosmos db', 'c#', 'docker', 'elasticsearch', 'github', 'kanban', 'kubernetes', 'microservices architecture', 'node.js', 'sql', 'scrum', 'typescript', 'vue.js']",Remote,.NET Developer,Noir
.NET Developer,"['azure devops', 'c#', 'cross-browser compatibility', 'git', 'html5', 'javascript', 'kanban', 'less', 'sql']",On-site,.NET Developer,Kforce Inc
.NET Developer,"['c#', 'entity framework', 'javascript', 'mysql', 'sql']",On-site,.NET Developer,Müller's Solutions
.NET Developer,"['c#', 'docker', 'entity framework', 'git', 'kubernetes', 'postgresql', 'sql', 'scrum', 'sonarqube']",Remote,.NET Developer,Randstad Portugal
.NET Developer,"['azure devops', 'entity framework']",Remote,.NET Developer,PrimeIT España
.NET Developer,"['asp.net core', 'argocd', 'azure devops', 'docker', 'kubernetes', 'postgresql']",Remote,.NET Developer,act digital EMEA - Alter Solutions
.NET Developer,"['bootstrap', 'c#', 'css3', 'entity framework', 'html5', 'javascript', 'sql']",On-site,.NET Developer,Integrated Technology Group (ITG)
.NET Developer,"['asp.net core', 'azure cosmos db', 'azure devops', 'c#', 'sql']",Remote,.NET Developer,Noir
.NET Developer,"['angular', 'azure devops', 'c#', 'docker', 'entity framework', 'query optimization', 'restful apis', 'sql']",Hybrid,.NET Developer,GBL Tech
.NET Developer,"['c#', 'javascript', 'restful apis']",Remote,.NET Developer,Neotalent Conclusion
.NET Developer,"['asp.net core', 'c#', 'git', 'javascript', 'microsoft sql server', 'soap', 'sql']",Remote,.NET Developer,Affinity
.NET Developer,"['asp.net core', 'angular', 'azure devops', 'c#', 'entity framework', 'git', 'javascript', 'sql', 'typescript']",Remote,.NET Developer,EUROPEAN DYNAMICS
.NET Developer,"['c#', 'generative ai', 'restful apis', 'sql']",Hybrid,.NET Developer,Adecco
.NET Developer,"['asp.net core', 'angular', 'c#', 'docker', 'entity framework', 'git', 'graphql', 'javascript', 'kubernetes', 'microservices architecture', 'microsoft azure', 'microsoft sql server', 'mongodb', 'restful apis', 'redis', 'solid principles', 'sql', 'typescript', 'websockets', 'grpc']",Remote,.NET Developer,L'EVATE Inc.
.NET Developer,"['asp.net core', 'azure functions', 'c#', 'sql']",Hybrid,.NET Developer,Digital Waffle
.NET Developer,"['angular', 'c#', 'entity framework', 'git', 'javascript', 'restful apis', 'solid principles', 'sql']",On-site,.NET Developer,PETADATA
.NET Developer,"['c#', 'less']",On-site,.NET Developer,JPS Tech Solutions
.NET Developer,"['asp.net core', 'azure cosmos db', 'c#', 'javascript', 'sql']",Remote,.NET Developer,Noir
.NET Developer,"['apache kafka', 'kubernetes', 'rabbitmq']",Hybrid,.NET Developer,Smart Consulting
.NET Developer,"['angular', 'c#', 'docker', 'microsoft azure', 'typescript']",On-site,.NET Developer,Solas IT Recruitment
.NET Developer,"['asp.net core', 'c#', 'entity framework', 'git', 'sql']",Remote,.NET Developer,PrimeIT España
.NET Developer,"['c#', 'docker', 'entity framework', 'git', 'kubernetes', 'microservices architecture', 'mongodb', 'sql']",Hybrid,.NET Developer,InfoTrack US
QA Automation Engineer,"['amazon web services (aws)', 'appium', 'cypress', 'flutter', 'github', 'github actions', 'playwright', 'postman', 'react native']",Remote,QA Automation Engineer,Empresa Confidencial
QA Automation Engineer,"['azure devops', 'git', 'gitlab', 'java', 'jenkins', 'playwright', 'postman', 'scrum', 'selenium']",On-site,QA Automation Engineer,Bee Engineering
QA Automation Engineer,"['foundation', 'git', 'github', 'github actions', 'gitlab', 'graphql', 'javascript', 'jenkins', 'jira', 'large language models (llms)', 'object-oriented programming (oop)', 'playwright', 'python', 'sql', 'scrum', 'typescript']",Remote,QA Automation Engineer,Faro
QA Automation Engineer,"['confluence', 'jmeter', 'java', 'javascript', 'jira', 'restful apis', 'soap', 'sql', 'scrum', 'selenium']",Remote,QA Automation Engineer,Jobgether
QA Automation Engineer,"['appium', 'cucumber', 'git', 'jmeter', 'java', 'javascript', 'jenkins', 'jira', 'playwright', 'postgresql', 'postman', 'soap', 'sql', 'selenium', 'sonarqube', 'spring boot', 'typescript']",Remote,QA Automation Engineer,Exceltic
QA Automation Engineer,"['angular', 'scrum']",Hybrid,QA Automation Engineer,Wipro Romania
QA Automation Engineer,"['docker', 'git', 'github', 'github actions', 'junit', 'java', 'jira', 'node.js', 'playwright', 'pytest', 'python', 'scrum', 'selenium', 'typescript']",Remote,QA Automation Engineer,LanceSoft Europe
QA Automation Engineer,"['amazon web services (aws)', 'appium', 'cypress', 'flutter', 'github', 'github actions', 'playwright', 'postman', 'react native']",Remote,QA Automation Engineer,Empresa Confidencial
QA Automation Engineer,"['databricks', 'etl/elt pipelines', 'git', 'postman', 'python', 'sql', 'snowflake']",Remote,QA Automation Engineer,Jobgether
QA Automation Engineer,"['cypress', 'github', 'java', 'playwright', 'postgresql', 'postman', 'sql', 'typescript']",Remote,QA Automation Engineer,Rysun Labs
QA Automation Engineer,"['cryptography', 'cucumber', 'git', 'github', 'javascript', 'jest', 'playwright', 'typescript']",Hybrid,QA Automation Engineer,Applied Blockchain
QA Automation Engineer,"['appium', 'circleci', 'cypress', 'git', 'github', 'github actions', 'gitlab', 'jmeter', 'java', 'javascript', 'jenkins', 'playwright', 'postman', 'python', 'selenium', 'testrail', 'typescript']",Remote,QA Automation Engineer,Air Apps
QA Automation Engineer,"['java', 'sql', 'selenium']",Remote,QA Automation Engineer,RED Global
QA Automation Engineer,"['appium', 'bitbucket', 'cypress', 'flutter', 'git', 'jmeter', 'playwright', 'postman', 'puppeteer', 'react native']",Remote,QA Automation Engineer,Kaizen Loyalty
QA Automation Engineer,"['azure devops', 'browserstack', 'devsecops', 'github', 'github actions', 'graphql', 'jmeter', 'java', 'javascript', 'jenkins', 'owasp top 10', 'playwright', 'postman', 'pytest', 'python', 'typescript']",On-site,QA Automation Engineer,TAT IT Technolgies
QA Automation Engineer,"['azure devops', 'cypress', 'foundation', 'jmeter', 'javascript', 'postman']",Remote,QA Automation Engineer,Neotalent Conclusion
QA Automation Engineer,"['cypress', 'docker', 'gitlab', 'gitlab ci/cd', 'jmeter', 'java', 'kotlin', 'kubernetes', 'sql', 'selenium']",Hybrid,QA Automation Engineer,Huxley
QA Automation Engineer,"['appium', 'cucumber', 'git', 'junit', 'java', 'postman', 'selenium']",Remote,QA Automation Engineer,Accenture Colombia
QA Automation Engineer,"['browserstack', 'cypress', 'git', 'github', 'github actions', 'gitlab', 'jmeter', 'jenkins', 'jira', 'playwright', 'postman', 'python', 'react native', 'sauce labs', 'scrum', 'selenium', 'testrail']",Remote,QA Automation Engineer,DaCodes.
QA Automation Engineer,"['bitbucket', 'circleci', 'confluence', 'cucumber', 'docker', 'git', 'html5', 'javascript', 'jira', 'object-oriented programming (oop)', 'ruby', 'ruby on rails', 'selenium', 'tailwind css']",Remote,QA Automation Engineer,Creyos
QA Automation Engineer,"['appium', 'generative ai', 'playwright', 'postman']",Hybrid,QA Automation Engineer,Capcon Consulting
QA Automation Engineer,"['aws ec2', 'docker', 'generative ai', 'java', 'javascript', 'machine learning', 'next.js', 'node.js', 'python', 'sql']",Remote,QA Automation Engineer,Azumo
QA Automation Engineer,"['bash', 'circleci', 'cypress', 'git', 'github', 'github actions', 'gitlab', 'graphql', 'javascript', 'jest', 'playwright', 'python', 'typescript']",Hybrid,QA Automation Engineer,MedMe Health
QA Automation Engineer,"['javascript', 'playwright', 'postman', 'python', 'selenium']",Remote,QA Automation Engineer,ITDS
QA Automation Engineer,"['apache airflow', 'databricks', 'etl/elt pipelines', 'git', 'jmeter', 'postman', 'python', 'sql', 'selenium', 'snowflake']",Remote,QA Automation Engineer,Jobgether
QA Automation Engineer,"['angular', 'c#', 'docker', 'docker compose', 'jest', 'jira', 'playwright']",Remote,QA Automation Engineer,act digital
QA Automation Engineer,"['java', 'pytest', 'python']",Remote,QA Automation Engineer,Ocient
QA Automation Engineer,"['cypress', 'git', 'github', 'github actions', 'jmeter', 'kanban', 'playwright', 'scrum', 'selenium']",Hybrid,QA Automation Engineer,Scorebuddy
QA Automation Engineer,"['github', 'github actions', 'jenkins', 'playwright', 'prompt engineering', 'sql', 'typescript']",Remote,QA Automation Engineer,Saransh Inc
QA Automation Engineer,"['automated qa testing', 'jmeter', 'javascript', 'jira', 'playwright', 'scrum']",On-site,QA Automation Engineer,Carman Solutions Group
QA Automation Engineer,"['playwright', 'scrum']",Remote,QA Automation Engineer,Sogeti
QA Automation Engineer,"['appium', 'javascript', 'typescript', 'usability testing']",On-site,QA Automation Engineer,Valuetainment
QA Automation Engineer,"['appium', 'azure devops', 'browserstack', 'git', 'github', 'github actions', 'jmeter', 'java', 'javascript', 'jenkins', 'playwright', 'postman', 'pytest', 'python', 'typescript']",On-site,QA Automation Engineer,TAT IT Technolgies
QA Automation Engineer,"['capacitor', 'confluence', 'docker', 'javascript', 'jira', 'kubernetes', 'playwright', 'puppeteer', 'react native', 'sql', 'testrail', 'typescript']",Remote,QA Automation Engineer,RxVantage
QA Automation Engineer,"['argocd', 'celery', 'cypress', 'django', 'docker', 'elasticsearch', 'jira', 'kubernetes', 'playwright', 'postgresql', 'pytest', 'python', 'redis', 'sql', 'selenium']",Hybrid,QA Automation Engineer,FIXR
QA Automation Engineer,"['github', 'github actions', 'java', 'jenkins']",Hybrid,QA Automation Engineer,Socium - Teams Done Differently
QA Automation Engineer,"['cypress', 'playwright', 'postman', 'sql']",On-site,QA Automation Engineer,Delen Private Bank
QA Automation Engineer,"['cypress', 'git', 'javascript', 'jira', 'selenium']",Remote,QA Automation Engineer,Push Operations
QA Manual-Tester,"['azure devops', 'jira', 'power bi', 'sql']",Remote,QA Manual-Tester,Kaizen Analytix
QA Manual-Tester,"['github', 'jest', 'jira', 'kanban', 'monday.com', 'postman', 'ruby', 'ruby on rails', 'selenium']",On-site,QA Manual-Tester,Vendo
QA Manual-Tester,"['c#', 'sql', 'vue.js']",Hybrid,QA Manual-Tester,VirtueTech Recruitment Group
QA Manual-Tester,"['cypress', 'jira', 'playwright', 'postman', 'sql', 'selenium', 'testrail']",Remote,QA Manual-Tester,Viercode
QA Manual-Tester,['jira'],On-site,QA Manual-Tester,JustPlay
QA Manual-Tester,"['browserstack', 'jira', 'postman', 'restful apis']",Remote,QA Manual-Tester,Upwork
QA Manual-Tester,"['cypress', 'jira', 'postman', 'sql', 'scrum', 'selenium', 'testrail']",Hybrid,QA Manual-Tester,KCS iT
Software Quality Assurance,"['appium', 'azure devops', 'cypress', 'jira', 'playwright', 'scrum', 'selenium']",On-site,Software Quality Assurance,AutoCount
Software Quality Assurance,"['c#', 'cryptography', 'github', 'github actions', 'jira', 'playwright']",Hybrid,Software Quality Assurance,Electi
Software Quality Assurance,"['ansible', 'bash', 'datadog', 'docker', 'grafana', 'incident response', 'kubernetes', 'load balancing', 'prometheus', 'python', 'terraform']",On-site,Software Quality Assurance,RIME Platform
Software Quality Assurance,['scrum'],On-site,Software Quality Assurance,Adree
Software Quality Assurance,"['appium', 'java', 'playwright', 'postman', 'selenium']",On-site,Software Quality Assurance,Aqary International Group
Software Quality Assurance,"['azure devops', 'cypress', 'git', 'github', 'github actions', 'jira', 'playwright', 'postman', 'sql', 'selenium']",Remote,Software Quality Assurance,azakaw
Software Quality Assurance,"['cypress', 'playwright', 'postman', 'selenium']",On-site,Software Quality Assurance,MODUS AE
Software Quality Assurance,"['jmeter', 'postgresql', 'postman', 'sql', 'scrum']",On-site,Software Quality Assurance,PT Pro Sigmaka Mandiri
Software Quality Assurance,['scrum'],On-site,Software Quality Assurance,Cottingham & Butler
Software Quality Assurance,['sql'],On-site,Software Quality Assurance,บริษัท แอดวานซ์ ได-คัสติ้ง อินดัสทรี จำกัด
Software Quality Assurance,['less'],On-site,Software Quality Assurance,Transec BPO
Software Quality Assurance,"['c#', 'c++', 'git', 'github', 'github actions', 'gitlab', 'pytest', 'python']",Hybrid,Software Quality Assurance,"Realtime Robotics, Inc."
Software Quality Assurance,"['cypress', 'git', 'jira', 'playwright', 'sql', 'selenium', 'testrail']",On-site,Software Quality Assurance,CloudCommerce.co
Software Quality Assurance,"['bash', 'c#', 'c++', 'deep learning', 'generative ai', 'keras', 'powershell', 'python']",On-site,Software Quality Assurance,NVIDIA AI
Software Quality Assurance,['git'],Hybrid,Software Quality Assurance,XTN Cognitive Security®
Software Quality Assurance,['devsecops'],Remote,Software Quality Assurance,cFocus Software Incorporated
Software Quality Assurance,"['c#', 'github', 'gitlab', 'javascript', 'jira', 'playwright', 'postman', 'puppeteer', 'soap']",On-site,Software Quality Assurance,RF-SMART
Software Quality Assurance,['informatica'],On-site,Software Quality Assurance,OVERTECH Consulting
Software Quality Assurance,"['c++', 'technical writing']",On-site,Software Quality Assurance,Accord Technologies Inc
Software Quality Assurance,"['appium', 'azure devops', 'c#', 'cypress', 'java', 'javascript', 'jira', 'kanban', 'playwright', 'postman', 'python', 'sql', 'scrum', 'selenium', 'uipath']",On-site,Software Quality Assurance,Practia Uruguay
Software Quality Assurance,"['jira', 'swift', 'testrail']",Hybrid,Software Quality Assurance,INDICE
Software Quality Assurance,"['agile methodology', 'appium', 'jenkins', 'playwright', 'sql', 'selenium', 'typescript']",On-site,Software Quality Assurance,Pixlr Online AI Photo Editor
Software Quality Assurance,"['foundation', 'git', 'scrum']",On-site,Software Quality Assurance,meteocontrol
Software Quality Assurance,"['confluence', 'jira', 'python']",Hybrid,Software Quality Assurance,Luxoft Poland
Software Quality Assurance,"['foundation', 'postman']",On-site,Software Quality Assurance,SoftwareSeni
Software Quality Assurance,"['azure devops', 'gitlab', 'jenkins', 'jira']",On-site,Software Quality Assurance,Nova Biomedical
Software Quality Assurance,"['c++', 'technical writing']",On-site,Software Quality Assurance,Accord Technologies Inc
Software Quality Assurance,"['appium', 'jira', 'selenium']",On-site,Software Quality Assurance,weavix
Software Quality Assurance,"['confluence', 'jira', 'sql', 'selenium']",On-site,Software Quality Assurance,Exceltic
Software Quality Assurance,"['azure devops', 'jira', 'scrum', 'testrail']",On-site,Software Quality Assurance,Instron
Software Quality Assurance,"['phoenix', 'sql', 'technical writing']",On-site,Software Quality Assurance,Focused HR Solutions
Software Quality Assurance,"['java', 'javascript', 'sql', 'scrum']",On-site,Software Quality Assurance,State Street
Software Quality Assurance,"['azure devops', 'kanban', 'scrum']",On-site,Software Quality Assurance,Xcel Engineering
Software Quality Assurance,"['statistical analysis', 'uipath']",On-site,Software Quality Assurance,Client Solution Architects
Software Quality Assurance,"['c++', 'confluence', 'foundation', 'java', 'jira', 'python', 'scrum']",On-site,Software Quality Assurance,Northrop Grumman
Software Quality Assurance,"['cross-browser compatibility', 'drupal', 'html5', 'javascript', 'jira', 'playwright', 'scrum', 'selenium', 'selenium webdriver']",On-site,Software Quality Assurance,Ampcus Inc
Software Quality Assurance,"['git', 'java', 'machine learning', 'scrum', 'selenium', 'selenium webdriver']",On-site,Software Quality Assurance,SYNERGEN Health
QA Analyst,"['postman', 'sql', 'scrum']",Remote,QA Analyst,Impiricus
QA Analyst,['scrum'],Hybrid,QA Analyst,Jagex: The RuneScape Company
QA Analyst,"['appium', 'github', 'github actions', 'gitlab', 'java', 'jenkins', 'jira', 'postman', 'sql', 'scrum']",Remote,QA Analyst,Zwift
QA Analyst,"['javascript', 'postman', 'python', 'scrum']",Hybrid,QA Analyst,Iwantic
QA Analyst,"['jira', 'postman']",Hybrid,QA Analyst,Pharmacy2U | Certified B Corp
QA Analyst,"['azure devops', 'jmeter', 'junit', 'jira', 'scrum', 'selenium']",Remote,QA Analyst,ClearlyAgile
QA Analyst,"['jira', 'testrail', 'unreal engine']",Hybrid,QA Analyst,CD PROJEKT RED
QA Analyst,"['c#', 'junit', 'java', 'jira', 'python', 'sql', 'selenium']",On-site,QA Analyst,"Neural Strategic Solutions, Inc."
QA Analyst,['foundation'],Remote,QA Analyst,ComboCurve
QA Analyst,"['foundation', 'technical writing']",On-site,QA Analyst,CLS - Complete Laboratory Solutions
QA Analyst,['postman'],Hybrid,QA Analyst,Capitole
QA Analyst,['sql'],Hybrid,QA Analyst,Monzo
QA Analyst,"['azure devops', 'cypress', 'jira', 'kanban', 'playwright', 'postman', 'sql', 'scrum', 'selenium']",Hybrid,QA Analyst,Eyecare Health
QA Analyst,"['jira', 'scrum']",On-site,QA Analyst,SCS Consulting
QA Analyst,"['circleci', 'cypress', 'github', 'github actions', 'jenkins', 'playwright', 'postman', 'prompt engineering', 'selenium', 'selenium webdriver']",Remote,QA Analyst,M3 USA
QA Analyst,"['data warehousing', 'datadog', 'django', 'github', 'new relic', 'postgresql', 'python', 'sql', 'scrum', 'terraform']",Remote,QA Analyst,Capital Rx
QA Analyst,"['confluence', 'foundation', 'jasmine', 'jira', 'playwright', 'postman', 'scrum']",Hybrid,QA Analyst,Hivebrite
QA Analyst,"['git', 'jenkins', 'jira', 'postman']",Remote,QA Analyst,Sword Health
QA Analyst,"['jira', 'kanban', 'postman', 'sql', 'scrum', 'testrail']",Hybrid,QA Analyst,METRA HR
QA Analyst,"['jira', 'playwright', 'postman', 'scrum']",Hybrid,QA Analyst,TBA
QA Automation Engineer,"['azure devops', 'c#', 'cypress', 'git', 'github', 'github actions', 'junit', 'java', 'jenkins', 'playwright', 'postman', 'pytest', 'python', 'selenium']",Hybrid,QA Analyst,Vallum Associates
QA Analyst,"['jira', 'scrum', 'testrail']",Hybrid,QA Analyst,Jagex: The RuneScape Company
QA Analyst,"['azure devops', 'chef', 'cypress', 'git', 'jenkins', 'jira', 'microsoft dynamics 365', 'playwright', 'postman', 'scrum', 'testrail']",Hybrid,QA Analyst,Browns Shoes Inc.
Software Quality Assurance,['power bi'],On-site,QA Analyst,Klaiya
QA Analyst,"['foundation', 'jira', 'less', 'sql']",On-site,QA Analyst,Livingston International
QA Analyst,"['computer vision', 'generative ai', 'scrum']",On-site,QA Analyst,Oak Rocket
QA Analyst,"['azure devops', 'jira', 'parcel', 'servicenow']",Remote,QA Analyst,Turtle Trax S.A.
QA Analyst,"['bootstrap', 'docker', 'git', 'javascript', 'selenium']",Remote,QA Analyst,Analyte Health
QA Analyst,"['jira', 'postman']",Hybrid,QA Analyst,HiPay
Data Analyst,"['python', 'sql']",Remote,QA Analyst,Blend
QA Analyst,"['git', 'javascript', 'kanban', 'python', 'sql', 'scrum']",On-site,QA Analyst,Grupo Hinova
QA Analyst,"['appium', 'java', 'javascript', 'jira', 'kotlin', 'notion', 'swift', 'testrail', 'typescript']",Remote,QA Analyst,Rapptr Labs
QA Analyst,"['grafana', 'jest', 'jira', 'kotlin', 'postman', 'testrail']",On-site,QA Analyst,SpotOn
QA Analyst,"['jira', 'postman']",Hybrid,QA Analyst,HiPay
QA Analyst,"['cypress', 'playwright', 'python', 'sql', 'selenium', 'typescript']",Hybrid,QA Analyst,Nebuly
QA Analyst,['jira'],Hybrid,QA Analyst,tbi bank
QA Analyst,"['confluence', 'jira', 'postman', 'sql', 'scrum']",Remote,QA Analyst,Talent Connect
QA Analyst,"['appium', 'bamboo', 'bitbucket', 'c#', 'confluence', 'jmeter', 'jasmine', 'java', 'javascript', 'jira', 'python', 'sql', 'scrum', 'selenium', 'selenium webdriver']",Hybrid,QA Analyst,hackajob
QA Analyst,"['foundation', 'jira']",On-site,QA Analyst,Peace Hills Insurance
QA Analyst,"['jira', 'testrail', 'unreal engine']",Hybrid,QA Analyst,Jagex: The RuneScape Company
QA Analyst,"['jest', 'jira', 'playwright', 'postman', 'sql']",Remote,QA Analyst,Global4Net | Powered by Univio
QA Analyst,"['jira', 'sql']",On-site,QA Analyst,Growin
Data Analyst,"['git', 'jupyter notebooks', 'looker', 'power bi', 'python', 'sql']",On-site,Data Analyst,LiveMore Mortgages
Data Analyst,"['power bi', 'python', 'sql', 'tableau']",Remote,Data Analyst,Hyra
Data Analyst,['foundation'],On-site,Data Analyst,Mason Blake
Data Analyst,"['machine learning', 'sql']",Hybrid,Data Analyst,Queen Square Recruitment
Data Analyst,"['data modeling', 'foundation', 'looker', 'python', 'sql', 'snowflake', 'tableau']",Hybrid,Data Analyst,2K
Data Analyst,"['looker', 'machine learning', 'metabase', 'power bi', 'python', 'sql']",Hybrid,Data Analyst,ARQ
IT Business Analyst,"['python', 'sql']",Hybrid,Data Analyst,HCLTech
Data Analyst,"['power bi', 'sql']",Hybrid,Data Analyst,FDJ UNITED
Data Analyst,"['power bi', 'python', 'sql', 'workday']",Remote,Data Analyst,Evolve
Data Analyst,"['data warehousing', 'less', 'microsoft dynamics 365', 'power bi', 'python', 'sql', 'statistical analysis', 'tableau']",Remote,Data Analyst,Ceox Services Ltd
Data Analyst,"['looker', 'power bi', 'python', 'sql', 'tableau']",Remote,Data Analyst,Murj
Data Analyst,"['microsoft azure', 'power bi', 'python', 'sql', 'tableau']",Remote,Data Analyst,Hyra
Data Analyst,"['python', 'tableau']",Hybrid,Data Analyst,Sagacity
Data Analyst,"['power bi', 'sql']",Hybrid,Data Analyst,Undisclosed
Data Analyst,"['data warehousing', 'looker', 'machine learning', 'power bi', 'python', 'sql', 'tableau']",On-site,Data Analyst,Current
Data Analyst,"['a/b testing', 'numpy', 'pandas', 'power bi', 'python', 'sql', 'statistical analysis', 'tableau']",Remote,Data Analyst,Stealth
Data Analyst,"['data modeling', 'sql']",Remote,Data Analyst,Eneba
Data Analyst,"['data cleansing', 'data mining']",Remote,Data Analyst,Winaxis LLC
Data Analyst,"['d3.js', 'data modeling', 'machine learning', 'power bi', 'python', 'sql', 'statistical analysis', 'tableau']",On-site,Data Analyst,"Baynovation, LLC"
Data Analyst,"['gitlab', 'power bi', 'python', 'sql']",On-site,Data Analyst,COVAGE
Data Analyst,"['pandas', 'power bi', 'python', 'sql']",Hybrid,Data Analyst,Paymob
Data Analyst,['power bi'],Hybrid,Data Analyst,SQLI
Data Analyst,"['clickhouse', 'matplotlib', 'numpy', 'pandas', 'plotly', 'postgresql', 'python', 'redis', 'sql', 'scipy', 'scikit-learn', 'seaborn']",On-site,Data Analyst,AcquireX
Data Analyst,"['data modeling', 'looker', 'metabase', 'mongodb', 'numpy', 'pandas', 'power bi', 'python', 'sql', 'tableau']",On-site,Data Analyst,Playo
Data Analyst,"['julia', 'power bi', 'sql']",On-site,Data Analyst,PT. Surya Pertiwi Tbk
Data Analyst,['cryptography'],On-site,Data Analyst,Lawrence Harvey
Data Analyst,"['python', 'sql']",Hybrid,Data Analyst,FDJ UNITED
Data Analyst,"['python', 'sql', 'tableau']",Remote,Data Analyst,Interchecks
Data Analyst,"['data modeling', 'less', 'looker', 'power bi', 'python', 'sql', 'tableau']",Remote,Data Analyst,NCD
Data Analyst,"['chef', 'git', 'jira', 'power bi', 'python', 'sql', 'tableau']",On-site,Data Analyst,Infotel
Data Analyst,"['power bi', 'python', 'sql', 'tableau']",Hybrid,Data Analyst,Sagacity
Data Analyst,"['looker', 'metabase', 'power bi', 'python', 'sql', 'tableau']",Remote,Data Analyst,City Cast
Data Analyst,"['data lakes', 'sql']",Hybrid,Data Analyst,Qh4 Consulting
Data Analyst,"['data mining', 'power bi', 'python', 'tableau']",On-site,Data Analyst,United Breweries Ltd.
Data Analyst,"['power bi', 'python', 'sql']",On-site,Data Analyst,Urban Gym Group
Data Analyst,"['power bi', 'python', 'sql']",On-site,Data Analyst,Kanz
Data Analyst,"['databricks', 'generative ai', 'less', 'metabase', 'numpy', 'pandas', 'python', 'sql']",Remote,Data Analyst,Constructor
Data Analyst,"['databricks', 'machine learning', 'power bi', 'python', 'sql', 'tableau']",Remote,Data Analyst,LexisNexis
Data Analyst,"['data modeling', 'looker', 'power bi', 'python', 'sql', 'tableau']",Remote,Data Analyst,NCD
Data Analyst,"['data modeling', 'foundation', 'power bi', 'python', 'sql']",Remote,Data Analyst,School of Statisticians
Data Analyst,"['power bi', 'tableau', 'workday']",Hybrid,Data Analyst,Swissport
Data Analyst,"['alteryx', 'sql']",Remote,Data Analyst,Scoutit
Data Analyst,"['databricks', 'power bi', 'python', 'sql', 'tableau']",Hybrid,Data Analyst,AXA
Data Analyst,"['jira', 'sql', 'trello']",On-site,Data Analyst,Flatpeak
Data Analyst,"['identity and access management (iam)', 'sql']",Hybrid,Data Analyst,Intec Select
Data Engineer,"['looker', 'sql']",Remote,Data Engineer,Pulse Recruit
Data Engineer,"['databricks', 'postgresql', 'power bi', 'python', 'sql']",Remote,Data Engineer,Broaden
Data Engineer,"['databricks', 'pandas', 'python', 'sql', 'snowflake']",Remote,Data Engineer,DE Academy
Data Engineer,"['databricks', 'etl/elt pipelines', 'power bi', 'python', 'sql', 'snowflake']",Remote,Data Engineer,Largeton Group
Data Engineer,"['dagster', 'data modeling', 'databricks', 'prefect', 'python', 'sql', 'snowflake']",Remote,Data Engineer,SearchWorks
Data Engineer,"['data modeling', 'etl/elt pipelines', 'git', 'javascript', 'power bi', 'python', 'sql', 'scrum', 'typescript']",Remote,Data Engineer,D&G Solutions
Data Engineer,"['databricks', 'google cloud platform (gcp)', 'mlops', 'python', 'teradata', 'terraform']",Remote,Data Engineer,Sanderson
Data Engineer,"['azure devops', 'bitbucket', 'data lakes', 'databricks', 'git', 'github', 'github actions', 'informatica', 'jenkins', 'python', 'query optimization', 'sql', 'scrum']",Remote,Data Engineer,Analytica
Data Engineer,"['data lakes', 'django', 'docker', 'etl/elt pipelines', 'fastapi', 'flask', 'kubernetes', 'machine learning', 'python', 'query optimization', 'sql']",Remote,Data Engineer,Jobgether
Data Engineer,"['machine learning', 'snowflake']",Hybrid,Data Engineer,Largeton Group
Data Engineer,"['git', 'gitlab', 'python', 'sql']",Remote,Data Engineer,Swap
Data Engineer,"['data modeling', 'foundation', 'langchain', 'python', 'sql']",Remote,Data Engineer,Ranger Technical Resources
Analytics Engineer,['devsecops'],Remote,Data Engineer,Sabel Systems
Data Analyst,"['clickhouse', 'gitlab', 'jira', 'python', 'sql', 'snowflake']",Hybrid,Data Engineer,BettingJobs
Data Engineer,"['amazon redshift', 'data warehousing', 'python', 'sql', 'snowflake']",Remote,Data Engineer,Ratehub.ca
Data Engineer,"['apache spark', 'databricks', 'git', 'level design', 'machine learning', 'python', 'sql', 'shell scripting']",Remote,Data Engineer,First Advantage
Analytics Engineer,"['databricks', 'mlflow', 'prompt engineering', 'sql', 'terraform']",Hybrid,Data Engineer,La Fosse
Data Engineer,"['data modeling', 'data warehousing', 'databricks', 'git', 'machine learning', 'python', 'sql']",Remote,Data Engineer,Traackr
Data Engineer,"['databricks', 'sql', 'snowflake']",Remote,Data Engineer,Primus Connect
Data Engineer,"['data lakes', 'data modeling', 'django', 'docker', 'fastapi', 'flask', 'kubernetes', 'python', 'sql']",Remote,Data Engineer,Jobgether
Data Engineer,"['docker', 'feature engineering', 'generative ai', 'google cloud platform (gcp)', 'kubernetes', 'langchain', 'lightgbm', 'llamaindex', 'mlflow', 'machine learning', 'matplotlib', 'nltk', 'numpy', 'pandas', 'pinecone', 'pytorch', 'python', 'rag (retrieval-augmented generation)', 'scikit-learn', 'spacy', 'tensorflow', 'xgboost']",On-site,Data Engineer,Altraize
Mobile Developer,"['apache airflow', 'data warehousing', 'databricks', 'datadog', 'docker', 'etl/elt pipelines', 'github', 'github actions', 'gitlab', 'google cloud storage', 'grafana', 'java', 'jenkins', 'machine learning', 'new relic', 'prometheus', 'python', 'scala', 'terraform', 'vertex ai', 'workday']",Remote,Data Engineer,MAU
System Engineer,"['metabase', 'sql']",Remote,Data Engineer,Bizneo HR
Data Engineer,"['angular', 'data modeling', 'data warehousing', 'etl/elt pipelines', 'java', 'microsoft azure', 'python', 'query optimization', 'react.js', 'sql', 'snowflake']",Remote,Data Engineer,NSKH Tech
Data Engineer,"['bash', 'python']",Remote,Data Engineer,OM GROUP INC.
Data Engineer,"['database normalization', 'databricks', 'etl/elt pipelines', 'looker', 'power bi', 'python', 'sql', 'snowflake', 'tableau']",On-site,Data Engineer,Indago Capital
Data Engineer,"['bash', 'github', 'github actions', 'python', 'sql', 'scala']",Hybrid,Data Engineer,BCNC GROUP
Data Engineer,"['data warehousing', 'databricks', 'etl/elt pipelines', 'machine learning', 'python', 'sql', 'scala']",On-site,Data Engineer,KNOWFINITY
Python Developer,"['apache spark', 'azure app service', 'azure functions', 'celery', 'foundation', 'pandas', 'python', 'redis', 'sql', 'scikit-learn', 'typescript']",Remote,Data Engineer,Flatgigs
Data Engineer,"['apache airflow', 'apache spark', 'data lakes', 'etl/elt pipelines', 'machine learning', 'prefect', 'python', 'sql']",On-site,Data Engineer,PalTech
Data Engineer,"['etl/elt pipelines', 'microsoft azure', 'python', 'sql']",Hybrid,Data Engineer,Salix
Data Engineer,"['django', 'git', 'postgresql', 'python', 'scala', 'scrapy']",Remote,Data Engineer,Sayari
Data Engineer,['machine learning'],On-site,Data Engineer,Dragados SA
Data Engineer,"['asana', 'data warehousing', 'jira', 'python', 'sql', 'snowflake']",Remote,Data Engineer,BI:PROCSI
Data Engineer,"['bash', 'python']",Remote,Data Engineer,OM GROUP INC.
Data Engineer,"['microsoft azure', 'python', 'sql']",Remote,Data Engineer,Fairmont Recruitment Technology
Data Engineer,"['aws lambda', 'apache airflow', 'apache spark', 'docker', 'dynamodb', 'git', 'kubernetes', 'mongodb', 'mysql', 'postgresql', 'python', 'sql', 'terraform']",Hybrid,Data Engineer,E-Frontiers
Data Engineer,"['databricks', 'etl/elt pipelines', 'looker', 'power bi', 'python', 'sql', 'tableau', 'terraform']",Remote,Data Engineer,Primus Connect
Data Engineer,"['data warehousing', 'databricks', 'etl/elt pipelines', 'machine learning', 'python', 'rust', 'sql', 'scala', 'snowflake']",Remote,Data Engineer,UMATR
Data Engineer,"['docker', 'git', 'mysql', 'postgresql', 'python', 'sql', 'terraform']",Hybrid,Data Engineer,E-Frontiers
Data Engineer,"['dagster', 'github', 'python', 'sql', 'snowflake', 'terraform']",Hybrid,Data Engineer,LegalEase
Data Engineer,"['data lakes', 'data modeling', 'data warehousing', 'databricks', 'etl/elt pipelines', 'generative ai', 'machine learning', 'power bi', 'python', 'sql', 'snowflake']",On-site,Data Engineer,BigTapp Analytics
Salesforce Developer,"['machine learning', 'microsoft azure', 'oracle erp', 'power bi', 'python', 'sql']",Remote,Data Engineer,First Advantage
Data Engineer,"['apache airflow', 'data lakes', 'data modeling', 'data warehousing', 'etl/elt pipelines', 'google cloud platform (gcp)', 'looker', 'machine learning', 'python', 'sql', 'scrum', 'terraform']",Hybrid,Data Engineer,Pixeldust Technologies
Data Scientist,"['databricks', 'feature engineering', 'python', 'sql']",Remote,Data Scientist,Sapphire Software Solutions Inc
Data Scientist,"['machine learning', 'matplotlib', 'numpy', 'pandas', 'power bi', 'python', 'sql', 'scikit-learn', 'tableau']",Hybrid,Data Scientist,Southbridge Compañía de Seguros
Data Scientist,"['github', 'keras', 'looker', 'machine learning', 'numpy', 'pandas', 'python', 'sql', 'scikit-learn']",Hybrid,Data Scientist,Charlotte Tilbury Beauty
Data Scientist,"['numpy', 'pandas', 'python']",Remote,Data Scientist,Conduco Resourcing
Machine Learning Engineer,"['deep learning', 'docker', 'kubernetes', 'machine learning', 'pytorch', 'python', 'reinforcement learning', 'tensorflow']",Hybrid,Data Scientist,Indra Group
Data Scientist,"['deep learning', 'elasticsearch', 'keras', 'machine learning', 'mongodb', 'mysql', 'neo4j', 'numpy', 'pandas', 'postgresql', 'power bi', 'python', 'sql', 'scipy', 'tableau', 'tensorflow']",Remote,Data Scientist,Engineering International Belgium
Data Scientist,"['databricks', 'generative ai', 'machine learning', 'python', 'sql']",Remote,Data Scientist,Harnham
Data Scientist,"['power bi', 'sql', 'snowflake', 'tableau']",Hybrid,Data Scientist,G MASS Consulting
Data Scientist,"['databricks', 'deep learning', 'docker', 'git', 'graphql', 'mlflow', 'machine learning', 'python', 'sql']",Remote,Data Scientist,Alignment Health
Data Scientist,"['matplotlib', 'power bi', 'python', 'sql']",Remote,Data Scientist,Crossing Hurdles
Data Scientist,"['data mining', 'databricks', 'foundation', 'generative ai', 'large language models (llms)', 'machine learning', 'prompt engineering', 'python', 'rag (retrieval-augmented generation)', 'sql']",Remote,Data Scientist,Cint
Data Scientist,"['amazon web services (aws)', 'computer vision', 'feature engineering', 'generative ai', 'git', 'github', 'mlops', 'machine learning', 'pandas', 'pytorch', 'python', 'scikit-learn', 'tensorflow']",Remote,Data Scientist,Infoser New Technologies
Data Scientist,"['machine learning', 'python', 'sql', 'statistical analysis']",Remote,Data Scientist,TeamBuilder
Data Scientist,"['machine learning', 'numpy', 'pandas', 'python', 'sql', 'scikit-learn', 'vite']",Hybrid,Data Scientist,AVELSEN
Data Scientist,"['chef', 'confluence', 'docker', 'git', 'gitlab', 'jira', 'mlops', 'mlflow', 'pandas', 'pytorch', 'python', 'scikit-learn', 'tensorflow']",Hybrid,Data Scientist,La Banque Postale
Data Scientist,"['feature engineering', 'machine learning', 'python', 'sql']",Hybrid,Data Scientist,Innova-tsn
Data Scientist,"['databricks', 'java', 'machine learning', 'numpy', 'pandas', 'pytorch', 'python', 'scikit-learn', 'tensorflow']",Remote,Data Scientist,Lognext
Data Scientist,['snowflake'],Hybrid,Data Scientist,Crédit Agricole Personal Finance & Mobility
Data Scientist,"['c#', 'd3.js', 'deep learning', 'docker', 'git', 'incident response', 'java', 'kubernetes', 'mlops', 'machine learning', 'power bi', 'pytorch', 'python', 'query optimization', 'rust', 'sagemaker', 'scikit-learn', 'tableau', 'tensorflow', 'terraform', 'typescript', 'vertex ai', 'grpc']",Remote,Data Scientist,Binary Defense
Data Scientist,"['databricks', 'langchain', 'mlflow', 'machine learning', 'python']",Remote,Data Scientist,Outreach
Data Scientist,"['python', 'sql', 'statistical analysis']",On-site,Data Scientist,"Pantheon Integrated Solutions, Inc."
Data Scientist,"['mlops', 'numpy', 'pandas', 'python', 'sql', 'scikit-learn']",On-site,Data Scientist,Huspy
Data Scientist,"['databricks', 'git', 'numpy', 'pandas', 'python']",Remote,Data Scientist,Axpe Consulting
Data Scientist,"['feature engineering', 'looker', 'machine learning', 'python', 'sql']",Remote,Data Scientist,Swap
Data Scientist,"['generative ai', 'machine learning', 'power bi', 'python', 'sql', 'tableau']",Remote,Data Scientist,Parkhill
Data Scientist,"['git', 'mlops', 'machine learning', 'numpy', 'pandas', 'python', 'sql', 'sagemaker', 'scikit-learn']",Remote,Data Scientist,NETWKItalia
Data Scientist,"['docker', 'kubernetes', 'mlops', 'machine learning', 'python', 'teradata']",On-site,Data Scientist,Banque Misr
Data Scientist,"['apache spark', 'kubernetes', 'machine learning', 'numpy', 'pandas', 'python', 'sql', 'scikit-learn']",Remote,Data Scientist,Scalian
Data Scientist,"['foundation', 'machine learning', 'python', 'sql', 'snowflake']",Remote,Data Scientist,Jobgether
Data Scientist,"['feature engineering', 'mlops', 'machine learning', 'pandas', 'python', 'sql', 'scikit-learn']",On-site,Data Scientist,OptiComm.ai
Data Scientist,"['git', 'github', 'mlops', 'machine learning', 'numpy', 'pandas', 'python', 'sql', 'sagemaker', 'scikit-learn']",Remote,Data Scientist,UST España & Latam
Data Scientist,"['computer vision', 'data mining', 'deep learning', 'docker', 'feature engineering', 'git', 'helm', 'kubernetes', 'mlops', 'machine learning', 'prefect', 'python', 'terraform']",On-site,Data Scientist,CBI Credit Bureau Indonesia
Data Scientist,"['confluence', 'databricks', 'deep learning', 'devsecops', 'git', 'jira', 'mlops', 'machine learning', 'pytorch', 'python', 'reinforcement learning', 'tensorflow']",Hybrid,Data Scientist,Revolutional
Data Scientist,"['a/b testing', 'computer vision', 'deep learning', 'mlops', 'machine learning', 'prompt engineering', 'python', 'reinforcement learning', 'sql']",On-site,Data Scientist,HKT
Data Scientist,"['computer vision', 'data modeling', 'java', 'machine learning', 'natural language processing (nlp)', 'power bi', 'python', 'tableau']",Remote,Data Scientist,YO IT Consulting
Data Scientist,"['data modeling', 'power bi', 'python', 'tableau']",Remote,Data Scientist,Crossing Hurdles
Data Scientist,"['git', 'matplotlib', 'pandas', 'power bi', 'python', 'sagemaker', 'scikit-learn', 'tableau']",Hybrid,Data Scientist,NTT DATA Europe & Latam
Data Scientist,"['machine learning', 'power bi', 'python', 'recommendation systems', 'sql', 'statistical analysis', 'tableau']",Remote,Data Scientist,Zicasso
Data Scientist,"['apache airflow', 'google cloud platform (gcp)', 'kanban', 'lightgbm', 'mlops', 'machine learning', 'numpy', 'pandas', 'python', 'scikit-learn', 'scrum', 'vertex ai', 'xgboost']",Hybrid,Data Scientist,Carrefour España
Data Scientist,"['databricks', 'github', 'mlops', 'machine learning', 'python', 'scikit-learn']",Hybrid,Data Scientist,develop
Data Scientist,"['machine learning', 'python', 'sql']",Hybrid,Data Scientist,"Adaptive Machines, Inc"
Data Scientist,"['foundation', 'less']",Hybrid,Data Scientist,Middesk
Data Scientist,"['machine learning', 'python', 'sql', 'statistical analysis', 'user research']",Remote,Data Scientist,Jobgether
Data Scientist,"['python', 'sql', 'tableau']",Hybrid,Data Scientist,Arthur Recruitment
Data Scientist,"['deep learning', 'machine learning', 'python']",Hybrid,Data Scientist,Equancy | Groupe EDG
Data Scientist,['python'],On-site,Data Scientist,FRANFINANCE
Data Scientist,"['machine learning', 'python', 'scikit-learn', 'tensorflow']",Hybrid,Data Scientist,MCA España
Data Scientist,"['feature engineering', 'generative ai', 'machine learning', 'prompt engineering', 'python', 'sql']",On-site,Data Scientist,MOZN
Business Intelligence Analyst,"['amazon redshift', 'sql']",Remote,Business Intelligence Analyst,Dane Street
Business Intelligence Analyst,"['a/b testing', 'databricks', 'power bi', 'python', 'sap erp', 'sql', 'snowflake', 'talend']",On-site,Business Intelligence Analyst,Athos Systems
Business Intelligence Analyst,"['power bi', 'python', 'sql', 'tableau']",Hybrid,Business Intelligence Analyst,Credico
Business Intelligence Analyst,"['power bi', 'python', 'sql']",Hybrid,Business Intelligence Analyst,TechNET IT Recruitment Ltd
Business Intelligence Analyst,"['microsoft sql server', 'power bi', 'sql']",Hybrid,Business Intelligence Analyst,Reboot Recruit
Business Intelligence Analyst,"['looker', 'power bi', 'python', 'sql', 'tableau']",Remote,Business Intelligence Analyst,Simply Protein for Pets
Business Intelligence Analyst,"['power bi', 'sql', 'snowflake']",Hybrid,Business Intelligence Analyst,Verisure
Business Intelligence Analyst,"['looker', 'metabase', 'sql', 'tableau']",Remote,Business Intelligence Analyst,MonetizeMore
Business Intelligence Analyst,"['foundation', 'microsoft azure', 'power bi', 'sql']",Hybrid,Business Intelligence Analyst,DP World
Business Intelligence Analyst,['java'],On-site,Business Intelligence Analyst,TALENT Software Services
Business Intelligence Analyst,"['java', 'javascript', 'python', 'sql']",On-site,Business Intelligence Analyst,Indodana
Business Intelligence Analyst,"['python', 'sql', 'tableau']",Hybrid,Business Intelligence Analyst,Pentasia
Business Intelligence Analyst,"['power bi', 'sql', 'tableau']",On-site,Business Intelligence Analyst,EPOS
Business Intelligence Analyst,"['data warehousing', 'power bi', 'sql', 'tableau']",On-site,Business Intelligence Analyst,Inside Higher Ed
Business Intelligence Analyst,"['power bi', 'sql']",Hybrid,Business Intelligence Analyst,TRIA
Business Intelligence Analyst,"['javascript', 'power bi', 'python', 'sql']",On-site,Business Intelligence Analyst,Public Safety Credit Union
Business Intelligence Analyst,['power bi'],Hybrid,Business Intelligence Analyst,Lazer Logistics
Business Intelligence Analyst,"['generative ai', 'numpy', 'pandas', 'python', 'sql', 'scikit-learn']",Remote,Business Intelligence Analyst,Geisinger
Business Intelligence Analyst,"['looker', 'power bi', 'soap', 'sql', 'tableau']",On-site,Business Intelligence Analyst,Rentokil Initial
Business Intelligence Analyst,"['data modeling', 'power bi', 'sql']",Remote,Business Intelligence Analyst,FastMed Urgent Care
Business Intelligence Analyst,"['data modeling', 'data warehousing', 'sql', 'tableau', 'workday']",Remote,Business Intelligence Analyst,Loopio
Business Intelligence Analyst,"['power bi', 'python', 'sql', 'statistical analysis', 'technical writing']",Remote,Business Intelligence Analyst,2020 Companies
Business Intelligence Analyst,"['machine learning', 'power bi', 'python', 'sql']",Hybrid,Business Intelligence Analyst,Harnham
Business Intelligence Analyst,"['looker', 'power bi', 'sql', 'tableau']",Hybrid,Business Intelligence Analyst,Outward Hound
Business Intelligence Analyst,"['alteryx', 'power bi', 'sql']",On-site,Business Intelligence Analyst,Goldman Sachs
Business Intelligence Analyst,"['data modeling', 'data warehousing', 'sql', 'tableau', 'workday']",Remote,Business Intelligence Analyst,Loopio
Business Intelligence Analyst,"['looker', 'machine learning', 'power bi', 'python', 'sql', 'tableau']",Hybrid,Business Intelligence Analyst,Harnham
Business Intelligence Analyst,"['looker', 'metabase', 'sql', 'tableau']",On-site,Business Intelligence Analyst,MonetizeMore
Business Intelligence Analyst,"['github', 'jira', 'machine learning', 'sql']",Hybrid,Business Intelligence Analyst,Signal
Business Intelligence Analyst,"['c#', 'confluence', 'github', 'jira', 'scrum']",On-site,Business Intelligence Analyst,AdvanSoft
Business Intelligence Analyst,"['apache airflow', 'databricks', 'elasticsearch', 'foundation', 'git', 'jupyter notebooks', 'langchain', 'large language models (llms)', 'llamaindex', 'looker', 'mongodb', 'mysql', 'numpy', 'pandas', 'pinecone', 'postgresql', 'power bi', 'prefect', 'prompt engineering', 'python', 'sql', 'scikit-learn', 'snowflake', 'tableau', 'weaviate']",Hybrid,Business Intelligence Analyst,Logic Hire Solutions LTD
Business Intelligence Analyst,"['data warehousing', 'microsoft sql server', 'power bi', 'sql', 'tableau']",On-site,Business Intelligence Analyst,Highgate
Business Intelligence Analyst,"['less', 'power bi', 'sql', 'swift', 'tableau']",On-site,Business Intelligence Analyst,Ninja 🥷🏽 نينجا
Business Intelligence Analyst,"['data modeling', 'query optimization', 'sql']",Remote,Business Intelligence Analyst,Clayton
Business Intelligence Analyst,"['looker', 'python', 'sql']",On-site,Business Intelligence Analyst,Peak 21
Business Intelligence Analyst,"['data modeling', 'power bi', 'sql']",On-site,Business Intelligence Analyst,Grubb Properties
Business Intelligence Analyst,"['data mining', 'data warehousing', 'power bi', 'sql', 'snowflake', 'statistical analysis', 'tableau']",Hybrid,Business Intelligence Analyst,Bluebird
Business Intelligence Analyst,['sql'],On-site,Business Intelligence Analyst,Rentokil Initial
Business Intelligence Analyst,"['data modeling', 'data warehousing', 'power bi', 'python', 'sql']",Remote,Business Intelligence Analyst,FoodChain ID
Business Intelligence Analyst,"['clickhouse', 'metabase', 'pandas', 'prefect', 'python', 'sql', 'scikit-learn', 'seaborn', 'tableau']",Remote,Business Intelligence Analyst,Block Labs
Business Intelligence Analyst,"['data modeling', 'power bi', 'sql']",On-site,Business Intelligence Analyst,ALTEN Belgium
Business Intelligence Analyst,"['numpy', 'pandas', 'power bi', 'python', 'sql']",On-site,Business Intelligence Analyst,Irving Consumer Products
Business Intelligence Analyst,"['foundation', 'python', 'sql', 'tableau']",On-site,Business Intelligence Analyst,Encora Inc.
Business Intelligence Analyst,"['d3.js', 'power bi', 'tableau']",Remote,Business Intelligence Analyst,MMS
Business Intelligence Analyst,"['c#', 'data modeling', 'java', 'javascript', 'power bi', 'python', 'sql']",On-site,Business Intelligence Analyst,TECO Peoples Gas
Database Administrator,"['oracle database', 'sql']",Remote,Database Administrator,Devoteam
Database Administrator,"['foundation', 'postgresql', 'sql']",Remote,Database Administrator,"Unify Talent - IT, Digital & Tech Recruitment"
Database Administrator,"['mysql', 'postgresql', 'sql']",Remote,Database Administrator,Crossing Hurdles
Database Administrator,"['git', 'powershell', 'python', 'sql']",Remote,Database Administrator,Inetum
Database Administrator,"['postgresql', 'sql']",On-site,Database Administrator,Zenith System Solutions
Database Administrator,"['data warehousing', 'machine learning', 'postgresql', 'sql', 'terraform']",Remote,Database Administrator,AccessPay
Database Administrator,"['confluence', 'jira', 'mongodb', 'mysql', 'sql']",On-site,Database Administrator,SCS Consulting
Database Administrator,"['computer vision', 'machine learning', 'mysql', 'natural language processing (nlp)', 'postgresql', 'sql']",Remote,Database Administrator,YO IT Consulting
Database Administrator,"['generative ai', 'oracle database']",Hybrid,Database Administrator,Rezolve Ai
Database Administrator,"['mysql', 'sql']",Hybrid,Database Administrator,recurv
Database Administrator,"['microsoft sql server', 'query optimization', 'sql']",On-site,Database Administrator,Kodak GmbH
Database Administrator,"['aws rds', 'mysql', 'php', 'python', 'query optimization', 'sql']",Remote,Database Administrator,WhatConverts
Database Administrator,['sql'],On-site,Database Administrator,Eminevim
Database Administrator,"['microsoft sql server', 'oracle database', 'sql']",Remote,Database Administrator,Jobgether
Database Administrator,"['powershell', 'sql']",Remote,Database Administrator,PFH Technology Group
Database Administrator,"['azure devops', 'git', 'incident response', 'microsoft sql server', 'sql']",Remote,Database Administrator,SHI International Corp.
Database Administrator,"['mariadb', 'mongodb', 'mysql']",Hybrid,Database Administrator,Tact
Database Administrator,"['ansible', 'java', 'oracle database', 'puppet', 'sql', 'scrum', 'splunk']",Hybrid,Database Administrator,Turnberry Solutions
Database Administrator,"['bash', 'mysql', 'postgresql', 'powershell', 'python', 'sql']",Remote,Database Administrator,700apps
Database Administrator,"['azure devops', 'databricks', 'java', 'kubernetes', 'oracle database', 'postgresql', 'sql']",Hybrid,Database Administrator,Papigen
Database Administrator,"['microsoft sql server', 'powershell', 'query optimization', 'sql']",Remote,Database Administrator,ESO
Database Administrator,"['mysql', 'odoo', 'sql']",Remote,Database Administrator,Factech Servicios Informáticos
Database Administrator,"['microsoft sql server', 'sql']",Remote,Database Administrator,Addition
Database Administrator,"['python', 'sql']",Hybrid,Database Administrator,La Fosse
Database Administrator,"['azure devops', 'incident response', 'jira', 'microsoft azure', 'sql', 'servicenow', 'terraform']",Hybrid,Database Administrator,Litmos
Database Administrator,['sql'],Remote,Database Administrator,"Nationwide IT Services, Inc."
Database Administrator,"['gitlab', 'sql']",Remote,Database Administrator,Accord Technologies Inc
Database Administrator,['sql'],Hybrid,Database Administrator,Spectrum IT Recruitment
Database Administrator,"['aws rds', 'ansible', 'bash', 'foundation', 'git', 'oracle database', 'postgresql', 'query optimization', 'sql', 'servicenow', 'shell scripting']",Hybrid,Database Administrator,Fujitsu
Database Administrator,"['devsecops', 'java', 'sql']",Remote,Database Administrator,"Concept Plus, LLC"
Database Administrator,"['cassandra', 'query optimization', 'sql', 'shell scripting']",Hybrid,Database Administrator,Stibo Systems
Database Administrator,"['git', 'microsoft sql server', 'mysql', 'powershell', 'sql']",Remote,Database Administrator,InComm Payments
Database Administrator,"['bitbucket', 'jira']",Hybrid,Database Administrator,Uniting Ambition
Database Administrator,"['python', 'sql']",Hybrid,Database Administrator,Optimis Tech
Database Administrator,"['foundation', 'oracle database', 'postgresql', 'sql', 'shell scripting']",Remote,Database Administrator,Fusion Technology LLC
Database Administrator,"['jenkins', 'mysql', 'postgresql', 'sql']",Hybrid,Database Administrator,Ada Meher
Database Administrator,"['acid properties', 'aws rds', 'foundation', 'microsoft sql server', 'mysql', 'postgresql', 'powershell', 'python', 'query optimization', 'sql', 'servicenow']",Remote,Database Administrator,Rentokil Initial
Database Administrator,"['bash', 'datadog', 'git', 'helm', 'java', 'kubernetes', 'oracle database', 'postgresql', 'powershell', 'python', 'sql', 'terraform']",Hybrid,Database Administrator,Versana
Database Administrator,"['microsoft sql server', 'powershell', 'sql']",Hybrid,Database Administrator,MRJ Recruitment
Database Administrator,"['confluence', 'notion', 'sql']",Remote,Database Administrator,Prolific
Database Administrator,"['java', 'jenkins', 'linux system administration', 'oracle database', 'python', 'sql', 'shell scripting', 'splunk']",On-site,Database Administrator,Apple
Database Administrator,"['microsoft sql server', 'mongodb', 'power bi', 'sql']",On-site,Database Administrator,Gensler
Database Administrator,"['foundation', 'java', 'mariadb', 'mongodb', 'mysql', 'postgresql', 'powershell', 'sql']",On-site,Database Administrator,Digital Omnis Consulting
Database Administrator,"['microsoft sql server', 'powershell', 'python', 'query optimization', 'sql']",On-site,Database Administrator,Confidential Careers
Database Administrator,"['itil framework', 'microsoft sql server', 'mongodb', 'mysql', 'postgresql', 'sql']",On-site,Database Administrator,Netcompany
SAP Consultant,['sap erp'],Remote,ERP Consultant,Astek
ERP Consultant,['microsoft dynamics 365'],Remote,ERP Consultant,Orisha
ERP Consultant,['julia'],Remote,ERP Consultant,KK Group
ERP Consultant,"['microsoft dynamics 365', 'mysql', 'php']",Hybrid,ERP Consultant,INDIBA Group
ERP Consultant,['microsoft dynamics 365'],Hybrid,ERP Consultant,4PS by Hilti - Belgium
ERP Consultant,['sql'],On-site,ERP Consultant,Esch & Pickel GmbH
ERP Consultant,['microsoft dynamics 365'],Remote,ERP Consultant,Orisha
ERP Consultant,"['informatica', 'microsoft dynamics 365']",Hybrid,ERP Consultant,Axelio
ERP Consultant,['odoo'],Hybrid,ERP Consultant,much. Consulting
ERP Consultant,['sql'],On-site,ERP Consultant,NETPLAN (GR)
ERP Consultant,['odoo'],On-site,ERP Consultant,openfellas | Odoo Gold Partner seit 2014
ERP Consultant,['microsoft dynamics 365'],Remote,ERP Consultant,Orisha
ERP Consultant,['jest'],Remote,ERP Consultant,Astek
ERP Consultant,"['foundation', 'odoo']",Hybrid,ERP Consultant,much. Consulting
ERP Consultant,['microsoft dynamics 365'],Remote,ERP Consultant,Calsoft Systems
ERP Consultant,"['microsoft sql server', 'sql']",On-site,ERP Consultant,SOCON.IT GmbH
ERP Consultant,['microsoft dynamics 365'],Hybrid,ERP Consultant,Axelio
ERP Consultant,['microsoft dynamics 365'],Hybrid,ERP Consultant,4PS by Hilti - Belgium
ERP Consultant,['microsoft dynamics 365'],Remote,ERP Consultant,Orisha
ERP Consultant,['odoo'],On-site,ERP Consultant,Westaflex
ERP Consultant,['microsoft dynamics 365'],Hybrid,ERP Consultant,Hirelight EB Consulting
ERP Consultant,['odoo'],Hybrid,ERP Consultant,Instaffo
ERP Consultant,['microsoft dynamics 365'],Hybrid,ERP Consultant,4PS by Hilti - Belgium
ERP Consultant,['microsoft dynamics 365'],Hybrid,ERP Consultant,Employer Brand Anchor
ERP Consultant,['sql'],On-site,ERP Consultant,ipracujzdalnie.pl
ERP Consultant,"['javascript', 'odoo', 'postgresql', 'python']",Hybrid,ERP Consultant,Instaffo
ERP Consultant,['microsoft dynamics 365'],On-site,ERP Consultant,360 Consulting GmbH
ERP Consultant,['microsoft dynamics 365'],Hybrid,ERP Consultant,Merschbrock-Wiese Gewürz GmbH
SAP Consultant,"['abap', 'sap erp']",Hybrid,ERP Consultant,Arsenalia
ERP Consultant,['microsoft dynamics 365'],On-site,ERP Consultant,360 Consulting GmbH
ERP Consultant,['sql'],On-site,ERP Consultant,FEP Fahrzeugelektrik Pirna GmbH & Co. KG
SAP Consultant,"['soap', 'sql']",Hybrid,SAP Consultant,Adastra
SAP Consultant,"['abap', 'machine learning', 'scrum']",Remote,SAP Consultant,ENERGY4U GmbH
SAP Consultant,"['foundation', 'generative ai', 'sap erp']",On-site,SAP Consultant,Tkxel
SAP Consultant,"['abap', 'foundation', 'java']",Hybrid,SAP Consultant,Arvato Systems
SAP Consultant,"['machine learning', 'microsoft dynamics 365', 'servicenow']",On-site,SAP Consultant,Tenth Revolution Group
SAP Consultant,['abap'],Hybrid,SAP Consultant,Franklin Fitch
SAP Consultant,"['abap', 'machine learning']",Remote,SAP Consultant,ENERGY4U GmbH
SAP Consultant,['microsoft azure'],Remote,SAP Consultant,Energize Group
SAP Consultant,"['abap', 'confluence', 'jira']",On-site,SAP Consultant,pocketsquareAI
SAP Consultant,"['foundation', 'less']",Hybrid,SAP Consultant,Implico Group
SAP Consultant,['machine learning'],Remote,SAP Consultant,ENERGY4U GmbH
SAP Consultant,['jira'],Hybrid,SAP Consultant,PrimeIT España
SAP Consultant,['abap'],On-site,SAP Consultant,Tata Consultancy Services
SAP Consultant,"['data modeling', 'sql']",On-site,SAP Consultant,eNcloud Services LLC
SAP Consultant,"['abap', 'git']",Hybrid,SAP Consultant,PwC Italy
SAP Consultant,['abap'],On-site,SAP Consultant,Tata Consultancy Services
SAP Consultant,['machine learning'],Remote,SAP Consultant,ENERGY4U GmbH
Salesforce Developer,"['javascript', 'sql']",On-site,Salesforce Developer,Anson McCade
Salesforce Developer,"['agile methodology', 'git', 'javascript', 'jira', 'less', 'soap']",Remote,Salesforce Developer,Mojo Mortgages
Salesforce Developer,"['data modeling', 'git']",Hybrid,Salesforce Developer,Decskill
Salesforce Developer,"['git', 'gitlab', 'jest', 'soap']",Remote,Salesforce Developer,Astek
Salesforce Developer,"['soap', 'scrum']",Remote,Salesforce Developer,Anson McCade
Salesforce Developer,"['agile methodology', 'git', 'javascript', 'jira', 'less', 'soap']",Remote,Salesforce Developer,Mojo Mortgages
Salesforce Developer,"['git', 'soap', 'scrum']",Remote,Salesforce Developer,Eden Scott
Salesforce Developer,"['javascript', 'soap', 'sql', 'woocommerce']",On-site,Salesforce Developer,Rappidx
Salesforce Developer,"['data modeling', 'machine learning', 'sql']",On-site,Salesforce Developer,Accellor
Salesforce Developer,"['git', 'soap', 'scrum']",On-site,Salesforce Developer,dentsu
Salesforce Developer,"['git', 'jenkins', 'mulesoft', 'soap']",Remote,Salesforce Developer,Jobgether
Salesforce Developer,"['confluence', 'cypress', 'graphql', 'jira', 'soap']",Remote,Salesforce Developer,ArcheSys Inc
Salesforce Developer,"['azure devops', 'html5', 'javascript']",On-site,Salesforce Developer,Glint Tech Solutions
Salesforce Developer,"['data modeling', 'javascript', 'sql', 'scrum']",Hybrid,Salesforce Developer,PIXIE
Salesforce Developer,"['confluence', 'html5', 'java', 'javascript', 'jira', 'microsoft azure', 'mulesoft', 'php', 'phoenix']",On-site,Salesforce Developer,Girikon
Salesforce Developer,['git'],On-site,Salesforce Developer,idealista
Salesforce Developer,"['javascript', 'soap', 'salesforce administration', 'technical writing']",On-site,Salesforce Developer,Selah Digital
Salesforce Developer,"['informatica', 'mulesoft', 'python', 'soap', 'sql', 'talend']",Hybrid,Salesforce Developer,Ascendion
Salesforce Developer,['soap'],Remote,Salesforce Developer,Meritore Technologies
Salesforce Developer,['informatica'],Remote,Salesforce Developer,Investech spa
Salesforce Developer,"['data modeling', 'git', 'jenkins', 'mulesoft', 'soap']",On-site,Salesforce Developer,CoreFlex Solutions Inc.
Salesforce Developer,['mulesoft'],Remote,Salesforce Developer,"Salesforce Staffing, LLC"
Salesforce Developer,"['azure devops', 'bitbucket', 'github', 'junit', 'java', 'javascript', 'postman', 'soap', 'scala', 'selenium']",Remote,Salesforce Developer,Signify Technology
Salesforce Developer,"['generative ai', 'git', 'jira', 'machine learning', 'soap']",Remote,Salesforce Developer,Lyra Health
Salesforce Developer,"['azure devops', 'git', 'jira', 'kanban', 'less', 'scrum']",Remote,Salesforce Developer,Insight Global
Salesforce Developer,"['azure devops', 'git', 'jira', 'kanban', 'soap', 'scrum']",Remote,Salesforce Developer,mthree
Salesforce Developer,"['foundation', 'mulesoft', 'soap']",Hybrid,Salesforce Developer,Flywire
Salesforce Developer,"['bitbucket', 'javascript', 'jira', 'soap', 'sql', 'salesforce apex']",Remote,Salesforce Developer,Commutatus
Salesforce Developer,"['angular', 'javascript', 'vue.js']",On-site,Salesforce Developer,SF Technology Partners
Salesforce Developer,['github'],Hybrid,Salesforce Developer,IOON
Salesforce Developer,"['c#', 'databricks', 'informatica', 'python', 'sql', 'snowflake', 'uipath', 'workday']",Remote,Salesforce Developer,Smartbridge
Salesforce Developer,"['java', 'javascript', 'kanban', 'scrum']",Remote,Salesforce Developer,KCS iT
Salesforce Developer,"['data lakes', 'databricks', 'kanban', 'mulesoft', 'sql', 'scrum', 'snowflake', 'tableau']",Hybrid,Salesforce Developer,Damia Group
Salesforce Developer,"['generative ai', 'git', 'java', 'javascript', 'mulesoft', 'node.js', 'soap']",Remote,Salesforce Developer,Plative
Salesforce Developer,['soap'],Hybrid,Salesforce Developer,Litmos
Salesforce Developer,"['3d modeling', 'deep learning', 'informatica', 'jenkins', 'machine learning', 'mulesoft', 'soap', 'uipath']",On-site,Salesforce Developer,Calpion Inc.
Salesforce Developer,"['git', 'jenkins']",On-site,Salesforce Developer,Harvey Nash
Salesforce Developer,['mulesoft'],Hybrid,Salesforce Developer,Vargo Group
DevOps Engineer,"['azure devops', 'azure virtual machines', 'bash', 'helm', 'kubernetes', 'powershell', 'sql', 'terraform']",Remote,DevOps Engineer,RethinkFirst
DevOps Engineer,"['bash', 'docker', 'github', 'java', 'jenkins', 'kubernetes', 'python', 'terraform']",Remote,DevOps Engineer,DataCareers
DevOps Engineer,"['bash', 'git', 'load balancing', 'powershell', 'python', 'terraform']",Remote,DevOps Engineer,Methods
DevOps Engineer,"['ansible', 'azure devops', 'bash', 'docker', 'firewall configuration', 'foundation', 'github', 'github actions', 'gitlab', 'jenkins', 'kubernetes', 'postgresql', 'python', 'terraform']",On-site,DevOps Engineer,Autoflows
DevOps Engineer,"['ansible', 'docker', 'git', 'github', 'github actions', 'gitlab', 'gitlab ci/cd', 'grafana', 'jenkins', 'kubernetes', 'microservices architecture', 'prometheus', 'python', 'terraform']",Hybrid,DevOps Engineer,Gravitix Tech
DevOps Engineer,"['argocd', 'docker', 'foundation', 'github', 'github actions', 'grafana', 'helm', 'incident response', 'kubernetes', 'prometheus', 'snowflake', 'terraform']",Remote,DevOps Engineer,Knotch
DevOps Engineer,"['aws cdk', 'aws eks', 'docker', 'git', 'gitlab', 'gitlab ci/cd', 'helm', 'kubernetes', 'terraform']",Remote,DevOps Engineer,Geneoscopy
DevOps Engineer,"['github', 'github actions', 'gitlab', 'grafana', 'helm', 'incident response', 'kubernetes', 'prometheus', 'python', 'terraform', 'typescript']",Remote,DevOps Engineer,FT Recruitment Group
DevOps Engineer,"['aws eks', 'bash', 'docker', 'foundation', 'github', 'github actions', 'gitlab', 'grafana', 'incident response', 'jenkins', 'kubernetes', 'prometheus', 'python', 'splunk', 'terraform']",Remote,DevOps Engineer,Jobgether
DevOps Engineer,"['ansible', 'bash', 'chef', 'datadog', 'docker', 'github', 'github actions', 'grafana', 'java', 'javascript', 'jenkins', 'load balancing', 'mongodb', 'prometheus', 'python', 'ruby', 'sql', 'terraform']",Remote,DevOps Engineer,Duetto
DevOps Engineer,"['azure devops', 'bash', 'docker', 'kubernetes', 'python', 'terraform']",Hybrid,DevOps Engineer,Anson McCade
DevOps Engineer,"['kubernetes', 'rust', 'terraform']",Remote,DevOps Engineer,TechShack
DevOps Engineer,"['ansible', 'bash', 'chef', 'cloud run', 'datadog', 'docker', 'git', 'github', 'github actions', 'gitlab', 'grafana', 'jenkins', 'kubernetes', 'new relic', 'prometheus', 'puppet', 'python', 'terraform']",Remote,DevOps Engineer,Natera
DevOps Engineer,"['azure devops', 'bash', 'git', 'jenkins', 'python', 'terraform']",Remote,DevOps Engineer,EUROPEAN DYNAMICS
DevOps Engineer,"['ansible', 'bash', 'docker', 'grafana', 'incident response', 'kubernetes', 'prometheus', 'python', 'terraform']",On-site,DevOps Engineer,MOZN
DevOps Engineer,"['amazon web services (aws)', 'azure devops', 'github', 'jenkins', 'kubernetes', 'terraform']",Remote,DevOps Engineer,"Money, Inc."
DevOps Engineer,"['ansible', 'azure devops', 'cloudflare', 'docker', 'docker compose', 'github', 'github actions', 'kubernetes', 'terraform']",Remote,DevOps Engineer,Eden Scott
DevOps Engineer,"['ansible', 'bash', 'clickhouse', 'docker', 'git', 'gitlab', 'gitlab ci/cd', 'grafana', 'helm', 'incident response', 'jira', 'kubernetes', 'mongodb', 'nginx', 'powershell', 'shell scripting', 'terraform', 'windows server administration']",Remote,DevOps Engineer,ElectroNeek
DevOps Engineer,"['aws cdk', 'bitbucket', 'circleci', 'cloudflare', 'datadog', 'devsecops', 'docker', 'git', 'github', 'helm', 'kubernetes', 'node.js', 'python', 'terraform', 'typescript']",Remote,DevOps Engineer,Econocom España
DevOps Engineer,"['bash', 'docker', 'kubernetes', 'prometheus', 'python', 'terraform']",On-site,DevOps Engineer,Viraaj HR Solutions Private Limited
DevOps Engineer,"['aws lambda', 'ansible', 'chef', 'docker', 'git', 'kubernetes', 'node.js', 'python', 'terraform']",On-site,DevOps Engineer,DigitalXNode
DevOps Engineer,"['microsoft sql server', 'powershell', 'sql']",Remote,DevOps Engineer,Deloitte
DevOps Engineer,"['git', 'github', 'github actions', 'grafana', 'jenkins', 'jira', 'python', 'terraform']",Remote,DevOps Engineer,Miratech
DevOps Engineer,"['azure devops', 'docker', 'git', 'github', 'github actions', 'kubernetes', 'terraform']",Remote,DevOps Engineer,Avance Consulting
DevOps Engineer,"['edge computing', 'large language models (llms)', 'machine learning']",Hybrid,DevOps Engineer,Raphus Solutions
Technical Support-Engineer,"['aws lambda', 'ansible', 'azure functions', 'digitalocean', 'django', 'docker', 'git', 'grafana', 'haproxy', 'kanban', 'kubernetes', 'microservices architecture', 'mongodb', 'mysql', 'nginx', 'openid connect', 'postgresql', 'prometheus', 'python', 'scrum', 'shell scripting', 'terraform', 'traefik']",On-site,DevOps Engineer,Stackfusion Private Limited
DevOps Engineer,"['git', 'jenkins', 'kubernetes', 'mongodb', 'postman', 'shell scripting']",On-site,DevOps Engineer,Facctum
DevOps Engineer,"['circleci', 'databricks', 'datadog', 'devsecops', 'github', 'github actions', 'okta', 'pulumi', 'snowflake', 'splunk', 'terraform']",Remote,DevOps Engineer,Mercor
DevOps Engineer,"['cloudflare', 'digitalocean', 'docker', 'javascript', 'openid connect', 'postgresql', 'redis', 'ruby', 'ruby on rails', 'woocommerce']",On-site,DevOps Engineer,Essence Innovation Corp.
DevOps Engineer,"['argocd', 'bash', 'datadog', 'github', 'github actions', 'gitlab', 'grafana', 'helm', 'jenkins', 'kubernetes', 'powershell', 'prometheus', 'pulumi', 'python', 'terraform']",Remote,DevOps Engineer,"Telestream, LLC"
DevOps Engineer,['kubernetes'],Remote,DevOps Engineer,MAM Gruppe
DevOps Engineer,"['ansible', 'azure devops', 'databricks', 'git', 'identity and access management (iam)', 'powershell', 'python', 'terraform']",Hybrid,DevOps Engineer,Insight Global
DevOps Engineer,"['ansible', 'computer vision', 'docker', 'grafana', 'kubernetes', 'linux system administration', 'machine learning', 'natural language processing (nlp)', 'prometheus', 'terraform']",Remote,DevOps Engineer,YO IT Consulting
DevOps Engineer,"['aws eks', 'angular', 'ansible', 'bash', 'devsecops', 'docker', 'foundation', 'java', 'javascript', 'jenkins', 'machine learning', 'python', 'terraform']",Remote,DevOps Engineer,"Dev Technology Group, Inc."
DevOps Engineer,"['ansible', 'docker', 'github', 'github actions', 'grafana', 'java', 'kubernetes', 'postgresql', 'prometheus', 'rust', 'terraform']",Remote,DevOps Engineer,Code Compass 🧭
DevOps Engineer,"['chef', 'docker', 'github', 'github actions', 'groovy', 'java', 'jenkins', 'kubernetes', 'python', 'terraform']",Hybrid,DevOps Engineer,LSA Recruit
DevOps Engineer,"['clickhouse', 'datadog', 'heroku', 'kubernetes', 'pulumi', 'terraform', 'vercel']",Remote,DevOps Engineer,Knock
DevOps Engineer,"['aws cdk', 'devsecops', 'docker', 'git', 'gitlab', 'incident response', 'java', 'mysql', 'python', 'sql', 'terraform']",Remote,DevOps Engineer,Ursa Space Systems
DevOps Engineer,"['docker', 'jenkins', 'mongodb']",On-site,DevOps Engineer,EdgeVantage
DevOps Engineer,"['bash', 'docker', 'kubernetes', 'powershell', 'sql', 'terraform']",On-site,DevOps Engineer,BESTMIX Software
DevOps Engineer,"['devsecops', 'github', 'github actions', 'kubernetes', 'terraform']",Hybrid,DevOps Engineer,Symbiotic Security
Azure Cloud Engineer,"['datadog', 'docker', 'foundation', 'github', 'github actions', 'incident response', 'kubernetes', 'new relic', 'terraform']",Remote,DevOps Engineer,Carrum Health
DevOps Engineer,"['ansible', 'argocd', 'azure devops', 'bash', 'docker', 'gitlab', 'grafana', 'kubernetes', 'powershell', 'prometheus', 'python', 'shell scripting', 'terraform']",Remote,DevOps Engineer,CallMiner
DevOps Engineer,"['amazon web services (aws)', 'bash', 'docker', 'kubernetes', 'microservices architecture', 'python', 'terraform']",Hybrid,DevOps Engineer,Welkin Soft Tech Pvt Ltd
DevOps Engineer,"['ansible', 'bash', 'docker', 'git', 'github', 'github actions', 'gitlab', 'jenkins', 'kubernetes', 'new relic', 'powershell', 'puppet', 'python', 'splunk', 'terraform']",On-site,DevOps Engineer,BLN24
DevOps Engineer,"['ansible', 'bash', 'datadog', 'docker', 'github', 'github actions', 'grafana', 'incident response', 'kubernetes', 'prometheus', 'python', 'site reliability engineering (sre)', 'terraform']",On-site,DevOps Engineer,8byte
DevOps Engineer,"['aws ecs', 'github', 'github actions', 'java', 'jenkins', 'kubernetes', 'terraform']",Remote,DevOps Engineer,Oliver Bernard
Azure Cloud Engineer,"['incident response', 'kubernetes', 'less', 'microsoft azure', 'sql', 'terraform']",Remote,Cloud Engineer,iQ HealthTech
Cloud Engineer,"['cucumber', 'postman', 'python', 'selenium', 'terraform']",Hybrid,Cloud Engineer,Deloitte
Cloud Engineer,"['bash', 'github', 'github actions', 'python', 'terraform']",Remote,Cloud Engineer,PIXIE
Cloud Engineer,"['bash', 'git', 'gitlab', 'grafana', 'load balancing', 'node.js', 'prometheus', 'python', 'terraform']",Remote,Cloud Engineer,Ikerian
Cloud Engineer,"['amazon web services (aws)', 'grafana', 'jenkins', 'python', 'terraform']",Remote,Cloud Engineer,Revoco
Cloud Engineer,"['ansible', 'docker', 'foundation', 'grafana', 'kubernetes', 'prometheus', 'python', 'ruby', 'terraform']",Hybrid,Cloud Engineer,Yapily
Cloud Engineer,"['amazon web services (aws)', 'bash', 'docker', 'github', 'github actions', 'gitlab', 'gitlab ci/cd', 'grafana', 'jenkins', 'kubernetes', 'python', 'terraform']",Remote,Cloud Engineer,Qualient Technology Solutions UK Limited
Cloud Engineer,"['azure virtual machines', 'bash', 'foundation', 'microsoft azure', 'powershell', 'python']",Remote,Cloud Engineer,Protera
Cloud Engineer,"['ansible', 'bash', 'docker', 'git', 'jira', 'scrum', 'servicenow', 'terraform']",Remote,Cloud Engineer,Axpe Consulting
Cloud Engineer,"['azure devops', 'data modeling', 'databricks', 'git', 'github', 'github actions', 'sql']",On-site,Cloud Engineer,Sonata Software
Azure Cloud Engineer,"['ansible', 'azure devops', 'azure functions', 'bash', 'bitbucket', 'chef', 'databricks', 'docker', 'gitlab', 'grafana', 'identity and access management (iam)', 'incident response', 'jenkins', 'kubernetes', 'load balancing', 'powershell', 'prometheus', 'puppet', 'python', 'sql', 'terraform']",Remote,Cloud Engineer,Dogma Group
Cloud Engineer,"['confluence', 'git', 'jira', 'postman', 'soap', 'sql', 'snowflake']",Hybrid,Cloud Engineer,VISEO
DevOps Engineer,"['docker', 'java', 'kubernetes', 'python', 'sql', 'servicenow']",Remote,Cloud Engineer,Cor-e Consulting Services
Cloud Security Engineer,"['bash', 'datadog', 'docker', 'github', 'github actions', 'grafana', 'load balancing', 'postgresql', 'prometheus', 'python', 'terraform', 'threat modeling', 'typescript']",On-site,Cloud Engineer,Konfirmity
Azure Cloud Engineer,"['azure devops', 'docker', 'fastapi', 'git', 'github', 'github actions', 'incident response', 'python', 'terraform']",Remote,Cloud Engineer,Servant
Cloud Security Engineer,"['docker', 'kubernetes', 'machine learning', 'pulumi', 'python', 'terraform', 'typescript']",Remote,Cloud Engineer,HiddenLayer
Cloud Engineer,"['bash', 'github', 'github actions', 'python', 'terraform']",Remote,Cloud Engineer,Ytech
Cloud Engineer,"['ansible', 'azure devops', 'azure functions', 'devsecops', 'docker', 'github', 'github actions', 'java', 'kubernetes', 'microsoft azure', 'python', 'restful apis', 'sql', 'terraform']",Remote,Cloud Engineer,"Pyramid Systems, Inc."
Azure Cloud Engineer,"['ansible', 'terraform']",On-site,Cloud Engineer,Ventula Consulting
IT Infrastructure Engineer,"['dhcp', 'incident response', 'microsoft azure', 'powershell', 'terraform']",Remote,Cloud Engineer,Norland
Azure Cloud Engineer,"['azure devops', 'powershell', 'terraform']",On-site,Cloud Engineer,AaNeel
Cloud Engineer,"['bitbucket', 'chef', 'confluence', 'docker', 'jenkins', 'jira', 'kubernetes', 'microsoft azure', 'sql', 'shell scripting', 'terraform']",Remote,Cloud Engineer,Protera
Cloud Engineer,"['scrum', 'terraform']",Hybrid,Cloud Engineer,La Fosse
Azure Cloud Engineer,"['foundation', 'microsoft azure', 'terraform']",Remote,Cloud Engineer,Founderr
Cloud Engineer,"['aws lambda', 'amazon web services (aws)', 'python', 'terraform']",Hybrid,Cloud Engineer,Opus Recruitment Solutions
Cloud Engineer,"['argocd', 'bash', 'git', 'grafana', 'hashicorp vault', 'incident response', 'kubernetes', 'prometheus', 'python', 'saml', 'terraform', 'vlan/vxlan']",Remote,Cloud Engineer,
Cloud Engineer,"['devsecops', 'github', 'gitlab', 'grafana', 'prometheus', 'sonarqube', 'terraform']",Remote,Cloud Engineer,IOON
Azure Cloud Engineer,"['git', 'powershell', 'python', 'saml', 'sql', 'terraform']",Hybrid,Cloud Engineer,Bonhill Partners
Cloud Engineer,"['docker', 'github', 'github actions', 'gitlab', 'jenkins', 'kubernetes', 'python', 'terraform']",Hybrid,Cloud Engineer,Arrows
Cloud Engineer,"['google cloud platform (gcp)', 'incident response', 'sql', 'terraform']",Remote,Cloud Engineer,SearchWorks
Azure Cloud Engineer,['microsoft azure'],Hybrid,Cloud Engineer,Akkodis
Cloud Engineer,['dhcp'],On-site,Cloud Engineer,Ideamine Technologies (Acquired by Netrix Global)
Cloud Engineer,"['incident response', 'vulnerability assessment']",Hybrid,Cloud Engineer,Herzum (now part of catworkx)
Cloud Engineer,"['devsecops', 'django', 'foundation', 'groovy', 'jira', 'powershell', 'python', 'sql', 'selenium', 'terraform']",Hybrid,Cloud Engineer,Tata Consultancy Services
Cloud Engineer,"['azure devops', 'azure functions', 'bash', 'datadog', 'docker', 'grafana', 'powershell', 'prometheus', 'python', 'sql', 'terraform']",Remote,Cloud Engineer,Procode
Cloud Engineer,"['azure devops', 'kubernetes', 'servicenow', 'terraform']",Hybrid,Cloud Engineer,Empiric
Cloud Engineer,"['ansible', 'bash', 'docker', 'jenkins', 'kubernetes', 'python', 'terraform']",On-site,Cloud Engineer,Infotel UK Consulting
Azure Cloud Engineer,"['azure devops', 'github', 'github actions', 'microsoft azure', 'powershell', 'python', 'terraform']",Hybrid,Cloud Engineer,Peaple Talent
Cloud Engineer,['azure devops'],Remote,Cloud Engineer,Delaney & Bourton
Cloud Engineer,"['cloud run', 'docker', 'google cloud platform (gcp)', 'java', 'jenkins', 'kubernetes', 'prometheus', 'python', 'terraform']",On-site,Cloud Engineer,Müller's Solutions
Cloud Engineer,"['git', 'powershell', 'python', 'terraform']",Hybrid,Cloud Engineer,Bonhill Partners
Cloud Engineer,"['powershell', 'python']",Remote,Cloud Engineer,Henry Schein One
Cloud Engineer,"['git', 'powershell', 'python', 'terraform']",Hybrid,Cloud Engineer,Sterlings
Cloud Engineer,"['aws cdk', 'aws lambda', 'amazon web services (aws)', 'python', 'terraform']",Hybrid,Cloud Engineer,Arelance
Cloud Engineer,"['foundation', 'terraform']",Remote,Cloud Engineer,EverCommerce
Cloud Engineer,"['amazon web services (aws)', 'ansible', 'docker', 'kubernetes', 'microsoft azure', 'openstack', 'scrum']",Remote,Cloud Engineer,ekspè GmbH
Application Security Engineer,"['bash', 'docker', 'github', 'github actions', 'gitlab', 'gitlab ci/cd', 'grafana', 'jenkins', 'kubernetes', 'python', 'terraform']",Remote,Cloud Engineer,Apprize Technology Solutions
Cloud Engineer,"['kubernetes', 'terraform']",On-site,Cloud Engineer,Selby Jennings
System Administrator,"['incident response', 'microsoft azure']",On-site,System Administrator,ACCPRO
System Administrator,"['microsoft dynamics 365', 'power bi', 'sql']",Hybrid,System Administrator,Phaidon International
System Administrator,"['power bi', 'sql', 'windows server administration']",Hybrid,System Administrator,ASBIS SK
System Administrator,"['confluence', 'jira', 'monday.com']",Remote,System Administrator,Exepay Ltd
System Administrator,"['bash', 'identity and access management (iam)', 'notion', 'okta', 'powershell', 'python']",Remote,System Administrator,Air Apps
System Administrator,"['bash', 'machine learning', 'powershell', 'python']",Hybrid,System Administrator,Seargin
System Administrator,['microsoft azure'],On-site,System Administrator,Gerrie Electric Wholesale Ltd.
System Administrator,"['mysql', 'powershell', 'sql']",Hybrid,System Administrator,QNB Invest
System Administrator,"['dhcp', 'incident response', 'powershell']",On-site,System Administrator,Core Laboratories
System Administrator,"['browserstack', 'foundation', 'generative ai', 'java', 'soap', 'servicenow', 'spring boot']",On-site,System Administrator,Nagarro
System Administrator,"['microsoft azure', 'powershell']",On-site,System Administrator,Antaeus Travel Group
System Administrator,"['mongodb', 'postgresql', 'sql']",Remote,System Administrator,Harvey Nash
System Administrator,['data modeling'],Hybrid,System Administrator,Virgin Hotels
Linux Administrator,"['azure devops', 'bash', 'dhcp', 'docker', 'informatica', 'java', 'kubernetes', 'powershell', 'sql']",Remote,System Administrator,NEVERHACK Italy
System Administrator,"['bash', 'dns management', 'docker', 'git', 'load balancing', 'mariadb', 'mysql', 'nginx', 'php', 'sql']",On-site,System Administrator,Dimakh Consultants Pvt.Ltd
Linux Administrator,"['ansible', 'bash', 'git', 'github', 'incident response', 'php', 'powershell', 'python', 'ruby']",Remote,System Administrator,Premier Group
System Administrator,"['dhcp', 'microsoft azure']",On-site,System Administrator,Proda Technology
System Administrator,"['ansible', 'bash', 'load balancing', 'powershell']",On-site,System Administrator,emaratech
System Administrator,['sql'],Remote,System Administrator,Mooneh Logistics
System Administrator,"['dhcp', 'fortinet', 'jira']",On-site,System Administrator,ThoughtLabs Belgium
System Administrator,"['crowdstrike', 'dhcp', 'jira', 'okta']",Hybrid,System Administrator,Surecomp
Linux Administrator,"['ansible', 'grafana', 'mariadb', 'mysql', 'prometheus']",On-site,System Administrator,CSpace Web Solutions Pvt. Ltd
System Administrator,"['dhcp', 'microsoft azure', 'powershell']",Hybrid,System Administrator,Adentis Portugal
System Administrator,"['mulesoft', 'pentaho']",Remote,System Administrator,EndeavourOn
iOS Developer,"['javascript', 'soap', 'scrum', 'servicenow']",Hybrid,System Administrator,NATLEX Technologies | ServiceNow Partner
Linux Administrator,['shell scripting'],Remote,System Administrator,Deccan AI Experts
System Administrator,"['ansible', 'azure devops', 'chef', 'data modeling', 'devsecops', 'docker', 'git', 'jenkins', 'kubernetes', 'power bi', 'powershell', 'puppet', 'python', 'servicenow', 'terraform']",Hybrid,System Administrator,Accenture
System Administrator,['microsoft azure'],Hybrid,System Administrator,fly-tech IT GmbH
System Administrator,"['bash', 'docker', 'foundation', 'git', 'grafana', 'kubernetes', 'nginx', 'powershell', 'prometheus', 'terraform']",Hybrid,System Administrator,DEVnet
System Administrator,"['dhcp', 'github', 'jira', 'okta']",Hybrid,System Administrator,Lendbuzz
System Administrator,"['dhcp', 'machine learning']",On-site,System Administrator,KlearNow.AI
System Administrator,"['confluence', 'jira']",On-site,System Administrator,ECCO Supply™
Network Engineer,"['ansible', 'bgp', 'dhcp', 'terraform']",Remote,Network Engineer,Eden Scott
Network Engineer,['fortinet'],Hybrid,Network Engineer,James Adams
Network Engineer,"['saml', 'wireshark']",Hybrid,Network Engineer,Queen Square Recruitment
Network Engineer,"['ansible', 'appdynamics', 'bgp', 'qlikview', 'servicenow', 'uipath']",Hybrid,Network Engineer,PURVIEW
Network Engineer,"['dhcp', 'ospf']",Hybrid,Network Engineer,Escode
Network Engineer,['penetration testing'],Remote,Network Engineer,Jobgether
Network Engineer,"['bgp', 'cisco ios', 'ids/ips', 'incident response', 'ospf', 'siem']",Remote,Network Engineer,Miratech
Network Engineer,['foundation'],Remote,Network Engineer,ProArch
Network Engineer,['sd-wan'],On-site,Network Engineer,VRINDA INTERNATIONAL
Network Engineer,"['bgp', 'incident response', 'ospf', 'sd-wan']",On-site,Network Engineer,Franklin Fitch
Network Engineer,['dhcp'],Remote,Network Engineer,Emapta Global
Network Engineer,"['bgp', 'load balancing', 'ospf']",On-site,Network Engineer,"Synchrony Systems, Inc."
Network Engineer,"['ospf', 'sd-wan']",On-site,Network Engineer,Inceed
Network Engineer,['sd-wan'],Hybrid,Network Engineer,Franklin Fitch
Network Engineer,"['ansible', 'bgp', 'ospf', 'python', 'terraform']",On-site,Network Engineer,Tech Cleanup
Network Engineer,"['fiber', 'fortinet']",On-site,Network Engineer,Clarkston Community Schools
Network Engineer,"['angular', 'ansible', 'docker', 'dynamodb', 'generative ai', 'github', 'github actions', 'gitlab', 'grafana', 'java', 'javascript', 'jenkins', 'jira', 'kanban', 'kubernetes', 'mongodb', 'mysql', 'node.js', 'postgresql', 'prometheus', 'pulumi', 'python', 'sql', 'terraform']",On-site,Network Engineer,Accenture services Pvt Ltd
Network Engineer,"['bgp', 'fortinet', 'osi model', 'ospf', 'penetration testing', 'scrum', 'splunk']",On-site,Network Engineer,SecureStrux®
Network Engineer,"['bgp', 'bash', 'ospf', 'python', 'sd-wan']",Remote,Network Engineer,Nscale
Network Engineer,"['firewall configuration', 'sd-wan']",Hybrid,Network Engineer,First Point Group
Network Engineer,['microsoft azure'],Remote,Network Engineer,Haystack
Network Engineer,"['fortinet', 'scrum']",Hybrid,Network Engineer,La Fosse
Network Engineer,"['ansible', 'dhcp', 'incident response', 'load balancing', 'python']",Remote,Network Engineer,Gifthealth
Network Engineer,['amazon web services (aws)'],Remote,Network Engineer,Nasscomm
Network Engineer,"['dhcp', 'fortinet']",On-site,Network Engineer,Fulham Football Club
Network Engineer,"['dhcp', 'fiber', 'foundation', 'mikrotik', 'wireshark']",Remote,Network Engineer,Aerwave
Network Engineer,['sd-wan'],Remote,Network Engineer,Insight Global
Network Engineer,"['ansible', 'fortinet', 'incident response', 'python']",Remote,Network Engineer,CloudFirst
Network Engineer,"['dhcp', 'fortinet', 'microsoft azure']",Hybrid,Network Engineer,Fruition Group Ireland
Network Engineer,"['foundation', 'sd-wan']",Hybrid,Network Engineer,Datasource Recruitment
Network Engineer,"['aws vpc', 'ansible', 'bgp', 'ids/ips', 'load balancing', 'ospf', 'powershell', 'python', 'sd-wan']",Hybrid,Network Engineer,First Bank
Network Engineer,"['ansible', 'fortinet', 'osi model', 'python', 'sd-wan', 'siem', 'terraform']",On-site,Network Engineer,Hamilton Barnes 🌳
Network Engineer,"['fortinet', 'incident response', 'sd-wan']",Remote,Network Engineer,Freire Schools
Network Engineer,"['bgp', 'foundation', 'ospf', 'powershell']",On-site,Network Engineer,Jurgensen Companies
Network Engineer,"['bgp', 'load balancing', 'ospf', 'python', 'sd-wan']",Hybrid,Network Engineer,UMB Bank
Network Engineer,"['bgp', 'ospf', 'servicenow']",Hybrid,Network Engineer,Atos
Network Engineer,"['ansible', 'bgp', 'fortinet', 'juniper junos', 'ospf', 'python']",On-site,Network Engineer,Sharp Brains
Network Engineer,"['bootstrap', 'fiber']",On-site,Network Engineer,Tenarai
IT Infrastructure Engineer,"['fortinet', 'mikrotik']",On-site,IT Infrastructure Engineer,NEUROTIC
IT Infrastructure Engineer,"['dhcp', 'microsoft azure', 'powershell']",Hybrid,IT Infrastructure Engineer,Digital Waffle
IT Infrastructure Engineer,"['azure devops', 'microsoft azure']",Hybrid,IT Infrastructure Engineer,The Premier League
IT Infrastructure Engineer,"['confluence', 'dhcp', 'jira']",On-site,IT Infrastructure Engineer,Huspy
IT Infrastructure Engineer,"['confluence', 'itil framework', 'jira']",On-site,IT Infrastructure Engineer,Vix Technology
IT Infrastructure Engineer,"['bash', 'incident response', 'python']",Hybrid,IT Infrastructure Engineer,Copper.co
IT Infrastructure Engineer,"['fortinet', 'powershell', 'windows server administration']",On-site,IT Infrastructure Engineer,Prestige Staffing
IT Infrastructure Engineer,"['ansible', 'kubernetes', 'mlops', 'microsoft azure', 'terraform']",On-site,IT Infrastructure Engineer,Midland Garage Door
IT Infrastructure Engineer,['generative ai'],On-site,IT Infrastructure Engineer,Nebius
IT Infrastructure Engineer,"['dhcp', 'docker', 'kubernetes', 'powershell']",Hybrid,IT Infrastructure Engineer,Nadara
IT Infrastructure Engineer,"['python', 'servicenow']",On-site,IT Infrastructure Engineer,广州南顺清洁用品有限公司
IT Infrastructure Engineer,['powershell'],On-site,IT Infrastructure Engineer,Flint Bishop
IT Infrastructure Engineer,['powershell'],On-site,IT Infrastructure Engineer,Meriton
IT Infrastructure Engineer,"['ansible', 'terraform']",Hybrid,IT Infrastructure Engineer,Vertu Motors plc
IT Infrastructure Engineer,['generative ai'],On-site,IT Infrastructure Engineer,Nebius
IT Infrastructure Engineer,"['dhcp', 'kubernetes']",Hybrid,IT Infrastructure Engineer,Jet2.com and Jet2holidays
IT Infrastructure Engineer,['dhcp'],Hybrid,IT Infrastructure Engineer,United States Olympic & Paralympic Committee
IT Infrastructure Engineer,['generative ai'],On-site,IT Infrastructure Engineer,Nebius
IT Infrastructure Engineer,"['foundation', 'less']",On-site,IT Infrastructure Engineer,Faurecia
IT Infrastructure Engineer,"['ansible', 'dhcp', 'foundation', 'incident response', 'powershell', 'python', 'terraform']",On-site,IT Infrastructure Engineer,Sun Group
IT Infrastructure Engineer,"['bgp', 'cisco ios', 'dhcp', 'fiber', 'kubernetes']",On-site,IT Infrastructure Engineer,Roseburg Forest Products
IT Infrastructure Engineer,"['fortinet', 'foundation']",On-site,IT Infrastructure Engineer,Liebherr Group
IT Infrastructure Engineer,"['dhcp', 'sql', 'splunk']",On-site,IT Infrastructure Engineer,Valeo
IT Infrastructure Engineer,"['bash', 'linux system administration', 'python']",On-site,IT Infrastructure Engineer,TYLsemi
IT Infrastructure Engineer,"['ansible', 'docker', 'git', 'grafana', 'helm', 'javascript', 'jenkins', 'kubernetes', 'node.js', 'okta', 'openid connect', 'prometheus', 'python', 'saml', 'soap', 'terraform', 'traefik', 'typescript']",Remote,IT Infrastructure Engineer,People Inc.
IT Infrastructure Engineer,"['ansible', 'bash', 'docker', 'kubernetes', 'powershell', 'terraform']",Hybrid,IT Infrastructure Engineer,Booz Allen Hamilton
IT Infrastructure Engineer,"['fiber', 'fortinet', 'incident response', 'mikrotik', 'vulnerability assessment']",On-site,IT Infrastructure Engineer,Bdjobs.com
IT Infrastructure Engineer,"['dhcp', 'powershell', 'prometheus', 'python', 'sql', 'splunk']",On-site,IT Infrastructure Engineer,Valeo
IT Infrastructure Engineer,"['ansible', 'dhcp', 'fortinet', 'foundation', 'microsoft azure', 'powershell', 'prometheus', 'sql', 'terraform']",Hybrid,IT Infrastructure Engineer,Bdjobs.com
IT Infrastructure Engineer,"['ansible', 'docker', 'git', 'github', 'kubernetes', 'linux system administration', 'postgresql', 'python', 'servicenow', 'terraform']",Remote,IT Infrastructure Engineer,EDB
System Engineer,"['ansible', 'bash', 'grafana', 'less', 'mariadb', 'mysql', 'php', 'prometheus', 'python', 'terraform']",Remote,System Engineer,Prism Digital
Embedded Software Engineer,"['c++', 'fpga', 'kicad', 'microcontrollers', 'pcb design']",On-site,System Engineer,SpaceMan Craft
System Engineer,"['chromadb', 'foundation', 'langchain', 'llamaindex', 'pinecone', 'prompt engineering', 'python', 'rag (retrieval-augmented generation)', 'recommendation systems', 'weaviate']",On-site,System Engineer,HiSAVE
System Engineer,['matlab'],On-site,System Engineer,Exponent Energy
System Engineer,"['matlab', 'python']",On-site,System Engineer,Altraize
System Engineer,"['java', 'python', 'sql']",On-site,System Engineer,SAPVista
System Engineer,['foundation'],On-site,System Engineer,Ericsson
System Engineer,"['foundation', 'langchain', 'llamaindex', 'prompt engineering', 'python']",On-site,System Engineer,Subcritical Systems Inc
System Engineer,"['matlab', 'python']",Hybrid,System Engineer,Hydrogen Group
System Engineer,"['c++', 'java', 'pcb design', 'python']",On-site,System Engineer,Hanwha Convergence USA
Information Security Engineer,"['ansible', 'dhcp', 'fortinet', 'python', 'sd-wan', 'siem', 'terraform']",Hybrid,System Engineer,Hamilton Barnes 🌳
System Engineer,"['c++', 'docker', 'kubernetes', 'matplotlib', 'numpy', 'pandas', 'python']",On-site,System Engineer,Chery Europe GmbH
System Engineer,['osi model'],On-site,System Engineer,Steely
System Engineer,"['bash', 'docker', 'kubernetes', 'powershell', 'python', 'sql']",Hybrid,System Engineer,Sonata Software
System Engineer,['less'],Remote,System Engineer,Confidential Jobs
System Engineer,['swift'],On-site,System Engineer,IP-TRIBE
System Engineer,"['aws s3', 'machine learning', 'sagemaker']",On-site,System Engineer,Cyient
System Engineer,"['less', 'microsoft azure', 'okta', 'powershell']",On-site,System Engineer,Ensono
System Engineer,"['c#', 'google cloud platform (gcp)', 'postgresql', 'query optimization', 'sql', 'scrum', 'typescript']",On-site,System Engineer,Bank Sahabat Sampoerna
Network Engineer,['machine learning'],Remote,System Engineer,Mercor
System Engineer,['microsoft azure'],On-site,System Engineer,KPG99 INC
System Engineer,"['generative ai', 'python', 'sql']",Hybrid,System Engineer,GenerativX
Platform Engineer,"['ansible', 'bash', 'c#', 'docker', 'grafana', 'java', 'kubernetes', 'prometheus', 'python', 'rust', 'splunk', 'terraform', 'web scraping']",On-site,System Engineer,Pulsar
System Engineer,"['matlab', 'python']",Remote,System Engineer,Mane Contract Services
System Engineer,"['c++', 'foundation', 'python']",Hybrid,System Engineer,Robo
System Engineer,['powershell'],On-site,System Engineer,Insight Global
System Engineer,['technical writing'],Hybrid,System Engineer,IKOS GROUP
System Engineer,"['confluence', 'jira', 'okta', 'siem']",Remote,System Engineer,Movemedical
System Engineer,['foundation'],Hybrid,System Engineer,Nordwand Group - the IT & Finance Recruitment Company
System Engineer,['foundation'],Remote,System Engineer,CareerZgraph - Talent meets Opportunity - Shaping Careers
System Engineer,"['c++', 'python']",On-site,System Engineer,Opus Recruitment Solutions
System Engineer,"['power bi', 'sql']",Remote,System Engineer,Confidential
Linux Administrator,"['ansible', 'bash', 'chef', 'dhcp', 'puppet', 'python']",Hybrid,Linux Administrator,"Accertify, Inc."
Linux Administrator,"['bash', 'bitbucket', 'docker', 'git', 'grafana', 'jenkins', 'kubernetes', 'powershell', 'puppet', 'python', 'terraform']",Hybrid,Linux Administrator,Aspect Capital
Linux Administrator,"['ansible', 'generative ai', 'git', 'gitlab', 'jenkins', 'matlab', 'shell scripting']",On-site,Linux Administrator,Capgemini Engineering
Linux Administrator,"['bash', 'oracle database', 'python', 'shell scripting']",Hybrid,Linux Administrator,Netcompany
Linux Administrator,"['mongodb', 'mysql', 'nginx', 'postgresql']",Hybrid,Linux Administrator,APRIORI - business solutions AG
Linux Administrator,"['ansible', 'c++', 'deep learning', 'linux system administration', 'python', 'rust']",On-site,Linux Administrator,SafeAD
Linux Administrator,"['bash', 'dhcp', 'kubernetes', 'perl', 'python']",On-site,Linux Administrator,AMAX
Linux Administrator,"['docker', 'kubernetes', 'postgresql', 'sql']",Hybrid,Linux Administrator,SymBio.
Linux Administrator,"['ansible', 'bitbucket', 'docker', 'elasticsearch', 'gitlab', 'haproxy', 'jenkins', 'kubernetes', 'mongodb', 'mysql', 'nginx', 'postgresql', 'terraform']",On-site,Linux Administrator,Dögel GmbH
Linux Administrator,['less'],On-site,Linux Administrator,Places for People
Linux Administrator,['parcel'],On-site,Linux Administrator,MTU Aero Engines
Linux Administrator,"['mariadb', 'mysql']",On-site,Linux Administrator,Entrex e.K.
Linux Administrator,"['bash', 'git', 'python', 'shell scripting']",Hybrid,Linux Administrator,DMI
Linux Administrator,['servicenow'],Hybrid,Linux Administrator,Tata Consultancy Services
Linux Administrator,"['bgp', 'mysql', 'ospf', 'php']",On-site,Linux Administrator,VegaSystems GmbH & Co. KG
Linux Administrator,"['ansible', 'bgp', 'bash', 'jenkins', 'ospf', 'python', 'terraform']",On-site,Linux Administrator,ODMedia
Linux Administrator,"['bash', 'mysql', 'python']",On-site,Linux Administrator,Laudert GmbH + Co. KG
Linux Administrator,"['mariadb', 'mysql', 'nginx']",Hybrid,Linux Administrator,maxcluster GmbH
Linux Administrator,"['clickhouse', 'docker', 'elasticsearch', 'grafana', 'haproxy', 'mariadb', 'mongodb', 'nginx', 'postgresql', 'prometheus', 'puppet', 'python', 'redis', 'terraform', 'traefik']",Hybrid,Linux Administrator,OneQrew
Linux Administrator,['kubernetes'],Hybrid,Linux Administrator,CompuGroup Medical SE & Co. KGaA
Linux Administrator,"['bash', 'confluence', 'jira']",On-site,Linux Administrator,Peek & Cloppenburg* Düsseldorf
Linux Administrator,"['ansible', 'git', 'github', 'github actions', 'gitlab', 'laravel']",Hybrid,Linux Administrator,consulting1x1 GmbH
Linux Administrator,"['bash', 'mysql', 'python']",On-site,Linux Administrator,Laudert GmbH + Co. KG
Linux Administrator,"['ansible', 'bash', 'devsecops', 'docker', 'kubernetes', 'postgresql', 'python', 'sql']",On-site,Linux Administrator,Rheinmetall
Linux Administrator,"['ansible', 'chef', 'confluence', 'dhcp', 'foundation', 'jira', 'mysql', 'nginx', 'postgresql', 'puppet', 'shell scripting']",On-site,Linux Administrator,Sentar Inc.
Linux Administrator,"['ansible', 'bash', 'chef', 'perl', 'puppet', 'python']",On-site,Linux Administrator,Leidos
Linux Administrator,"['ansible', 'elasticsearch', 'siem']",Hybrid,Linux Administrator,BGZ Gesellschaft für Zwischenlagerung mbH
Linux Administrator,"['ansible', 'chef', 'devsecops', 'git', 'gitlab', 'kubernetes', 'linux system administration', 'terraform']",On-site,Linux Administrator,"Integration Innovation, Inc."
Linux Administrator,"['ansible', 'bash', 'python']",On-site,Linux Administrator,F2Onsite
Linux Administrator,"['bash', 'docker', 'foundation', 'kubernetes', 'perl', 'puppet', 'python']",On-site,Linux Administrator,Amentum
Linux Administrator,"['ansible', 'bash', 'chef', 'docker', 'grafana', 'incident response', 'kubernetes', 'load balancing', 'prometheus', 'puppet', 'python', 'shell scripting', 'splunk']",On-site,Linux Administrator,LTM
Linux Administrator,"['ansible', 'bitbucket', 'chef', 'devsecops', 'github', 'gitlab', 'kubernetes', 'mysql', 'postgresql', 'terraform']",On-site,Linux Administrator,"Integration Innovation, Inc."
Linux Administrator,"['ansible', 'docker', 'incident response', 'kubernetes', 'penetration testing', 'siem', 'splunk']",On-site,Linux Administrator,ARGO Cyber Systems
Linux Administrator,"['ansible', 'docker', 'kubernetes']",On-site,Linux Administrator,Qualcomm
Data Engineer,['docker'],On-site,Linux Administrator,LTM
Linux Administrator,"['ansible', 'bash', 'chef', 'machine learning', 'perl', 'puppet', 'python']",On-site,Linux Administrator,Leidos Australia
Linux Administrator,['ansible'],On-site,Linux Administrator,Thakral One
Linux Administrator,"['bash', 'incident response', 'powershell', 'splunk']",On-site,Linux Administrator,"BAE Systems, Inc."
Linux Administrator,"['powershell', 'servicenow']",Hybrid,Linux Administrator,SAIC
System Analyst,['mysql'],On-site,Linux Administrator,LTM
Cyber Security Analyst,"['siem', 'soc operations', 'splunk']",Hybrid,Cyber Security Analyst,Network IT Recruitment Limited
Cyber Security Analyst,['cobit'],Hybrid,Cyber Security Analyst,Fruition Group Ireland
Cyber Security Analyst,"['devsecops', 'identity and access management (iam)', 'incident response', 'usability testing']",Hybrid,Cyber Security Analyst,OFX
Cyber Security Analyst,"['ids/ips', 'incident response', 'microsoft azure', 'siem']",Hybrid,Cyber Security Analyst,DGH Recruitment
Cyber Security Analyst,['incident response'],On-site,Cyber Security Analyst,beaumont
Cyber Security Analyst,"['crowdstrike', 'jenkins', 'nmap', 'powershell', 'python', 'saml', 'splunk']",Hybrid,Cyber Security Analyst,WorkForce Unlimited
Cyber Security Analyst,"['incident response', 'siem']",Hybrid,Cyber Security Analyst,Intec Select
Cyber Security Analyst,['foundation'],Hybrid,Cyber Security Analyst,Perch Group
Cyber Security Analyst,"['bash', 'c++', 'cryptography', 'incident response', 'java', 'python', 'siem', 'splunk']",Hybrid,Cyber Security Analyst,Anson McCade
Cyber Security Analyst,['incident response'],Hybrid,Cyber Security Analyst,Stott and May
Cyber Security Analyst,"['ids/ips', 'incident response', 'siem']",On-site,Cyber Security Analyst,Sunbird Software
Cyber Security Analyst,"['agile methodology', 'incident response', 'machine learning']",Hybrid,Cyber Security Analyst,Skillfinder International
Cyber Security Analyst,"['foundation', 'incident response']",Hybrid,Cyber Security Analyst,DfT Operator
Cyber Security Analyst,['incident response'],Hybrid,Cyber Security Analyst,SmartestEnergy UK
Cyber Security Analyst,['incident response'],On-site,Cyber Security Analyst,Kennards Self Storage
Cyber Security Analyst,['cryptography'],Hybrid,Cyber Security Analyst,bridge351
Cyber Security Analyst,"['foundation', 'incident response', 'malware analysis', 'powershell', 'python', 'siem']",On-site,Cyber Security Analyst,Burberry
Cyber Security Analyst,['siem'],Hybrid,Cyber Security Analyst,Russell Tobin
System Administrator,"['digital forensics', 'incident response', 'informatica', 'powershell', 'python', 'siem', 'vulnerability assessment']",On-site,Cyber Security Analyst,Argo S.p.A.
Cyber Security Analyst,"['amazon web services (aws)', 'incident response', 'malware analysis', 'penetration testing', 'siem']",On-site,Cyber Security Analyst,Regions Bank
Cyber Security Analyst,"['digital forensics', 'incident response', 'siem']",Remote,Cyber Security Analyst,Kaderabotim.bg
Cyber Security Analyst,"['cobit', 'identity and access management (iam)']",On-site,Cyber Security Analyst,Adactin
Cyber Security Analyst,"['incident response', 'powershell', 'python', 'siem', 'scrum']",Hybrid,Cyber Security Analyst,Talent
Cyber Security Analyst,['incident response'],Hybrid,Cyber Security Analyst,Life Time Inc.
Cyber Security Analyst,"['foundation', 'penetration testing', 'phishing simulation', 'siem']",On-site,Cyber Security Analyst,Daisy Group™
Cyber Security Analyst,"['confluence', 'jira']",Hybrid,Cyber Security Analyst,Harvey Nash
Cyber Security Analyst,['agile methodology'],Remote,Cyber Security Analyst,Technoyon India Pvt. Ltd.
Cyber Security Analyst,"['incident response', 'siem']",On-site,Cyber Security Analyst,Dunnes Stores
Cyber Security Analyst,['servicenow'],Hybrid,Cyber Security Analyst,Devoteam
Cyber Security Analyst,"['incident response', 'less']",Remote,Cyber Security Analyst,First Citizens Bank
Cyber Security Analyst,"['docker', 'grafana', 'javascript', 'jenkins', 'kubernetes', 'machine learning', 'python', 'sql']",Remote,Cyber Security Analyst,Intuition Machines
Cyber Security Analyst,"['ansible', 'c#', 'ids/ips', 'incident response', 'javascript', 'power bi', 'powershell', 'react.js', 'sql', 'splunk', 'vbscript']",On-site,Cyber Security Analyst,IGNITE
Cyber Security Analyst,"['incident response', 'siem']",Hybrid,Cyber Security Analyst,PDI Healthcare
Cyber Security Analyst,"['foundation', 'power bi', 'servicenow']",On-site,Cyber Security Analyst,FedEx
Cyber Security Analyst,['informatica'],On-site,Cyber Security Analyst,Konnekt
Cyber Security Analyst,"['incident response', 'siem']",On-site,Cyber Security Analyst,Viasat
Cyber Security Analyst,"['digital forensics', 'docker', 'incident response', 'keras', 'kubernetes', 'malware analysis', 'python', 'reverse engineering']",On-site,Cyber Security Analyst,NVIDIA
Cyber Security Analyst,"['data loss prevention (dlp)', 'foundation', 'identity and access management (iam)']",Remote,Cyber Security Analyst,Cyberlogic
Cyber Security Analyst,"['incident response', 'osi model', 'penetration testing', 'siem']",Hybrid,Cyber Security Analyst,Neurosoft
Cyber Security Analyst,['technical writing'],On-site,Cyber Security Analyst,Nutrien
Cyber Security Analyst,['owasp top 10'],Hybrid,Cyber Security Analyst,Affinity
Information Security Engineer,"['cobit', 'dhcp', 'ids/ips', 'perl', 'powershell', 'python']",Hybrid,Information Security Engineer,Powers Health
Information Security Engineer,"['incident response', 'powershell', 'python']",Hybrid,Information Security Engineer,Palantir Technologies
Information Security Engineer,"['amazon web services (aws)', 'docker', 'javascript', 'penetration testing', 'python', 'terraform', 'threat modeling']",Remote,Information Security Engineer,G-P
Information Security Engineer,"['devsecops', 'foundation', 'penetration testing']",Remote,Information Security Engineer,Doctronic
Information Security Engineer,"['machine learning', 'microsoft azure', 'siem']",Hybrid,Information Security Engineer,IFS
Information Security Engineer,"['bash', 'c++', 'incident response', 'openstack', 'python', 'splunk']",Hybrid,Information Security Engineer,Orange Services
Information Security Engineer,"['cryptography', 'incident response', 'keras']",Remote,Information Security Engineer,BACKBONE
Information Security Engineer,"['c++', 'cloudflare', 'cryptography', 'docker', 'incident response', 'java', 'javascript', 'kubernetes', 'owasp top 10', 'php', 'python', 'terraform']",Remote,Information Security Engineer,Casumo
Information Security Engineer,"['incident response', 'powershell', 'python', 'siem']",Hybrid,Information Security Engineer,Palantir Technologies
Information Security Engineer,"['incident response', 'java', 'malware analysis', 'sql']",On-site,Information Security Engineer,LT Consulting LLC
Information Security Engineer,"['bash', 'devsecops', 'github', 'powershell', 'python', 'siem']",On-site,Information Security Engineer,Consilium Safety Sweden
Information Security Engineer,"['incident response', 'siem']",Hybrid,Information Security Engineer,Rider Levett Bucknall RLB
Information Security Engineer,"['identity and access management (iam)', 'incident response', 'penetration testing', 'phishing simulation', 'siem', 'scrum']",Hybrid,Information Security Engineer,Municipal Securities Rulemaking Board
Information Security Engineer,['incident response'],On-site,Information Security Engineer,FastTek Global
Information Security Engineer,['incident response'],Remote,Information Security Engineer,Re:Build Manufacturing
Information Security Engineer,"['incident response', 'saml']",Hybrid,Information Security Engineer,Westfield Insurance
Information Security Engineer,"['confluence', 'data loss prevention (dlp)', 'devsecops', 'identity and access management (iam)', 'java', 'jira', 'saml', 'siem', 'ssl/tls', 'threat modeling']",On-site,Information Security Engineer,Exostar
Information Security Engineer,['penetration testing'],Hybrid,Information Security Engineer,"First Command Financial Services, Inc."
Information Security Engineer,['alteryx'],Hybrid,Information Security Engineer,Mastercard
Information Security Engineer,"['cisco ios', 'crowdstrike', 'foundation', 'penetration testing', 'siem']",On-site,Information Security Engineer,The Kraft Group & Affiliates
Information Security Engineer,['ssl/tls'],Remote,Information Security Engineer,
Information Security Engineer,['data loss prevention (dlp)'],Hybrid,Information Security Engineer,Mastercard
Information Security Engineer,['servicenow'],On-site,Information Security Engineer,KYOCERA AVX Components Corporation
Information Security Engineer,['penetration testing'],Hybrid,Information Security Engineer,Harvey Nash
Information Security Engineer,"['bash', 'cloudflare', 'html5', 'incident response', 'kubernetes', 'okta', 'powershell', 'python', 'saml', 'terraform', 'webgl']",Hybrid,Information Security Engineer,GameBeat
Information Security Engineer,['cobit'],Hybrid,Information Security Engineer,GMV
Information Security Engineer,"['bash', 'cryptography', 'ids/ips', 'incident response', 'kubernetes', 'nginx', 'python', 'siem', 'shell scripting', 'typescript']",Hybrid,Information Security Engineer,Cisco
Information Security Engineer,"['cloudflare', 'crowdstrike', 'fortinet', 'gitlab', 'ids/ips', 'jenkins', 'powershell', 'python', 'rust', 'splunk', 'terraform']",Hybrid,Information Security Engineer,OneTrust
Information Security Engineer,['incident response'],On-site,Information Security Engineer,Ultium Cells LLC
Information Security Engineer,"['crowdstrike', 'incident response', 'siem', 'sonarqube']",Hybrid,Information Security Engineer,"KMS Technology, Inc."
Information Security Engineer,"['burp suite', 'foundation', 'ids/ips', 'metasploit', 'nmap', 'penetration testing', 'threat modeling']",Remote,Information Security Engineer,Qualia
Information Security Engineer,"['devsecops', 'identity and access management (iam)', 'penetration testing', 'powershell', 'siem']",On-site,Information Security Engineer,Celsion Bank AG
Information Security Engineer,"['ansible', 'bash', 'jira', 'python', 'scrum', 'terraform']",On-site,Information Security Engineer,Evans & Chambers Technology
Information Security Engineer,"['incident response', 'okta']",Remote,Information Security Engineer,JLL
Information Security Engineer,"['incident response', 'powershell', 'python']",Hybrid,Information Security Engineer,Fox Communities Credit Union
Information Security Engineer,"['c++', 'chef', 'cloudflare', 'cryptography', 'docker', 'incident response', 'java', 'javascript', 'kubernetes', 'owasp top 10', 'php', 'python', 'terraform']",Hybrid,Information Security Engineer,Casumo
Information Security Engineer,"['c++', 'deep learning', 'github', 'gitlab', 'java', 'javascript', 'keras', 'kubernetes', 'python', 'terraform', 'threat modeling', 'typescript']",On-site,Information Security Engineer,NVIDIA AI
Information Security Engineer,"['cryptography', 'github', 'siem']",Remote,Information Security Engineer,Optum
Information Security Engineer,['cryptography'],Hybrid,Information Security Engineer,Mastercard
Penetration Tester,"['cryptography', 'penetration testing']",Remote,Penetration Tester,AFINE
Penetration Tester,['penetration testing'],Remote,Penetration Tester,Digital Waffle
Penetration Tester,"['foundation', 'java', 'kubernetes', 'less', 'penetration testing', 'python']",Hybrid,Penetration Tester,Starling
Penetration Tester,"['burp suite', 'metasploit', 'penetration testing', 'vulnerability assessment']",On-site,Penetration Tester,Innovative Solutions SA
Penetration Tester,"['angular', 'burp suite', 'c#', 'django', 'ethical hacking', 'flask', 'incident response', 'java', 'owasp top 10', 'php', 'penetration testing', 'python', 'reverse engineering']",Remote,Penetration Tester,7Layers
Penetration Tester,"['crowdstrike', 'penetration testing']",Remote,Penetration Tester,NRG.
Penetration Tester,"['owasp top 10', 'penetration testing', 'react native']",Remote,Penetration Tester,We Make Change
Penetration Tester,"['burp suite', 'jira', 'penetration testing', 'soap', 'servicenow']",Hybrid,Penetration Tester,Tata Consultancy Services
Penetration Tester,"['penetration testing', 'threat modeling']",Hybrid,Penetration Tester,Bureau Veritas Cybersecurity
Penetration Tester,"['ethical hacking', 'malware analysis', 'penetration testing', 'reverse engineering']",Remote,Penetration Tester,act digital EMEA - Alter Solutions
Penetration Tester,"['bash', 'burp suite', 'owasp top 10', 'penetration testing', 'powershell', 'python', 'siem']",Remote,Penetration Tester,"BreachLock, Inc."
Penetration Tester,"['bash', 'burp suite', 'c#', 'c++', 'informatica', 'java', 'python', 'vulnerability assessment']",Remote,Penetration Tester,CryptoNet Labs - Digital360 Advisory
Penetration Tester,['penetration testing'],Remote,Penetration Tester,Workstreet
Penetration Tester,"['penetration testing', 'reverse engineering']",On-site,Penetration Tester,Dencom Consultancy & Manpower Services
Penetration Tester,['penetration testing'],Remote,Penetration Tester,WorkNest Secure
Penetration Tester,['jest'],Remote,Penetration Tester,Erste Bank Polska
Penetration Tester,"['appium', 'cypress', 'databricks', 'identity and access management (iam)', 'java', 'javascript', 'playwright', 'python', 'sql', 'selenium', 'typescript']",Hybrid,Penetration Tester,Aubay Portugal
Penetration Tester,"['foundation', 'kubernetes', 'linode', 'machine learning', 'penetration testing']",Remote,Penetration Tester,Akamai Technologies
Penetration Tester,"['bash', 'burp suite', 'devsecops', 'machine learning', 'metasploit', 'nmap', 'penetration testing', 'powershell', 'python']",Remote,Penetration Tester,Alignerr
Penetration Tester,"['malware analysis', 'penetration testing', 'reverse engineering']",Hybrid,Penetration Tester,Swiss Post Cybersecurity
Penetration Tester,"['incident response', 'microsoft azure', 'penetration testing']",On-site,Penetration Tester,develop
Penetration Tester,"['bash', 'burp suite', 'incident response', 'metasploit', 'nmap', 'penetration testing', 'postman', 'python']",On-site,Penetration Tester,Ekco
Penetration Tester,"['ids/ips', 'penetration testing']",Hybrid,Penetration Tester,PureCyber Limited
Penetration Tester,"['bash', 'burp suite', 'incident response', 'javascript', 'metasploit', 'nmap', 'owasp top 10', 'penetration testing', 'powershell', 'python', 'threat modeling']",On-site,Penetration Tester,TP-Link
Application Security Engineer,"['devsecops', 'java']",On-site,Penetration Tester,Orabase Solutions
Penetration Tester,"['burp suite', 'ethical hacking', 'metasploit', 'nmap']",Hybrid,Penetration Tester,Inetum
Penetration Tester,"['data lakes', 'penetration testing']",On-site,Penetration Tester,Assurity Trusted Solutions Pte Ltd
Penetration Tester,"['incident response', 'malware analysis', 'penetration testing']",Remote,Penetration Tester,DataAnnotation
Penetration Tester,"['bash', 'burp suite', 'devsecops', 'machine learning', 'metasploit', 'nmap', 'penetration testing', 'powershell', 'python']",Remote,Penetration Tester,Alignerr
Penetration Tester,"['devsecops', 'incident response', 'kubernetes', 'machine learning', 'microsoft azure', 'penetration testing', 'rapid prototyping', 'reverse engineering', 'vulnerability assessment']",On-site,Penetration Tester,Dark Wolf
Penetration Tester,['penetration testing'],Hybrid,Penetration Tester,Certitude Consulting GmbH
Penetration Tester,"['penetration testing', 'siem', 'splunk']",Remote,Penetration Tester,KastGroup GmbH
Penetration Tester,"['less', 'owasp top 10', 'penetration testing']",On-site,Penetration Tester,Deloitte
Penetration Tester,"['bash', 'burp suite', 'devsecops', 'machine learning', 'metasploit', 'nmap', 'powershell', 'python']",Remote,Penetration Tester,Alignerr
Penetration Tester,['siem'],Hybrid,Penetration Tester,ilionx
Penetration Tester,"['incident response', 'malware analysis', 'penetration testing']",Remote,Penetration Tester,DataAnnotation
Penetration Tester,['penetration testing'],On-site,Penetration Tester,Global Software Solutions Group
Penetration Tester,['ethical hacking'],Hybrid,Penetration Tester,Accenture España
Penetration Tester,"['bash', 'burp suite', 'metasploit', 'nmap', 'owasp top 10', 'penetration testing', 'powershell', 'python', 'ruby', 'technical writing', 'wireshark']",Remote,Penetration Tester,NTT DATA North America
Penetration Tester,"['penetration testing', 'vulnerability assessment']",On-site,Penetration Tester,Global Software Solutions Group
Penetration Tester,"['burp suite', 'penetration testing', 'vulnerability assessment']",Hybrid,Penetration Tester,Thames Water
Penetration Tester,"['gitlab', 'incident response', 'reverse engineering']",On-site,Penetration Tester,Dencom Consultancy & Manpower Services
Penetration Tester,"['burp suite', 'incident response', 'javascript', 'metasploit', 'nmap', 'penetration testing', 'python', 'sql']",On-site,Penetration Tester,Sungrow Europe
Penetration Tester,"['bash', 'burp suite', 'devsecops', 'machine learning', 'metasploit', 'nmap', 'powershell', 'python']",Remote,Penetration Tester,Alignerr
Penetration Tester,"['bash', 'c++', 'cryptography', 'incident response', 'metasploit', 'nmap', 'penetration testing', 'powershell', 'python', 'reverse engineering', 'threat modeling']",On-site,Penetration Tester,TP-Link
IT Security Officer,['penetration testing'],On-site,IT Security Officer,Barchester Healthcare
IT Security Officer,['incident response'],Hybrid,IT Security Officer,MLM SEARCH
IT Security Officer,"['cobit', 'incident response']",On-site,IT Security Officer,Integrated Technology Group (ITG)
IT Security Officer,"['bash', 'incident response', 'kubernetes', 'python', 'siem']",On-site,IT Security Officer,Activate Interactive
IT Security Officer,['devsecops'],Hybrid,IT Security Officer,KPMG US
UI/UX Designer,"['adobe xd', 'computer vision', 'figma', 'machine learning', 'natural language processing (nlp)', 'sketch', 'usability testing']",Remote,UI/UX Designer,YO IT Consulting
UI/UX Designer,"['design systems', 'figma', 'visual design']",Remote,UI/UX Designer,Bellwood
UI/UX Designer,"['design systems', 'foundation', 'snowflake', 'visual design']",Remote,UI/UX Designer,M&S Consulting
UI/UX Designer,"['design systems', 'figma']",Remote,UI/UX Designer,Avenue Code
UI/UX Designer,"['adobe xd', 'figma', 'sketch', 'usability testing', 'wireframing']",Hybrid,UI/UX Designer,Flatgigs
UI/UX Designer,"['adobe xd', 'figma', 'sketch', 'usability testing', 'user research', 'visual design']",On-site,UI/UX Designer,Everbridge SA
UI/UX Designer,"['design systems', 'figma']",Remote,UI/UX Designer,Hover
UI/UX Designer,"['adobe xd', 'design systems', 'figma', 'sketch', 'usability testing', 'user research', 'visual design', 'wireframing']",On-site,UI/UX Designer,Adree
UI/UX Designer,['figma'],Remote,UI/UX Designer,Nordcurrent
UI/UX Designer,"['design systems', 'figma']",Remote,UI/UX Designer,"SAFe by Scaled Agile, Inc."
UI/UX Designer,"['design systems', 'figma', 'jetpack compose', 'react native', 'swiftui', 'usability testing', 'visual design']",Remote,UI/UX Designer,Jobgether
UI/UX Designer,['figma'],On-site,UI/UX Designer,Syncly
UI/UX Designer,"['figma', 'user research']",Hybrid,UI/UX Designer,Konrad
UI/UX Designer,['figma'],Remote,UI/UX Designer,joincloudcure
UI/UX Designer,['figma'],Hybrid,UI/UX Designer,[ ] founder
UI/UX Designer,"['design systems', 'figma', 'servicenow', 'usability testing', 'user research', 'wireframing']",On-site,UI/UX Designer,Ignyte Group
UI/UX Designer,"['adobe xd', 'design systems', 'figma', 'mobile ui/ux', 'sketch', 'usability testing', 'user research']",Remote,UI/UX Designer,edkey
UI/UX Designer,"['design systems', 'figma', 'usability testing', 'user research']",On-site,UI/UX Designer,Moon
UI/UX Designer,"['design systems', 'figma']",Remote,UI/UX Designer,Dafolle
UI/UX Designer,"['design systems', 'figma']",Remote,UI/UX Designer,joincloudcure
UI/UX Designer,"['a/b testing', 'figma']",Remote,UI/UX Designer,Voodoo
UI/UX Designer,['figma'],Hybrid,UI/UX Designer,Konrad
UI/UX Designer,"['figma', 'usability testing', 'visual design']",Remote,UI/UX Designer,PNOĒ
UI/UX Designer,"['adobe xd', 'figma', 'sketch', 'visual design']",On-site,UI/UX Designer,Devcin
UI/UX Designer,"['figma', 'usability testing', 'user research']",Remote,UI/UX Designer,Tangent International
UI/UX Designer,"['adobe xd', 'angular', 'azure devops', 'css3', 'git', 'html5', 'javascript', 'scrum', 'usability testing', 'visual design']",Remote,UI/UX Designer,ClearlyAgile
UI/UX Designer,"['adobe xd', 'angular', 'design systems', 'figma', 'lottie', 'usability testing', 'wireframing']",On-site,UI/UX Designer,Datamatics Technologies
UI/UX Designer,"['figma', 'jira', 'usability testing', 'user research', 'visual design']",Hybrid,UI/UX Designer,SoftPro
UI/UX Designer,"['design systems', 'figma', 'javascript', 'sketch', 'tailwind css', 'typescript', 'usability testing', 'user research']",On-site,UI/UX Designer,STAN AI
UI/UX Designer,"['figma', 'unreal engine']",On-site,UI/UX Designer,welevel
UI/UX Designer,"['design systems', 'figma', 'framer', 'generative ai', 'lottie', 'prompt engineering', 'user research']",Hybrid,UI/UX Designer,AmorServ
UI/UX Designer,"['design systems', 'figma', 'usability testing', 'user research']",Remote,UI/UX Designer,STERRY
UI/UX Designer,['figma'],On-site,UI/UX Designer,ACENSI
UI/UX Designer,"['adobe xd', 'css3', 'design systems', 'figma', 'flutter', 'framer', 'html5', 'lottie', 'react native', 'visual design', 'wireframing']",On-site,UI/UX Designer,CittaAI
UI/UX Designer,"['a/b testing', 'scrum', 'usability testing']",On-site,UI/UX Designer,silicon
UI/UX Designer,['visual design'],Hybrid,UI/UX Designer,Japture
UI/UX Designer,['figma'],Remote,UI/UX Designer,Voodoo
UI/UX Designer,"['design systems', 'figma', 'usability testing', 'user research']",Hybrid,UI/UX Designer,Haptiq
UI/UX Designer,"['design systems', 'figma', 'user research']",Hybrid,UI/UX Designer,"KMS Technology, Inc."
UI/UX Designer,"['design systems', 'figma', 'scrum', 'usability testing', 'user research', 'zeplin']",Remote,UI/UX Designer,Photon
Product Manager,"['looker', 'tableau']",Remote,Product Manager,Avenue
Product Manager,"['jira', 'machine learning']",Remote,Product Manager,Limbic
Product Manager,"['confluence', 'figma', 'git', 'jira', 'less', 'phoenix']",Remote,Product Manager,Olly Olly
Product Manager,"['github', 'gitlab', 'kubernetes', 'mlops']",Remote,Product Manager,vCluster
Product Manager,['foundation'],On-site,Product Manager,Elevate
Product Manager,['user research'],Hybrid,Product Manager,CRS
Product Manager,"['foundation', 'generative ai', 'mlops', 'sql']",On-site,Product Manager,Sarvam
Product Manager,"['jira', 'sql', 'user research']",On-site,Product Manager,Hoxton Wealth
Product Manager,"['generative ai', 'mlops', 'saml']",On-site,Product Manager,Sarvam
Product Manager,"['cassandra', 'docker', 'generative ai', 'kubernetes', 'langchain', 'llamaindex', 'mlops', 'milvus', 'pinecone', 'postgresql', 'pytorch', 'scrum', 'tensorflow', 'weaviate']",On-site,Product Manager,Cog Culture
Product Manager,"['github', 'gitlab', 'kubernetes', 'mlops']",Remote,Product Manager,vCluster
UI/UX Designer,"['shopify development', 'user research']",On-site,Product Manager,Growify Digital
Product Manager,"['foundation', 'generative ai', 'mlops', 'sql']",On-site,Product Manager,Sarvam
Product Manager,"['machine learning', 'prompt engineering']",On-site,Product Manager,Zoca
Product Manager,"['figma', 'sql']",On-site,Product Manager,KlikCair
Product Manager,['power bi'],Hybrid,Product Manager,MG Motor France
Product Manager,"['looker', 'sql', 'tableau']",Hybrid,Product Manager,Sem Parar Corpay
Product Manager,"['power bi', 'vite']",Hybrid,Product Manager,ALSO Group
Product Manager,"['figma', 'foundation', 'jira', 'notion', 'sql']",On-site,Product Manager,Gigabox
Product Manager,"['a/b testing', 'foundation']",On-site,Product Manager,Bachatt
Product Owner,['scrum'],Remote,Product Owner,Serve Legal
Product Owner,"['figma', 'kanban', 'scrum']",Remote,Product Owner,Jobgether
Product Owner,"['java', 'javascript', 'sql', 'user research']",On-site,Product Owner,Bank al Etihad
Product Owner,"['foundation', 'jira']",Remote,Product Owner,Hyland
Product Owner,['jira'],Remote,Product Owner,Goodlord
Product Owner,['sql'],Remote,Product Owner,Jobgether
Product Owner,"['a/b testing', 'scrum']",Hybrid,Product Owner,Mutua Madrileña
Product Owner,"['confluence', 'figma', 'jira', 'scrum']",Remote,Product Owner,PadSplit
Product Owner,"['kanban', 'scrum']",Hybrid,Product Owner,MCA España
Product Owner,"['azure devops', 'jira', 'less', 'scrum']",Remote,Product Owner,Valant
Product Owner,['a/b testing'],Hybrid,Product Owner,ConTe.it - Admiral Group
Product Owner,['scrum'],Hybrid,Product Owner,Akkodis
Product Owner,"['figma', 'foundation', 'less']",Hybrid,Product Owner,Barclays
Product Owner,"['chef', 'confluence', 'jira', 'kanban', 'scrum']",On-site,Product Owner,ACENSI
Product Owner,"['cryptography', 'figma', 'jira', 'scrum']",Hybrid,Product Owner,CryptoNext Security
Product Owner,"['confluence', 'figma', 'jira', 'looker', 'power bi', 'scrum', 'tableau']",Hybrid,Product Owner,hiberus
Product Owner,"['docker', 'git', 'jenkins', 'jira', 'julia', 'kubernetes', 'php', 'sql', 'scrum']",Hybrid,Product Owner,JCDecaux
Product Owner,"['confluence', 'jira']",On-site,Product Owner,Zadig&Voltaire
Product Owner,['less'],On-site,Product Owner,ValGenesis
Product Owner,"['azure devops', 'confluence', 'jira', 'kanban', 'scrum']",Hybrid,Product Owner,Retail Insight
Product Owner,"['confluence', 'jira', 'scrum']",On-site,Product Owner,INGELINE TECHNOLOGIES
Product Owner,['foundation'],Hybrid,Product Owner,Ivy Partners
Product Owner,"['azure devops', 'jira']",Hybrid,Product Owner,Sedona Digital
Product Owner,"['databricks', 'foundation', 'snowflake']",Hybrid,Product Owner,Abacus Insights
Product Owner,"['confluence', 'jira', 'looker']",Remote,Product Owner,OnBuy
Product Owner,['scrum'],Hybrid,Product Owner,Thinkmarket
Product Owner,"['graphql', 'notion', 'php', 'postgresql', 'prompt engineering', 'python', 'sql', 'symfony', 'typescript']",On-site,Product Owner,BARNES
Product Owner,"['kanban', 'looker', 'power bi', 'scrum', 'user research']",Hybrid,Product Owner,ASIS Tax Tech ✅
Product Owner,"['databricks', 'jira']",Hybrid,Product Owner,TekSelect
Product Owner,"['kanban', 'scrum']",On-site,Product Owner,UY3
Product Owner,"['confluence', 'jira', 'kanban', 'scrum']",Remote,Product Owner,UST España & Latam
Product Owner,"['confluence', 'jira', 'kanban', 'power bi', 'sql', 'scrum', 'tableau']",Hybrid,Product Owner,Aegon Seguros
Product Owner,['servicenow'],Hybrid,Product Owner,Argyll Scott
Product Owner,"['angular', 'java', 'php', 'sql', 'scrum', 'symfony']",Hybrid,Product Owner,Webnet
Scrum Master,"['confluence', 'jira', 'kanban', 'scrum']",Hybrid,Scrum Master,Vallum Associates
Scrum Master,"['azure devops', 'confluence', 'jira', 'kanban', 'less', 'scrum']",Hybrid,Scrum Master,Handelsbanken
Scrum Master,"['agile methodology', 'confluence', 'kanban', 'scrum']",Remote,Scrum Master,First Advantage
Scrum Master,"['confluence', 'jira', 'kanban', 'less', 'scrum', 'trello']",Remote,Scrum Master,Lognext
IT Project Manager,"['confluence', 'jira', 'kanban', 'machine learning', 'scrum']",Remote,Scrum Master,eCapital Corp.
Scrum Master,"['kanban', 'machine learning', 'scrum']",Remote,Scrum Master,Wiland
Scrum Master,"['azure devops', 'jira', 'kanban', 'scrum']",Remote,Scrum Master,Jobgether
Scrum Master,"['azure devops', 'scrum']",Remote,Scrum Master,Hays
Scrum Master,"['html5', 'javascript', 'scrum']",Remote,Scrum Master,Human Made
Scrum Master,"['agile methodology', 'confluence', 'kanban', 'scrum']",Remote,Scrum Master,First Advantage
IT Project Manager,"['jira', 'scrum']",Hybrid,Scrum Master,Kairós Digital Solutions S.L.
Scrum Master,"['confluence', 'devsecops', 'github', 'jira', 'machine learning', 'scrum']",Remote,Scrum Master,VetsEZ
Scrum Master,"['azure devops', 'scrum']",Remote,Scrum Master,Pinnacle Method Consulting
Scrum Master,"['azure devops', 'jira', 'scrum']",Remote,Scrum Master,Jobgether
Scrum Master,"['agile methodology', 'azure devops', 'chef', 'kanban', 'scrum']",On-site,Scrum Master,ACENSI
Scrum Master,"['confluence', 'jira', 'kanban', 'scrum']",Hybrid,Scrum Master,Hays
IT Project Manager,"['agile methodology', 'kanban', 'scrum']",Hybrid,Scrum Master,PartnerRe
Scrum Master,"['less', 'scrum']",Remote,Scrum Master,Astek
Scrum Master,"['java', 'jira', 'salesforce administration', 'scrum']",Remote,Scrum Master,TALENT Software Services
Scrum Master,"['confluence', 'jira', 'scrum']",On-site,Scrum Master,Saransh Inc
Scrum Master,"['confluence', 'jira', 'kanban', 'scrum']",Hybrid,Scrum Master,Quest Global
Scrum Master,"['confluence', 'jira', 'kanban', 'scrum']",Hybrid,Scrum Master,TECHVITIS
Scrum Master,"['jira', 'scrum']",Hybrid,Scrum Master,Hays
Scrum Master,"['confluence', 'jira', 'kanban', 'scrum']",Remote,Scrum Master,SOFTSWISS
Scrum Master,['scrum'],On-site,Scrum Master,Moventi
Scrum Master,"['agile methodology', 'azure devops', 'scrum']",Remote,Scrum Master,HAVI
Scrum Master,"['jira', 'scrum']",Remote,Scrum Master,Capitole
Scrum Master,"['jira', 'kanban', 'scrum']",Hybrid,Scrum Master,Nexeo
Scrum Master,"['chef', 'confluence', 'jira', 'kanban', 'scrum', 'trello']",On-site,Scrum Master,SII Luxembourg
Scrum Master,['scrum'],Hybrid,Scrum Master,Ayesa Digital
Scrum Master,"['azure devops', 'confluence', 'jira', 'scrum']",On-site,Scrum Master,Naseej
Scrum Master,"['asana', 'jira', 'scrum']",Remote,Scrum Master,Tech Pipeline
Scrum Master,['scrum'],On-site,Scrum Master,Coca-Cola FEMSA
Scrum Master,['scrum'],Remote,Scrum Master,US Tech Solutions
Scrum Master,"['confluence', 'jira', 'scrum']",Hybrid,Scrum Master,Wellfit Technologies
Scrum Master,['scrum'],Remote,Scrum Master,Stefanini EMEA
Scrum Master,"['github', 'github actions', 'jira', 'scrum']",Remote,Scrum Master,Judi Health
Scrum Master,"['azure devops', 'scrum']",Remote,Scrum Master,Keppri
Scrum Master,"['kanban', 'scrum']",On-site,Scrum Master,JSS
Scrum Master,"['jira', 'less', 'scrum']",Hybrid,Scrum Master,Burns Sheehan
Scrum Master,['scrum'],On-site,Scrum Master,Holafly
Scrum Master,"['confluence', 'jira', 'kanban', 'scrum']",Remote,Scrum Master,Joblinxsapp
Scrum Master,"['azure devops', 'jira', 'kanban', 'scrum']",Hybrid,Scrum Master,Wipro
Scrum Master,['scrum'],Remote,Scrum Master,DXC Technology
Scrum Master,"['agile methodology', 'jira', 'kanban', 'scrum', 'workday']",On-site,Scrum Master,PNC
Scrum Master,"['jira', 'scrum']",Hybrid,Scrum Master,HRbrain Inc.
Scrum Master,"['kanban', 'scrum']",Remote,Scrum Master,Vytwo Technologies Inc.
Scrum Master,['scrum'],Hybrid,Scrum Master,Sarmad
Scrum Master,"['confluence', 'jira', 'scrum']",On-site,Scrum Master,Barclays
Scrum Master,"['scrum', 'swift']",On-site,Scrum Master,JCW Group
IT Business Analyst,"['azure devops', 'confluence', 'foundation', 'jira']",On-site,IT Business Analyst,Neuron Solutions Sdn Bhd
IT Business Analyst,['sql'],Hybrid,IT Business Analyst,The Recruiter
IT Business Analyst,"['kanban', 'scrum', 'servicenow']",Remote,IT Business Analyst,PBG
IT Business Analyst,['jira'],Hybrid,IT Business Analyst,Adecco
IT Business Analyst,"['jira', 'power bi', 'sql', 'snowflake']",On-site,IT Business Analyst,Jefferies
IT Business Analyst,"['mysql', 'postgresql', 'sql']",Hybrid,IT Business Analyst,ODDO BHF
IT Business Analyst,['sql'],Hybrid,IT Business Analyst,Decskill
IT Business Analyst,['sql'],On-site,IT Business Analyst,Capgemini
IT Business Analyst,['jira'],Hybrid,IT Business Analyst,Aubay UK
IT Business Analyst,"['confluence', 'jira', 'sql']",Hybrid,IT Business Analyst,Capgemini
IT Business Analyst,['sql'],On-site,IT Business Analyst,Kaino
IT Business Analyst,['scrum'],Hybrid,IT Business Analyst,Banca Mediolanum
IT Business Analyst,['sql'],On-site,IT Business Analyst,TPF Vietnam
IT Business Analyst,"['confluence', 'informatica', 'jira', 'kanban', 'scrum']",Hybrid,IT Business Analyst,eglue
IT Business Analyst,['jira'],Remote,IT Business Analyst,ICF
IT Business Analyst,"['figma', 'journey mapping', 'machine learning', 'prompt engineering', 'sql', 'scrum', 'technical writing', 'wireframing']",Hybrid,IT Business Analyst,Ubertal Inc.
IT Business Analyst,['swift'],On-site,IT Business Analyst,Capgemini
IT Business Analyst,"['confluence', 'jira', 'scrum']",Hybrid,IT Business Analyst,ACCEPTED
IT Business Analyst,['sql'],Hybrid,IT Business Analyst,Tap Growth ai
IT Business Analyst,"['agile methodology', 'devsecops', 'sql', 'scrum']",Hybrid,IT Business Analyst,OPEN
IT Business Analyst,['scrum'],On-site,IT Business Analyst,Galaxy Technology Services
IT Business Analyst,"['foundation', 'java', 'sql']",Hybrid,IT Business Analyst,QUANTEAM - North America (RAINBOW PARTNERS Group)
IT Business Analyst,"['confluence', 'jira']",On-site,IT Business Analyst,"SiloSmashers, Inc."
IT Business Analyst,"['confluence', 'figma', 'jira', 'sql']",Remote,IT Business Analyst,Optimal Growth Technologies
IT Business Analyst,['scrum'],Hybrid,IT Business Analyst,Capgemini
IT Business Analyst,"['informatica', 'pentaho', 'power bi', 'python', 'sql', 'snowflake', 'tableau', 'teradata']",On-site,IT Business Analyst,S2 IT Group LLC
IT Business Analyst,"['less', 'php', 'servicenow']",On-site,IT Business Analyst,Excel Campus Activities
IT Business Analyst,['machine learning'],On-site,IT Business Analyst,BSI Software
IT Business Analyst,['sql'],On-site,IT Business Analyst,NawaData
IT Business Analyst,"['power bi', 'python', 'sql']",On-site,IT Business Analyst,Distrilog Group
IT Business Analyst,"['cobit', 'scrum']",On-site,IT Business Analyst,VAROPreem
IT Business Analyst,['jira'],Hybrid,IT Business Analyst,Pineca Group
IT Business Analyst,"['agile methodology', 'java']",On-site,IT Business Analyst,All European Careers
IT Business Analyst,"['confluence', 'figma', 'jira', 'sql', 'scrum']",On-site,IT Business Analyst,Expedite Talent Solutions
IT Business Analyst,['abap'],Remote,IT Business Analyst,Waymo
IT Business Analyst,['microsoft dynamics 365'],On-site,IT Business Analyst,Accolade
IT Business Analyst,"['computer vision', 'foundation', 'scrum']",Hybrid,IT Business Analyst,Templeton & Partners - Innovative & Inclusive Hiring Solutions
System Analyst,['power bi'],On-site,System Analyst,James Andrews Technology
System Analyst,['workday'],Remote,System Analyst,Mercor
System Analyst,"['power bi', 'sql']",On-site,System Analyst,Net Talent Partners
System Analyst,"['informatica', 'numpy', 'pandas', 'power bi', 'python', 'sql']",On-site,System Analyst,Unison Group
IT Business Analyst,['abap'],Hybrid,System Analyst,Arthrex India
System Analyst,['less'],On-site,System Analyst,Robert Half
IT Business Analyst,['rapid prototyping'],Hybrid,System Analyst,"netPolarity, Inc. (Saicon Consultants, Inc.)"
System Analyst,"['c#', 'c++', 'java', 'javascript', 'jira', 'python', 'sql']",Remote,System Analyst,Jobgether
IT Business Analyst,"['confluence', 'jira', 'kanban', 'microsoft dynamics 365', 'sql', 'scrum']",Remote,System Analyst,Nova Digital
System Analyst,"['crowdstrike', 'okta', 'powershell']",On-site,System Analyst,JPS Tech Solutions
System Analyst,['sql'],Remote,System Analyst,SystemsAccountants
System Analyst,"['sql', 'scrum']",On-site,System Analyst,Aqary International Group
System Analyst,"['javascript', 'python', 'sql', 'typescript']",Hybrid,System Analyst,SRG
IT Business Analyst,"['confluence', 'jira', 'less', 'scrum']",On-site,System Analyst,Scotiabank
IT Business Analyst,"['confluence', 'data modeling', 'jira', 'sql']",Hybrid,System Analyst,Raiffeisen Bank Romania
System Analyst,"['apache spark', 'informatica', 'numpy', 'pandas', 'power bi', 'python', 'sql']",On-site,System Analyst,Unison Group
IT Business Analyst,"['azure devops', 'data modeling', 'jira', 'power bi', 'sql', 'scrum', 'tableau']",On-site,System Analyst,UpClear
IT Business Analyst,['technical writing'],Hybrid,System Analyst,MetLife UK
IT Business Analyst,"['confluence', 'figma', 'jira', 'notion']",Hybrid,System Analyst,CoverTree
System Analyst,"['jira', 'mysql', 'sql']",On-site,System Analyst,ADI Consulting Indonesia
IT Business Analyst,"['confluence', 'jira', 'kanban', 'php', 'sql', 'scrum']",Remote,System Analyst,Altkom Software
System Analyst,['jira'],On-site,System Analyst,Arvato
IT Business Analyst,"['confluence', 'jira', 'kanban', 'postman', 'scrum']",On-site,System Analyst,Fiserv
IT Business Analyst,"['power bi', 'sql', 'scrum', 'tableau']",On-site,System Analyst,Haier Air Conditioning & Heating - Europe
System Analyst,"['machine learning', 'power bi', 'sql']",Hybrid,System Analyst,Data Inc
IT Business Analyst,['scrum'],On-site,System Analyst,Accord Technologies Inc
System Analyst,"['confluence', 'java', 'jira', 'postgresql', 'soap', 'sql', 'scrum']",Hybrid,System Analyst,Sberbank India
IT Business Analyst,['workday'],On-site,System Analyst,Tencent
IT Business Analyst,"['confluence', 'jira', 'postman']",On-site,System Analyst,paytech
System Analyst,"['informatica', 'numpy', 'pandas', 'power bi', 'python', 'sql']",On-site,System Analyst,Unison Group
System Analyst,['odoo'],On-site,System Analyst,V Group Consulting & Solutions
System Analyst,"['dhcp', 'powershell', 'saml']",Hybrid,System Analyst,JPS Tech Solutions
System Analyst,"['foundation', 'less']",On-site,System Analyst,Gallagher
System Analyst,"['confluence', 'data modeling', 'elasticsearch', 'jira', 'sql']",On-site,System Analyst,AVIZVA
System Analyst,"['confluence', 'docker', 'jira', 'kubernetes', 'postgresql', 'postman', 'rabbitmq', 'sql', 'swagger/openapi']",On-site,System Analyst,Tribe
IT Project Manager,"['microsoft dynamics 365', 'siem']",Hybrid,IT Project Manager,European Staal Holding B.V.
IT Project Manager,"['confluence', 'figma', 'jira']",Remote,IT Project Manager,Automation Consulting
IT Project Manager,"['azure devops', 'confluence', 'jira']",Hybrid,IT Project Manager,Randstad Digital Italia
IT Project Manager,"['azure devops', 'jira', 'servicenow']",Remote,IT Project Manager,Parexel
IT Project Manager,"['power bi', 'scrum', 'trello']",Hybrid,IT Project Manager,Implemental Systems
IT Project Manager,['php'],Hybrid,IT Project Manager,First Focus
IT Project Manager,['scrum'],Hybrid,IT Project Manager,Axians Portugal
IT Project Manager,['foundation'],Hybrid,IT Project Manager,RDC Talent
IT Project Manager,"['foundation', 'jira']",On-site,IT Project Manager,ByteCrew
IT Project Manager,"['confluence', 'jira']",Hybrid,IT Project Manager,RECRUITERS
IT Project Manager,['power bi'],Hybrid,IT Project Manager,Neotalent Conclusion
IT Project Manager,['dart'],Hybrid,IT Project Manager,IQ Solutions GmbH
IT Project Manager,"['confluence', 'jira', 'kanban', 'scrum']",Remote,IT Project Manager,Baxter Planning
IT Project Manager,"['foundation', 'jira']",On-site,IT Project Manager,ByteCrew
IT Project Manager,"['jira', 'scrum']",On-site,IT Project Manager,FUZIXEL TECHNOLOGIES PRIVATE LIMITED
IT Project Manager,"['asana', 'jira', 'scrum', 'trello']",On-site,IT Project Manager,PT Astra International Tbk
IT Project Manager,"['asana', 'confluence', 'jira', 'monday.com', 'scrum', 'trello']",On-site,IT Project Manager,Whitefield Careers
IT Project Manager,['penetration testing'],Remote,IT Project Manager,A&O IT Group
IT Project Manager,"['agile methodology', 'confluence', 'jira', 'scrum']",Hybrid,IT Project Manager,MeritStory
IT Project Manager,['scrum'],On-site,IT Project Manager,Experis IT Luxembourg
IT Project Manager,"['machine learning', 'python', 'sql']",Remote,IT Project Manager,Harnham
IT Project Manager,['scrum'],Hybrid,IT Project Manager,Amaris Consulting
IT Project Manager,"['confluence', 'jira']",Hybrid,IT Project Manager,Bosch Portugal
IT Project Manager,"['foundation', 'jira', 'swift']",Hybrid,IT Project Manager,ARO Technology
IT-Support Staff,"['foundation', 'workday']",On-site,IT-Support Staff,Penn State University
IT-Support Staff,['phoenix'],On-site,IT-Support Staff,"Grand Canyon Education, Inc."
Technical Support-Engineer,['dhcp'],Hybrid,Technical Support-Engineer,Burns Sheehan
Technical Support-Engineer,"['bitbucket', 'generative ai', 'git', 'mysql', 'power bi', 'sql']",Remote,Technical Support-Engineer,Delaplex
Technical Support-Engineer,"['bash', 'jira', 'mlops', 'python', 'sql', 'servicenow']",On-site,Technical Support-Engineer,Explore Group
Technical Support-Engineer,"['dynatrace', 'incident response', 'python', 'servicenow', 'splunk']",Remote,Technical Support-Engineer,Miratech
Technical Support-Engineer,"['amazon web services (aws)', 'ansible', 'docker', 'grafana', 'incident response', 'kubernetes', 'prometheus', 'terraform']",Remote,Technical Support-Engineer,Sanderson
Technical Support-Engineer,['jira'],On-site,Technical Support-Engineer,MarketOne International
Technical Support-Engineer,"['okta', 'python', 'restful apis', 'servicenow']",Remote,Technical Support-Engineer,Veza
Technical Support-Engineer,"['flask', 'langchain', 'next.js']",Remote,Technical Support-Engineer,Mercor
Technical Support-Engineer,"['java', 'javascript']",Remote,Technical Support-Engineer,Wowza
Technical Support-Engineer,"['bash', 'foundation', 'javascript', 'prompt engineering', 'python', 'saml']",Remote,Technical Support-Engineer,Jobgether
Technical Support-Engineer,"['mysql', 'php']",On-site,Technical Support-Engineer,APSC INFOTECH AND SOFTWARE SOLUTIONS PRIVATE LIMITED
Technical Support-Engineer,"['jira', 'swift']",On-site,Technical Support-Engineer,Esper
Technical Support-Engineer,['javascript'],Remote,Technical Support-Engineer,Enroute
Technical Support-Engineer,"['crowdstrike', 'github', 'jira', 'palo alto networks']",Hybrid,Technical Support-Engineer,Cyberhaven
Technical Support-Engineer,['confluence'],Hybrid,Technical Support-Engineer,Amplitude
Technical Support-Engineer,"['less', 'sql']",Remote,Technical Support-Engineer,Illumia
Technical Support-Engineer,"['flask', 'next.js']",Remote,Technical Support-Engineer,Mercor
Technical Support-Engineer,"['jira', 'sql']",On-site,Technical Support-Engineer,Lofty
Technical Support-Engineer,"['informatica', 'javascript', 'soap', 'sql']",On-site,Technical Support-Engineer,Informatica Brasil
Technical Support-Engineer,['swift'],Hybrid,Technical Support-Engineer,Finologee
Technical Support-Engineer,"['flask', 'langchain', 'next.js']",Remote,Technical Support-Engineer,Mercor
Technical Support-Engineer,"['foundation', 'servicenow']",On-site,Technical Support-Engineer,Aligned Automation
Technical Support-Engineer,"['bash', 'python']",On-site,Technical Support-Engineer,Coupa
Technical Support-Engineer,"['aws iam', 'confluence', 'databricks', 'github', 'gitlab', 'jira', 'less', 'notion', 'okta', 'saml', 'servicenow', 'workday']",Remote,Technical Support-Engineer,Intellias
Technical Support-Engineer,"['jira', 'servicenow']",On-site,Technical Support-Engineer,TransSIGHT
Technical Support-Engineer,"['bash', 'docker', 'foundation', 'kubernetes', 'okta', 'powershell', 'python', 'wireshark']",Remote,Technical Support-Engineer,Twingate
Technical Support-Engineer,"['grafana', 'kubernetes']",Remote,Technical Support-Engineer,Hawk
Technical Support-Engineer,"['confluence', 'github', 'jira', 'machine learning', 'microsoft azure', 'powershell', 'python', 'servicenow']",Remote,Technical Support-Engineer,Cegeka
Technical Support-Engineer,"['a/b testing', 'bootstrap', 'foundation']",Remote,Technical Support-Engineer,Flagsmith
Technical Support-Engineer,"['c++', 'javascript', 'php', 'python']",On-site,Technical Support-Engineer,Hilton Software Technologies Pvt. Ltd.
Technical Support-Engineer,"['javascript', 'looker', 'saml', 'sql']",Remote,Technical Support-Engineer,Talkdesk
Technical Support-Engineer,"['datadog', 'grafana', 'jira', 'node.js', 'sql', 'typescript', 'workday']",Remote,Technical Support-Engineer,Kota
Technical Support-Engineer,"['databricks', 'datadog', 'docker', 'foundation', 'generative ai', 'grafana', 'kubernetes', 'prometheus', 'pulumi', 'python', 'terraform']",Remote,Technical Support-Engineer,Unstructured
Technical Support-Engineer,"['flask', 'langchain', 'next.js']",Remote,Technical Support-Engineer,Mercor
Technical Support-Engineer,"['javascript', 'less', 'sql']",Hybrid,Technical Support-Engineer,Alloy
Technical Support-Engineer,"['grafana', 'parcel', 'python', 'sql', 'swift']",Hybrid,Technical Support-Engineer,InPost UK
Technical Support-Engineer,"['ansible', 'azure devops', 'bash', 'datadog', 'docker', 'github', 'github actions', 'grafana', 'kubernetes', 'microsoft azure', 'prometheus', 'python']",On-site,Technical Support-Engineer,Comviva
Technical Support-Engineer,"['java', 'javascript', 'php', 'python']",On-site,Technical Support-Engineer,Testsigma
Technical Support-Engineer,['foundation'],Remote,Technical Support-Engineer,Solax Power UK
Helpdesk IT,['sql'],On-site,Helpdesk IT,C.B. Sistemi Srl
Helpdesk IT,['informatica'],On-site,Helpdesk IT,Adecco
Helpdesk IT,['informatica'],On-site,Helpdesk IT,Personal Data - WeAreProject
Helpdesk IT,"['dhcp', 'informatica']",On-site,Helpdesk IT,Gamma Studio
Helpdesk IT,['servicenow'],On-site,Helpdesk IT,Everience Italia
Helpdesk IT,['informatica'],On-site,Helpdesk IT,Adecco
Helpdesk IT,['informatica'],On-site,Helpdesk IT,agap2 Italia
Helpdesk IT,['informatica'],Remote,Helpdesk IT,agap2 Italia
Helpdesk IT,"['informatica', 'servicenow']",On-site,Helpdesk IT,Soft Strategy
Helpdesk IT,['jira'],On-site,Helpdesk IT,People More
Application Support,"['jira', 'site reliability engineering (sre)']",Hybrid,Application Support,Ryft
Application Support,['sql'],Remote,Application Support,Kured Search
Application Support,"['microsoft sql server', 'php', 'python', 'sql']",Hybrid,Application Support,Digital Waffle
Application Support,"['less', 'sql']",Hybrid,Application Support,Searchability®
Application Support,"['java', 'sql', 'shell scripting']",On-site,Application Support,Wills Consultants
Application Support,"['sql', 'servicenow']",Remote,Application Support,Capita
Application Support,"['powershell', 'python', 'sql']",On-site,Application Support,Talan
Application Support,['sql'],Hybrid,Application Support,Pioneer Search
Application Support,['sql'],Hybrid,Application Support,ea Change
Application Support,"['foundation', 'mongodb', 'postgresql', 'powershell', 'python', 'sql']",Hybrid,Application Support,Harrington Starr
Application Support,"['jira', 'sql', 'servicenow']",Hybrid,Application Support,moOngy
Application Support,['sql'],On-site,Application Support,Always Marketing (M) Sdn Bhd
Application Support,"['mysql', 'powershell', 'sql']",On-site,Application Support,Dexter Talent
Application Support,"['generative ai', 'postgresql', 'sql']",Remote,Application Support,Iron Mountain
Application Support,"['grafana', 'prometheus', 'python', 'sql', 'splunk']",On-site,Application Support,Tesla
Application Security Engineer,"['javascript', 'jira', 'nmap', 'python', 'siem', 'servicenow', 'shell scripting']",Remote,Application Support,AppCheck Ltd
Application Support,"['foundation', 'jira', 'less', 'sql', 'servicenow']",Remote,Application Support,SR2 | Socially Responsible Recruitment | Certified B Corporation™
Application Support,"['mysql', 'postman', 'soap', 'sql']",On-site,Application Support,Executive Integrity | B Corp®
Application Support,"['microsoft sql server', 'sql']",On-site,Application Support,Solas IT Recruitment
Application Support,"['appdynamics', 'dynatrace', 'java', 'mongodb', 'python', 'soap', 'sql', 'splunk', 'workday']",On-site,Application Support,Apple
Application Support,"['jira', 'sql']",On-site,Application Support,Cantor Fitzgerald
Application Support,"['sql', 'servicenow']",Hybrid,Application Support,PrimeIT
Application Support,"['bash', 'confluence', 'datadog', 'grafana', 'jira', 'okta', 'postman', 'powershell', 'python', 'rabbitmq']",On-site,Application Support,BrainRocket
Application Support,"['microsoft sql server', 'sql', 'scrum']",On-site,Application Support,McFall Recruitment Limited
Application Support,"['bash', 'java', 'powershell']",Hybrid,Application Support,Anson McCade
Application Support,"['azure devops', 'foundation', 'microsoft azure', 'sql']",Hybrid,Application Support,CIBC
Application Support,['power bi'],Remote,Application Support,Global Travel Collection
Application Support,['abap'],On-site,Application Support,PRIMUS Techsystems Private Limited
Application Support,"['gitlab', 'mongodb', 'next.js', 'postgresql', 'sql']",On-site,Application Support,SE Mentor Solutions
Application Support,"['dagster', 'datadog', 'grafana', 'incident response', 'sql', 'sagemaker']",On-site,Application Support,Accrete
Application Support,"['microsoft sql server', 'sql', 'scrum']",On-site,Application Support,McFall Recruitment Limited
Application Support,"['query optimization', 'sql']",On-site,Application Support,TAWANTECH
Application Support,"['java', 'mariadb', 'sql']",On-site,Application Support,Unison Group
Application Support,"['dynatrace', 'python', 'sql']",Hybrid,Application Support,Decskill
Application Support,"['asp.net core', 'jira', 'microsoft azure', 'mysql', 'next.js', 'snowflake']",Remote,Application Support,N-iX
Application Support,['sql'],On-site,Application Support,Novatech Software Pvt Ltd
Application Support,['swift'],On-site,Application Support,SSC HR Solutions
Network Engineer,['dhcp'],On-site,IT Network-Support,APPWRK IT Solutions
IT Network-Support,"['confluence', 'jira']",On-site,IT Network-Support,m3connect
Network Engineer,"['dhcp', 'jira', 'servicenow']",On-site,IT Network-Support,NovaSource Power Services
IT Network-Support,"['dhcp', 'powershell']",On-site,IT Network-Support,Olympic Brewery (Part of the Carlsberg Group)
IT Operations,"['confluence', 'jira', 'microsoft azure']",Hybrid,IT Operations,Informed Solutions
IT Operations,"['bash', 'powershell', 'python']",Remote,IT Operations,Sacred Byte
IT Operations,['fortinet'],On-site,IT Operations,Mason Alexander
IT Operations,"['incident response', 'servicenow']",Hybrid,IT Operations,TriPowers LLC
IT Operations,"['power bi', 'sql', 'tableau']",Hybrid,IT Operations,Hays
IT Operations,"['bash', 'dhcp', 'incident response', 'jira', 'machine learning', 'okta', 'powershell', 'python', 'servicenow']",On-site,IT Operations,Samba TV
IT Asset Management,['servicenow'],On-site,IT Operations,Tesla
IT Operations,"['sql', 'servicenow']",Hybrid,IT Operations,BGIS UK & Europe
IT Operations,"['confluence', 'jira', 'okta']",On-site,IT Operations,Emplifi
Desktop Support Technician,"['powershell', 'python']",On-site,IT Operations,Tesla
IT Operations,"['jira', 'servicenow']",On-site,IT Operations,Flow
IT Operations,"['data loss prevention (dlp)', 'google cloud platform (gcp)', 'identity and access management (iam)', 'jira']",On-site,IT Operations,Q-CTRL
IT Operations,"['confluence', 'incident response', 'less', 'servicenow']",Remote,IT Operations,TheCorporate
IT Operations,"['dynatrace', 'jira']",Hybrid,IT Operations,PagoNxt (a Santander company)
IT Operations,"['foundation', 'notion', 'okta', 'powershell', 'python']",Remote,IT Operations,Cohere
IT Operations,"['php', 'python', 'sql']",On-site,IT Operations,VIDÓR
System Administrator,"['microsoft azure', 'microsoft sql server', 'powershell', 'siem', 'sql']",Remote,IT Operations,Sherweb
Virtualization Engineer,"['dhcp', 'powershell']",On-site,IT Operations,Tesla
IT Operations,['foundation'],Hybrid,IT Operations,KWI
IT Operations,['scrum'],On-site,IT Operations,Alibaba Group
IT Operations,"['c#', 'microsoft sql server', 'sql']",Hybrid,IT Operations,Olivi.Growth
IT Operations,"['bash', 'confluence', 'jira', 'okta', 'powershell', 'python']",On-site,IT Operations,Road
IT Operations,['scrum'],Remote,IT Operations,Umpisa Inc
IT Operations,"['foundation', 'incident response', 'jira']",Remote,IT Operations,Wifinity
IT Operations,"['bash', 'okta', 'powershell', 'python']",On-site,IT Operations,Nimble Gravity
IT Operations,"['chef', 'fortinet', 'jira']",Hybrid,IT Operations,Dyflexis
IT Operations,"['dhcp', 'microsoft azure', 'swift']",Hybrid,IT Operations,ARO Technology
IT Operations,"['foundation', 'less']",On-site,IT Operations,Julphar
IT Operations,"['bash', 'kubernetes', 'okta', 'powershell', 'python', 'terraform']",Hybrid,IT Operations,CoreWeave
IT Operations,"['github', 'less', 'okta']",Remote,IT Operations,Muck Rack
IT Operations,"['jira', 'servicenow']",On-site,IT Operations,Find Zambia Jobs
Unity Developer,"['c#', 'figma', 'git', 'unity3d']",Hybrid,Unity Developer,Supono Holdings LTD
Unity Developer,"['c#', 'machine learning']",On-site,Unity Developer,"Appodeal, Inc."
Unity Developer,"['c#', 'php']",On-site,Unity Developer,Bigpoint GmbH
Unity Developer,"['c#', 'github', 'jira', 'python']",On-site,Unity Developer,PIE Recruitment
Unity Developer,"['c#', 'git']",On-site,Unity Developer,Nordcurrent
Unity Developer,"['c#', 'foundation', 'git']",On-site,Unity Developer,Yggdrasil Gaming Ltd
Unity Developer,"['c#', 'generative ai', 'javascript', 'machine learning', 'next.js', 'node.js', 'python']",Remote,Unity Developer,Azumo
Unity Developer,['blender'],Remote,Unity Developer,Voodoo
Unity Developer,['c#'],Hybrid,Unity Developer,Ten Square Games
Unity Developer,"['a/b testing', 'c#', 'datadog', 'foundation']",Remote,Unity Developer,Plummy Games
Unity Developer,"['bash', 'bitbucket', 'c#', 'git', 'kotlin', 'powershell', 'python']",Remote,Unity Developer,Fusebox Games
Unity Developer,"['c#', 'figma', 'git', 'unity3d']",On-site,Unity Developer,Supono Holdings LTD
Unity Developer,['blender'],On-site,Unity Developer,Voodoo
Unity Developer,"['git', 'github']",Hybrid,Unity Developer,Ten Square Games
Unity Developer,"['c#', 'git', 'github']",On-site,Unity Developer,MH Cockpit
Unity Developer,['c#'],Hybrid,Unity Developer,PAPAYA
Unity Developer,['c#'],Hybrid,Unity Developer,PAPAYA
Unreal Engine-Developer,"['c++', 'game physics', 'unreal engine']",Remote,Unreal Engine-Developer,Crossing Hurdles
Unreal Engine-Developer,"['c++', 'computer vision', 'unreal engine']",On-site,Unreal Engine-Developer,General Dynamics Mission Systems–Canada
Unreal Engine-Developer,"['c++', 'foundation', 'google cloud platform (gcp)', 'unreal engine']",On-site,Unreal Engine-Developer,Recommended by
Unreal Engine-Developer,"['c++', 'foundation', 'unreal engine']",Remote,Unreal Engine-Developer,Nineteedy
Unreal Engine-Developer,"['blender', 'c++', 'computer vision', 'foundation', 'git', 'machine learning', 'python', 'unreal engine']",On-site,Unreal Engine-Developer,Autonomous Teaming
Unreal Engine-Developer,"['c++', 'machine learning', 'unreal engine']",On-site,Unreal Engine-Developer,AION ROBOTICS CORPORATION
Game Programmer,"['c++', 'unreal engine']",On-site,Game Programmer,Techland
Game Programmer,['c++'],Hybrid,Game Programmer,"GungHo Online Entertainment America, Inc."
Game Programmer,"['c++', 'java']",On-site,Game Programmer,Supercell
Game Programmer,['c#'],On-site,Game Programmer,Paradox Interactive
Game Programmer,"['c++', 'git', 'unreal engine']",Hybrid,Game Programmer,Gameloft Bucharest
Game Programmer,"['c++', 'github', 'python']",Remote,Game Programmer,Crossing Hurdles
Game Programmer,"['c#', 'c++', 'java', 'unity3d']",On-site,Game Programmer,Kooapps
Game Programmer,['c++'],On-site,Game Programmer,Supercell
Game Artist,"['3d modeling', 'bitbucket', 'git', 'github', 'gitlab', 'visual design']",Remote,Game Artist,Garawell Games
Game Artist,['blender'],Hybrid,Game Artist,Green Horse Games
Game Artist,['figma'],On-site,Game Artist,Vento Games
Game Artist,['a/b testing'],On-site,Game Artist,Paxie Games
Game Artist,['a/b testing'],On-site,Game Artist,Paxie Games
Game Artist,"['blender', 'figma', 'foundation', 'maya', 'visual design', 'wireframing']",On-site,Game Artist,Tamatem Games
Game Artist,['blender'],On-site,Game Artist,Netflix
Game Artist,['figma'],On-site,Game Artist,Amanotes
Game Artist,['sketch'],On-site,Game Artist,Wildlife Studios
Game Artist,['a/b testing'],On-site,Game Artist,Voodoo
Game Artist,['a/b testing'],On-site,Game Artist,Voodoo
Game Artist,"['3d modeling', 'a/b testing', 'blender', 'maya']",On-site,Game Artist,Paxie Games
Game Designer,['a/b testing'],On-site,Game Designer,Paxie Games
Game Designer,"['c#', 'java', 'level design', 'ruby', 'snowflake', 'unity3d']",On-site,Game Designer,N-iX
Game Designer,"['generative ai', 'godot']",Remote,Game Designer,Embedding VC
Game Designer,['jira'],Remote,Game Designer,SpinPlay Games
Game Designer,['unreal engine'],On-site,Game Designer,Grid Games
Game Designer,['a/b testing'],Hybrid,Game Designer,FDJ UNITED
Game Designer,"['c#', 'less', 'lua']",Hybrid,Game Designer,SEGA Europe
Game Designer,['unreal engine'],On-site,Game Designer,Sunbytes
Game Designer,['technical writing'],On-site,Game Designer,Nordcurrent
Game Designer,"['foundation', 'scrum']",On-site,Game Designer,ELA Games
Game Designer,['level design'],On-site,Game Designer,Pazu Games
Game Designer,"['foundation', 'level design']",On-site,Game Designer,"Unity South APAC (SEA, ANZ, IND Subcont.)"
Game Designer,"['confluence', 'jira', 'level design']",Hybrid,Game Designer,Keywords Studios
Game Designer,['level design'],Remote,Game Designer,Voodoo
Game Designer,"['adobe xd', 'figma', 'html5']",On-site,Game Designer,Dynamite Games
Game Designer,['figma'],Hybrid,Game Designer,Voodoo
Game Designer,['figma'],On-site,Game Designer,Gear Inc.
Game Designer,['workday'],Hybrid,Game Designer,Rebellion
Game Designer,"['c#', 'lua']",Hybrid,Game Designer,Electronic Arts (EA)
Game Designer,"['snowflake', 'tableau']",Remote,Game Designer,Voldex
Game Designer,['level design'],On-site,Game Designer,King
Machine Learning Engineer,"['apache spark', 'docker', 'mlops', 'machine learning', 'pytorch', 'terraform', 'vertex ai']",Remote,Machine Learning Engineer,Halo Media
Machine Learning Engineer,"['mlops', 'machine learning', 'rapid prototyping']",Remote,Machine Learning Engineer,Mekion Consulting
Machine Learning Engineer,"['mlops', 'machine learning', 'pytorch', 'python', 'scikit-learn', 'tensorflow']",On-site,Machine Learning Engineer,MNRecruit
Machine Learning Engineer,"['a/b testing', 'apache airflow', 'deep learning', 'mlops', 'machine learning', 'pytorch', 'python', 'reinforcement learning', 'sql', 'sagemaker', 'statistical analysis', 'tensorflow', 'vertex ai']",On-site,Machine Learning Engineer,ClearGrid
Machine Learning Engineer,"['computer vision', 'github', 'mlops', 'mlflow', 'machine learning', 'next.js', 'node.js', 'opencv', 'pandas', 'pytorch', 'python', 'scikit-learn', 'technical writing', 'tensorflow', 'typescript']",Hybrid,Machine Learning Engineer,ORGN Tech
Machine Learning Engineer,['machine learning'],Remote,Machine Learning Engineer,Alignerr
Machine Learning Engineer,"['data modeling', 'feature engineering', 'foundation', 'machine learning']",Hybrid,Machine Learning Engineer,Pelica Health
Machine Learning Engineer,"['apache spark', 'design systems', 'less', 'mlops', 'machine learning', 'python', 'sql', 'vertex ai']",Remote,Machine Learning Engineer,Kora
Machine Learning Engineer,"['generative ai', 'less', 'machine learning', 'python', 'sql']",Remote,Machine Learning Engineer,Constructor
Machine Learning Engineer,"['computer vision', 'large language models (llms)', 'machine learning', 'pandas', 'pytorch', 'python', 'tensorflow']",On-site,Machine Learning Engineer,Sia
Machine Learning Engineer,['machine learning'],Remote,Machine Learning Engineer,Mercor
Machine Learning Engineer,"['computer vision', 'confluence', 'deep learning', 'foundation', 'jira', 'kanban', 'mlops', 'mlflow', 'machine learning', 'opencv', 'pytorch', 'python', 'sagemaker', 'scrum', 'tensorflow', 'yolo']",Remote,Machine Learning Engineer,R3vamp
Machine Learning Engineer,"['bokeh', 'd3.js', 'deep learning', 'foundation', 'keras', 'machine learning', 'matplotlib', 'power bi', 'pytorch', 'python', 'reinforcement learning', 'scikit-learn', 'seaborn', 'tableau', 'tensorflow']",Hybrid,Machine Learning Engineer,Visium
Machine Learning Engineer,"['machine learning', 'prompt engineering', 'technical writing']",Remote,Machine Learning Engineer,Alignerr
Machine Learning Engineer,"['deep learning', 'feature engineering', 'mlops', 'machine learning', 'pandas', 'pytorch', 'python', 'sql', 'scikit-learn']",On-site,Machine Learning Engineer,OptiComm.ai
Machine Learning Engineer,"['computer vision', 'docker', 'foundation', 'kubeflow', 'mlops', 'machine learning', 'pandas', 'pytorch', 'python', 'sql', 'scikit-learn']",Hybrid,Machine Learning Engineer,Nearmap
Machine Learning Engineer,"['docker', 'github', 'kubernetes', 'mlops', 'machine learning', 'pytorch', 'python', 'sagemaker', 'tensorflow']",Remote,Machine Learning Engineer,Canoe Intelligence
Machine Learning Engineer,"['a/b testing', 'foundation', 'machine learning', 'pytorch', 'python', 'rust', 'tensorflow']",On-site,Machine Learning Engineer,Perplexity
Machine Learning Engineer,"['apache spark', 'argocd', 'databricks', 'feature engineering', 'grafana', 'hbase', 'kotlin', 'machine learning', 'neo4j', 'python', 'sql', 'typescript', 'grpc']",Hybrid,Machine Learning Engineer,ComplyAdvantage
Machine Learning Engineer,"['c++', 'deep learning', 'less', 'machine learning', 'pytorch', 'python', 'reinforcement learning', 'tensorflow']",On-site,Machine Learning Engineer,Skild AI
Machine Learning Engineer,"['machine learning', 'python', 'statistical analysis']",Remote,Machine Learning Engineer,Immersum
Machine Learning Engineer,"['computer vision', 'data modeling', 'django', 'machine learning', 'pytorch', 'python', 'sql', 'sagemaker']",Hybrid,Machine Learning Engineer,SearchWorks
Machine Learning Engineer,"['large language models (llms)', 'machine learning']",Remote,Machine Learning Engineer,Alignerr
Machine Learning Engineer,"['docker', 'fastapi', 'feature engineering', 'flask', 'keras', 'kubeflow', 'kubernetes', 'mlops', 'mlflow', 'machine learning', 'pytorch', 'python', 'sql', 'sagemaker', 'scikit-learn', 'tensorflow', 'vertex ai']",Hybrid,Machine Learning Engineer,TNP Consultants
Machine Learning Engineer,"['deep learning', 'docker', 'kubeflow', 'kubernetes', 'large language models (llms)', 'less', 'mlops', 'mlflow', 'machine learning', 'prometheus', 'prompt engineering', 'pytorch', 'python', 'rapid prototyping']",Hybrid,Machine Learning Engineer,exacare ai
Machine Learning Engineer,"['mlops', 'machine learning', 'python']",Hybrid,Machine Learning Engineer,Compare the Market
Machine Learning Engineer,"['computer vision', 'machine learning']",Remote,Machine Learning Engineer,CompanyCam
Machine Learning Engineer,['machine learning'],Remote,Machine Learning Engineer,May Mobility
Machine Learning Engineer,"['c++', 'generative ai', 'less', 'machine learning', 'mysql', 'python', 'rust', 'sql']",Remote,Machine Learning Engineer,Constructor
Machine Learning Engineer,"['c#', 'c++', 'docker', 'generative ai', 'mlops', 'machine learning', 'prompt engineering', 'pytorch', 'python', 'rust', 'tensorflow']",On-site,Machine Learning Engineer,Ubisoft Paris Studio
Machine Learning Engineer,"['chef', 'generative ai', 'machine learning', 'pytorch', 'python', 'scala']",On-site,Machine Learning Engineer,Verneek
Machine Learning Engineer,"['c++', 'deep learning', 'less', 'machine learning', 'pytorch', 'python', 'reinforcement learning', 'tensorflow']",On-site,Machine Learning Engineer,Skild AI
Machine Learning Engineer,"['deep learning', 'machine learning', 'pytorch', 'python', 'swift', 'tensorflow']",On-site,Machine Learning Engineer,Apple
Machine Learning Engineer,"['deep learning', 'foundation', 'git', 'machine learning', 'milvus', 'numpy', 'pandas', 'pinecone', 'pytorch', 'python', 'recommendation systems', 'scikit-learn', 'tensorflow']",On-site,Machine Learning Engineer,Parspec
Machine Learning Engineer,"['mlops', 'machine learning', 'postgresql', 'sql']",Hybrid,Machine Learning Engineer,agap2 España
Machine Learning Engineer,"['c++', 'computer vision', 'deep learning', 'foundation', 'java', 'machine learning', 'pytorch', 'python', 'sql', 'statistical analysis', 'tensorflow']",Remote,Machine Learning Engineer,ECRS (ECR Software Corporation)
Machine Learning Engineer,"['databricks', 'feature engineering', 'git', 'mlops', 'mlflow', 'machine learning', 'python', 'sql', 'scala']",Remote,Machine Learning Engineer,Limango Polska (A member of the Otto Group)
Machine Learning Engineer,"['computer vision', 'deep learning', 'machine learning', 'pytorch', 'python', 'tensorflow']",Remote,Machine Learning Engineer,Globaldev Group
Machine Learning Engineer,"['computer vision', 'fastapi', 'generative ai', 'git', 'github', 'machine learning', 'pytorch', 'python', 'sql', 'snowflake', 'xgboost']",Hybrid,Machine Learning Engineer,Gemmo AI
Machine Learning Engineer,"['computer vision', 'deep learning', 'machine learning', 'pytorch', 'python', 'tensorflow']",On-site,Machine Learning Engineer,Tesla
Machine Learning Engineer,"['feature engineering', 'machine learning', 'python', 'reinforcement learning', 'tensorflow']",On-site,Machine Learning Engineer,Remerge
Machine Learning Engineer,"['c++', 'java', 'javascript', 'machine learning', 'python', 'sql']",Hybrid,Machine Learning Engineer,WHIZE
Machine Learning Engineer,"['deep learning', 'docker', 'foundation', 'generative ai', 'kubernetes', 'mlops', 'mlflow', 'machine learning', 'prompt engineering', 'python']",On-site,Machine Learning Engineer,Swissquote
Machine Learning Engineer,"['github', 'langchain', 'machine learning', 'pytorch', 'scikit-learn', 'speech recognition']",On-site,Machine Learning Engineer,Avelios Medical
Machine Learning Engineer,"['c++', 'deep learning', 'machine learning', 'pandas', 'pytorch', 'python', 'tensorflow']",On-site,Machine Learning Engineer,Tesla
Artificial Intelligence Engineer,"['data modeling', 'fastapi', 'generative ai', 'mlops', 'machine learning', 'microservices architecture', 'natural language processing (nlp)', 'prompt engineering', 'python', 'solid principles']",Remote,Artificial Intelligence Engineer,SBS
Artificial Intelligence Engineer,"['docker', 'fastapi', 'langchain', 'large language models (llms)', 'llamaindex', 'mlops', 'python']",Remote,Artificial Intelligence Engineer,Hermes Corporate
Artificial Intelligence Engineer,"['foundation', 'generative ai', 'hugging face transformers', 'large language models (llms)', 'mlops', 'machine learning', 'natural language processing (nlp)', 'prompt engineering', 'pytorch', 'python', 'sagemaker', 'tensorflow', 'vertex ai']",On-site,Artificial Intelligence Engineer,MobiMind
Artificial Intelligence Engineer,"['machine learning', 'natural language processing (nlp)', 'pytorch', 'python', 'tensorflow']",On-site,Artificial Intelligence Engineer,Solis Technology
Artificial Intelligence Engineer,"['deep learning', 'javascript', 'langchain', 'llamaindex', 'machine learning', 'prompt engineering', 'python']",Remote,Artificial Intelligence Engineer,SF Technology Partners
Artificial Intelligence Engineer,"['c#', 'deep learning', 'javascript', 'prompt engineering', 'python', 'sql']",Remote,Artificial Intelligence Engineer,BOSS ERP Consulting
Artificial Intelligence Engineer,"['celery', 'docker', 'fastapi', 'langchain', 'llamaindex', 'prompt engineering', 'python']",On-site,Artificial Intelligence Engineer,Loop Recruitment
Artificial Intelligence Engineer,['generative ai'],Remote,Artificial Intelligence Engineer,HartleyCo
Artificial Intelligence Engineer,"['machine learning', 'neo4j', 'python', 'sql', 'snowflake']",Remote,Artificial Intelligence Engineer,Harnham
Artificial Intelligence Engineer,"['docker', 'foundation', 'kubernetes', 'mlops', 'machine learning']",Remote,Artificial Intelligence Engineer,Digital Waffle
Artificial Intelligence Engineer,"['github', 'graphql', 'langchain', 'python']",On-site,Artificial Intelligence Engineer,ThoughtLabs Belgium
Artificial Intelligence Engineer,['python'],Hybrid,Artificial Intelligence Engineer,Bounce Digital
Artificial Intelligence Engineer,"['prompt engineering', 'python', 'typescript']",On-site,Artificial Intelligence Engineer,Arrows
Artificial Intelligence Engineer,"['databricks', 'mlops', 'machine learning', 'python', 'sagemaker']",Hybrid,Artificial Intelligence Engineer,Searchability®
Artificial Intelligence Engineer,['python'],Hybrid,Artificial Intelligence Engineer,causaLens
Artificial Intelligence Engineer,"['langchain', 'llamaindex', 'machine learning', 'node.js', 'pinecone', 'python', 'typescript', 'weaviate']",Remote,Artificial Intelligence Engineer,Conquer AI
Artificial Intelligence Engineer,"['docker', 'kubernetes', 'mlops', 'python']",Remote,Artificial Intelligence Engineer,MBN Solutions
Artificial Intelligence Engineer,"['github', 'reinforcement learning']",On-site,Artificial Intelligence Engineer,Xircuit AI Limited
Artificial Intelligence Engineer,"['fastapi', 'less', 'pinecone', 'python', 'weaviate']",Hybrid,Artificial Intelligence Engineer,KennedyPearce Consulting
Artificial Intelligence Engineer,['automation anywhere'],Hybrid,Artificial Intelligence Engineer,Qualient Technology Solutions UK Limited
Artificial Intelligence Engineer,"['django', 'docker', 'fastapi', 'flask', 'git', 'gitlab', 'jenkins', 'kubernetes', 'mlops', 'machine learning', 'numpy', 'pandas', 'perl', 'pytorch', 'python', 'scikit-learn', 'tensorflow']",Hybrid,Artificial Intelligence Engineer,Bridgewater Resourcing Solutions Limited
Artificial Intelligence Engineer,"['celery', 'datadog', 'fastapi', 'next.js', 'pinecone', 'python', 'rabbitmq', 'redis', 'typescript']",On-site,Artificial Intelligence Engineer,Prism Digital
Artificial Intelligence Engineer,"['generative ai', 'google cloud platform (gcp)', 'large language models (llms)']",On-site,Artificial Intelligence Engineer,SourcingXPress
Artificial Intelligence Engineer,"['generative ai', 'github', 'graphql', 'langchain', 'prompt engineering', 'python']",On-site,Artificial Intelligence Engineer,ThoughtLabs Belgium
Artificial Intelligence Engineer,"['langchain', 'python']",Hybrid,Artificial Intelligence Engineer,Thomson Keene
Artificial Intelligence Engineer,"['node.js', 'typescript']",Remote,Artificial Intelligence Engineer,Christopher Ali
Artificial Intelligence Engineer,"['computer vision', 'machine learning']",On-site,Artificial Intelligence Engineer,Autonomous Production
Artificial Intelligence Engineer,"['deep learning', 'java', 'keras', 'langchain', 'machine learning', 'matplotlib', 'numpy', 'pandas', 'pytorch', 'python', 'tensorflow']",Remote,Artificial Intelligence Engineer,Sysmatch
Artificial Intelligence Engineer,"['deep learning', 'docker', 'generative ai', 'kubernetes', 'machine learning', 'pinecone', 'prompt engineering', 'pytorch', 'python', 'sql', 'sagemaker', 'tensorflow', 'vertex ai', 'weaviate']",Hybrid,Artificial Intelligence Engineer,SourcingXPress
Artificial Intelligence Engineer,"['deep learning', 'generative ai', 'git', 'large language models (llms)', 'machine learning', 'natural language processing (nlp)', 'prompt engineering', 'pytorch', 'python', 'restful apis', 'tensorflow']",On-site,Artificial Intelligence Engineer,Tata Consultancy Services
Artificial Intelligence Engineer,['python'],Hybrid,Artificial Intelligence Engineer,MBN Solutions
Artificial Intelligence Engineer,"['python', 'sql']",Hybrid,Artificial Intelligence Engineer,Grantific
Artificial Intelligence Engineer,"['docker', 'mysql', 'python', 'rapid prototyping']",Hybrid,Artificial Intelligence Engineer,develop
Artificial Intelligence Engineer,"['docker', 'fastapi', 'generative ai', 'git', 'github', 'github actions', 'kubernetes', 'langchain', 'mlops', 'mlflow', 'machine learning', 'pinecone', 'pytorch', 'python', 'scrum', 'terraform']",Hybrid,Artificial Intelligence Engineer,InnoIT Consulting
Artificial Intelligence Engineer,"['deep learning', 'informatica', 'machine learning', 'pytorch', 'python', 'scikit-learn', 'tensorflow']",Hybrid,Artificial Intelligence Engineer,Code Generations
Artificial Intelligence Engineer,['python'],Hybrid,Artificial Intelligence Engineer,SourcingXPress
Artificial Intelligence Engineer,"['cloud run', 'deep learning', 'docker', 'foundation', 'generative ai', 'google cloud platform (gcp)', 'kubeflow', 'kubernetes', 'mlops', 'mlflow', 'machine learning', 'microservices architecture', 'prompt engineering', 'pytorch', 'python', 'tensorflow', 'vertex ai']",Hybrid,Artificial Intelligence Engineer,Genpact
Artificial Intelligence Engineer,"['mlops', 'machine learning', 'pytorch', 'python', 'tensorflow']",Hybrid,Artificial Intelligence Engineer,83zero
Artificial Intelligence Engineer,"['mlops', 'python']",Hybrid,Artificial Intelligence Engineer,Explore Group
Artificial Intelligence Engineer,"['generative ai', 'mlops', 'pandas', 'pytorch', 'python', 'recommendation systems', 'sql', 'scikit-learn', 'tensorflow']",On-site,Artificial Intelligence Engineer,Milestone Marketing Solutions
Artificial Intelligence Engineer,"['deep learning', 'generative ai', 'large language models (llms)', 'machine learning', 'natural language processing (nlp)', 'pytorch', 'python', 'rag (retrieval-augmented generation)', 'scikit-learn', 'tensorflow']",Hybrid,Artificial Intelligence Engineer,SourcingXPress
Artificial Intelligence Engineer,"['foundation', 'natural language processing (nlp)']",On-site,Artificial Intelligence Engineer,ShowBird Nederland
NLP Engineer,"['elasticsearch', 'hugging face transformers', 'nltk', 'python', 'spacy']",On-site,NLP Engineer,Trunk Tools
QA Automation Engineer,"['python', 'spacy', 'uipath']",Remote,NLP Engineer,Vytwo Technologies Inc.
Artificial Intelligence Engineer,"['azure machine learning', 'data mining', 'deep learning', 'generative ai', 'java', 'machine learning', 'nltk', 'natural language processing (nlp)', 'pytorch', 'python', 'sagemaker', 'spacy', 'speech recognition', 'tensorflow']",On-site,NLP Engineer,Omniscien Technologies
NLP Engineer,"['machine learning', 'natural language processing (nlp)', 'prompt engineering', 'python']",On-site,NLP Engineer,Apple
NLP Engineer,"['bash', 'cassandra', 'd3.js', 'data lakes', 'deep learning', 'hbase', 'matlab', 'machine learning', 'microsoft azure', 'mongodb', 'nltk', 'natural language processing (nlp)', 'pandas', 'perl', 'python', 'sql', 'scikit-learn', 'spacy']",On-site,NLP Engineer,ACENTO
NLP Engineer,"['deep learning', 'docker', 'foundation', 'git', 'kubernetes', 'scrum']",On-site,NLP Engineer,Verbex.ai
NLP Engineer,"['nltk', 'natural language processing (nlp)', 'spacy']",On-site,NLP Engineer,Translation Empire PK
NLP Engineer,"['deep learning', 'github']",On-site,NLP Engineer,Unwrap
NLP Engineer,"['hugging face transformers', 'nltk', 'spacy']",On-site,NLP Engineer,Translation Empire PK
NLP Engineer,"['computer vision', 'deep learning', 'machine learning', 'pytorch', 'python', 'sql', 'tensorflow']",On-site,NLP Engineer,Point72
Computer Vision Engineer,"['c++', 'computer vision', 'opencv', 'pytorch', 'python', 'tensorflow']",Remote,Computer Vision Engineer,THRYVE
Computer Vision Engineer,"['computer vision', 'java', 'machine learning', 'python']",Hybrid,Computer Vision Engineer,Neural Grader
Computer Vision Engineer,"['computer vision', 'deep learning', 'machine learning', 'opencv', 'pytorch', 'python', 'tensorflow']",On-site,Computer Vision Engineer,Müller's Solutions
Computer Vision Engineer,"['c++', 'computer vision', 'machine learning', 'python']",On-site,Computer Vision Engineer,Harmattan AI
Computer Vision Engineer,"['computer vision', 'docker', 'feature engineering', 'foundation', 'git', 'github', 'github actions', 'machine learning', 'numpy', 'opencv', 'pandas', 'pytorch', 'python', 'scikit-learn', 'tensorflow']",Hybrid,Computer Vision Engineer,ViewsML
Computer Vision Engineer,"['computer vision', 'generative ai', 'lottie', 'mlops', 'machine learning', 'pytorch', 'python', 'sql']",On-site,Computer Vision Engineer,Harnham
Computer Vision Engineer,"['c++', 'computer vision', 'opencv', 'python']",On-site,Computer Vision Engineer,VINFAST
Computer Vision Engineer,"['computer vision', 'mlops', 'machine learning', 'pytorch', 'python', 'sql']",Hybrid,Computer Vision Engineer,Harnham
Computer Vision Engineer,"['computer vision', 'machine learning', 'python', 'sql']",On-site,Computer Vision Engineer,Müller's Solutions
Computer Vision Engineer,"['c++', 'computer vision', 'opencv', 'pytorch', 'python', 'tensorflow']",Remote,Computer Vision Engineer,THRYVE
Computer Vision Engineer,"['alteryx', 'automation anywhere', 'c++', 'computer vision', 'data mining', 'deep learning', 'docker', 'flask', 'informatica', 'keras', 'kubernetes', 'machine learning', 'opencv', 'pytorch', 'python', 'sql', 'tableau', 'tensorflow', 'teradata']",On-site,Computer Vision Engineer,Master Works
Computer Vision Engineer,['computer vision'],On-site,Computer Vision Engineer,Rendin
Computer Vision Engineer,"['computer vision', 'deep learning', 'mlops', 'machine learning', 'pytorch', 'python', 'tensorflow']",On-site,Computer Vision Engineer,Hermes Corporate
Computer Vision Engineer,"['computer vision', 'deep learning', 'fpga', 'informatica', 'keras', 'machine learning', 'numpy', 'opencv', 'pytorch', 'python', 'scipy', 'tensorflow', 'yolo']",On-site,Computer Vision Engineer,Find Your Doctor
Computer Vision Engineer,"['computer vision', 'machine learning', 'python', 'sql']",Hybrid,Computer Vision Engineer,Harnham
Computer Vision Engineer,"['c++', 'computer vision', 'python']",Hybrid,Computer Vision Engineer,Electric Wings UAS
Computer Vision Engineer,"['computer vision', 'deep learning', 'docker', 'git', 'opencv', 'pytorch', 'python', 'yolo']",Remote,Computer Vision Engineer,Flatgigs
Computer Vision Engineer,"['c#', 'c++', 'computer vision', 'deep learning', 'machine learning']",Hybrid,Computer Vision Engineer,Between Technology
Computer Vision Engineer,"['computer vision', 'machine learning', 'python']",Hybrid,Computer Vision Engineer,Faculty
Computer Vision Engineer,"['computer vision', 'foundation', 'git', 'keras', 'less', 'machine learning', 'python', 'tensorflow']",Hybrid,Computer Vision Engineer,Cross International
Computer Vision Engineer,"['computer vision', 'design systems']",On-site,Computer Vision Engineer,Pittsburgh Robotics Network
Computer Vision Engineer,['computer vision'],On-site,Computer Vision Engineer,Munin
Computer Vision Engineer,"['c++', 'computer vision', 'python']",On-site,Computer Vision Engineer,Harmattan AI
Computer Vision Engineer,['computer vision'],On-site,Computer Vision Engineer,metamorphosis GmbH
Computer Vision Engineer,"['c++', 'computer vision', 'deep learning', 'generative ai', 'machine learning', 'opencv', 'pytorch', 'python', 'rabbitmq', 'tensorflow', 'grpc']",On-site,Computer Vision Engineer,Razer Inc.
Computer Vision Engineer,"['computer vision', 'docker', 'git', 'kubernetes', 'machine learning', 'python']",On-site,Computer Vision Engineer,Polysense
Computer Vision Engineer,"['c++', 'computer vision', 'git', 'java', 'matlab', 'machine learning', 'python', 'workday']",On-site,Computer Vision Engineer,The Applied Research Laboratory at Penn State University
Computer Vision Engineer,"['bash', 'computer vision', 'deep learning', 'docker', 'kubeflow', 'kubernetes', 'machine learning', 'numpy', 'pandas', 'pytorch', 'sql', 'scipy', 'scikit-learn']",Remote,Computer Vision Engineer,SQUAD
Computer Vision Engineer,"['c++', 'computer vision', 'deep learning', 'opencv', 'pytorch', 'python', 'tensorflow']",On-site,Computer Vision Engineer,Kodifly
Computer Vision Engineer,"['computer vision', 'deep learning', 'docker', 'pytorch', 'python']",On-site,Computer Vision Engineer,Visarsoft
Computer Vision Engineer,"['c++', 'computer vision', 'deep learning', 'docker', 'informatica', 'opencv', 'pytorch', 'tensorflow']",Remote,Computer Vision Engineer,E80 Group
Computer Vision Engineer,"['c++', 'computer vision', 'deep learning', 'edge computing', 'opencv', 'pytorch', 'python', 'tensorflow', 'yolo']",On-site,Computer Vision Engineer,Quantum Systems
Computer Vision Engineer,"['c++', 'computer vision', 'machine learning', 'matplotlib', 'numpy', 'opencv', 'pytorch', 'python', 'tensorflow']",On-site,Computer Vision Engineer,PTx Trimble
Computer Vision Engineer,"['c++', 'computer vision', 'deep learning', 'edge computing', 'foundation', 'opencv', 'pytorch', 'python', 'tensorflow']",On-site,Computer Vision Engineer,Rapsodo
Computer Vision Engineer,"['bitbucket', 'c++', 'computer vision', 'confluence', 'deep learning', 'fpga', 'foundation', 'git', 'jira', 'matlab', 'opencv', 'pytorch', 'python', 'scrum', 'tensorflow']",On-site,Computer Vision Engineer,Space Dynamics Laboratory
Computer Vision Engineer,"['angular', 'c++', 'computer vision', 'deep learning', 'foundation', 'machine learning', 'opencv', 'pytorch', 'python', 'tensorflow']",On-site,Computer Vision Engineer,"T3i, Inc."
Computer Vision Engineer,"['computer vision', 'deep learning', 'foundation', 'pytorch', 'python', 'sagemaker', 'tensorflow', 'yolo']",On-site,Computer Vision Engineer,Oxy
Computer Vision Engineer,"['c++', 'computer vision', 'deep learning', 'generative ai', 'machine learning', 'opencv', 'pytorch', 'python', 'rabbitmq', 'tensorflow', 'grpc']",On-site,Computer Vision Engineer,Razer Inc.
Computer Vision Engineer,"['c#', 'computer vision', 'fiber', 'matlab', 'machine learning', 'pytorch', 'python', 'statistical analysis', 'tensorflow']",On-site,Computer Vision Engineer,Corning Incorporated
Computer Vision Engineer,"['c++', 'computer vision', 'git', 'machine learning', 'python', 'unreal engine']",Hybrid,Computer Vision Engineer,Astroscale
Computer Vision Engineer,"['c++', 'computer vision', 'deep learning', 'foundation', 'machine learning', 'opencv', 'pytorch', 'tensorflow']",On-site,Computer Vision Engineer,XPENG
Computer Vision Engineer,"['computer vision', 'deep learning', 'docker', 'machine learning', 'python', 'tensorflow']",Hybrid,Computer Vision Engineer,"Svitla Systems, Inc."
Computer Vision Engineer,"['c++', 'computer vision', 'foundation', 'git', 'java', 'matlab', 'machine learning', 'python', 'workday']",On-site,Computer Vision Engineer,Penn State University
Prompt Engineer,"['generative ai', 'prompt engineering', 'python']",On-site,Prompt Engineer,AVA Global Alliance
Prompt Engineer,"['a/b testing', 'large language models (llms)', 'machine learning', 'prompt engineering']",On-site,Prompt Engineer,Nurix
Prompt Engineer,"['generative ai', 'speech recognition']",Remote,Prompt Engineer,Vodex.ai
Prompt Engineer,['prompt engineering'],Remote,Prompt Engineer,Rex.zone
Prompt Engineer,"['machine learning', 'prompt engineering']",Hybrid,Prompt Engineer,Mentaily
Prompt Engineer,"['generative ai', 'large language models (llms)', 'prompt engineering', 'python']",On-site,Prompt Engineer,IP Author
Prompt Engineer,"['a/b testing', 'prompt engineering']",Remote,Prompt Engineer,Social Discovery Group
Prompt Engineer,"['a/b testing', 'langchain', 'python', 'typescript']",Remote,Prompt Engineer,webook.com
Prompt Engineer,"['a/b testing', 'generative ai', 'prompt engineering']",On-site,Prompt Engineer,NEC Software Solutions
Prompt Engineer,"['langchain', 'large language models (llms)', 'natural language processing (nlp)', 'prompt engineering', 'python', 'vulnerability assessment', 'workday']",On-site,Prompt Engineer,F5
Prompt Engineer,"['generative ai', 'mlops', 'prompt engineering']",On-site,Prompt Engineer,Soothsayer Analytics
Prompt Engineer,"['large language models (llms)', 'prompt engineering']",On-site,Prompt Engineer,Accenture in India
Prompt Engineer,"['generative ai', 'javascript', 'large language models (llms)', 'prompt engineering', 'python', 'scrum', 'typescript']",Hybrid,Prompt Engineer,CACI International Inc
Prompt Engineer,"['generative ai', 'large language models (llms)', 'machine learning', 'natural language processing (nlp)', 'prompt engineering', 'python', 'reinforcement learning', 'technical writing']",Remote,Prompt Engineer,OVA.Work
Prompt Engineer,"['javascript', 'mlops', 'mlflow', 'prompt engineering', 'sql', 'servicenow']",Hybrid,Prompt Engineer,QBE Insurance
Prompt Engineer,"['generative ai', 'informatica', 'machine learning', 'prompt engineering', 'pytorch', 'python', 'scala', 'tensorflow']",Hybrid,Prompt Engineer,Accenture Italia
Prompt Engineer,['prompt engineering'],Hybrid,Prompt Engineer,Luna Labs srl
Prompt Engineer,"['a/b testing', 'generative ai', 'large language models (llms)', 'machine learning', 'natural language processing (nlp)', 'prompt engineering', 'python']",Remote,Prompt Engineer,ChatGPT Jobs
Prompt Engineer,"['asana', 'javascript', 'prompt engineering', 'python', 'sql', 'trello']",On-site,Prompt Engineer,stefanmueller.ai
Prompt Engineer,"['gitlab', 'gitlab ci/cd', 'mlops', 'mlflow', 'prompt engineering', 'sql']",Hybrid,Prompt Engineer,QBE Insurance
Prompt Engineer,"['generative ai', 'node.js', 'prompt engineering', 'python']",On-site,Prompt Engineer,J&M Group
Prompt Engineer,"['generative ai', 'langchain', 'prompt engineering', 'python', 'rag (retrieval-augmented generation)']",Hybrid,Prompt Engineer,Commerzbank Digital Technology Centre Bulgaria
Prompt Engineer,"['foundation', 'generative ai', 'javascript', 'large language models (llms)', 'less', 'natural language processing (nlp)', 'prompt engineering', 'python']",On-site,Prompt Engineer,Mass Markets
Prompt Engineer,"['prompt engineering', 'python', 'typescript']",Hybrid,Prompt Engineer,Covisian
Prompt Engineer,['machine learning'],Remote,Prompt Engineer,ChatGPT Jobs
Prompt Engineer,"['java', 'javascript', 'power bi', 'prompt engineering', 'python']",On-site,Prompt Engineer,CACI International Inc
Prompt Engineer,"['sql', 'workday']",Remote,Prompt Engineer,Welo Data
Prompt Engineer,"['bash', 'c#', 'foundation', 'java', 'powershell', 'python', 'raspberry pi']",Hybrid,Prompt Engineer,EPAM Systems
Prompt Engineer,"['langchain', 'prompt engineering']",Remote,Prompt Engineer,Mainz Brady Group
Prompt Engineer,"['informatica', 'prompt engineering']",Hybrid,Prompt Engineer,Covisian
Prompt Engineer,"['foundation', 'prompt engineering', 'sql', 'workday']",Remote,Prompt Engineer,Welo Data
Prompt Engineer,"['a/b testing', 'machine learning', 'prompt engineering', 'python', 'reinforcement learning']",Hybrid,Prompt Engineer,Anthropic
Prompt Engineer,"['fastapi', 'flask', 'langchain', 'large language models (llms)', 'llamaindex', 'prompt engineering', 'python', 'vertex ai']",On-site,Prompt Engineer,Tata Consultancy Services
Prompt Engineer,"['generative ai', 'prompt engineering', 'technical writing']",On-site,Prompt Engineer,Fragomen
Prompt Engineer,"['mlops', 'mlflow', 'prompt engineering', 'sql']",Hybrid,Prompt Engineer,QBE Group Shared Services Centre
Prompt Engineer,"['foundation', 'prompt engineering', 'sql', 'workday']",Remote,Prompt Engineer,Welo Data
Prompt Engineer,"['foundation', 'prompt engineering', 'sql', 'workday']",Remote,Prompt Engineer,Welo Data
Prompt Engineer,"['foundation', 'prompt engineering', 'sql', 'workday']",Remote,Prompt Engineer,Welo Data
Prompt Engineer,"['generative ai', 'large language models (llms)', 'microsoft azure', 'prompt engineering', 'python']",On-site,Prompt Engineer,Tata Consultancy Services
IT Operations,"['foundation', 'generative ai', 'large language models (llms)', 'prompt engineering', 'python']",On-site,Prompt Engineer,TikTok USDS Joint Venture
C++ Developer,"['c#', 'c++']",Remote,C++ Developer,Confidential
C++ Developer,"['c++', 'docker', 'git', 'github', 'github actions', 'jenkins', 'kubernetes', 'postgresql', 'python', 'sql', 'shell scripting']",Remote,C++ Developer,ALTEN
C++ Developer,"['c++', 'shell scripting']",On-site,C++ Developer,Unison Group
C++ Developer,"['c++', 'java', 'javascript', 'large language models (llms)', 'python', 'sql', 'supabase']",Remote,C++ Developer,Quik Hire Staffing
C++ Developer,['c++'],Hybrid,C++ Developer,McGregor Boyall
C++ Developer,"['c#', 'c++']",Hybrid,C++ Developer,Eames Consulting
C++ Developer,"['c#', 'c++', 'fpga', 'javascript', 'python']",Hybrid,C++ Developer,Maven Securities
C++ Developer,"['c++', 'git', 'gitlab', 'grafana', 'jenkins', 'postgresql', 'prometheus', 'sql', 'splunk']",Hybrid,C++ Developer,Cantor Fitzgerald
C++ Developer,"['c++', 'git', 'java', 'python', 'sql']",On-site,C++ Developer,Unison Group
C++ Developer,"['c++', 'python']",On-site,C++ Developer,Radley James
C++ Developer,"['c++', 'docker', 'edge computing', 'grafana', 'java', 'jenkins', 'machine learning', 'pytorch', 'python']",On-site,C++ Developer,Oliver Bernard
C++ Developer,"['c++', 'clickhouse', 'git', 'objective-c', 'rust']",Remote,C++ Developer,Teramind
C++ Developer,"['c++', 'lua', 'python']",Remote,C++ Developer,Alignerr
C++ Developer,"['c++', 'lua', 'python']",Remote,C++ Developer,VOKI Games
C++ Developer,"['c++', 'computer vision', 'machine learning', 'natural language processing (nlp)']",Remote,C++ Developer,YO IT Consulting
C++ Developer,"['c++', 'generative ai', 'git']",On-site,C++ Developer,Siemens
C++ Developer,"['c++', 'foundation', 'git', 'object-oriented programming (oop)']",On-site,C++ Developer,EMG-Soft
C++ Developer,"['c++', 'git', 'python']",On-site,C++ Developer,Imagry | Autonomous Driving
C++ Developer,"['bash', 'c++', 'python']",Hybrid,C++ Developer,LUZA Group
C++ Developer,"['c++', 'restful apis', 'sql', 'scrum', 'shell scripting']",On-site,C++ Developer,Unison Group
C++ Developer,"['c++', 'java']",Remote,C++ Developer,Thrive IT Systems
C++ Developer,"['c++', 'sql', 'shell scripting']",Remote,C++ Developer,Mission Consultancy Services Sdn. Bhd.
C++ Developer,"['c++', 'less']",Hybrid,C++ Developer,Nomura
C++ Developer,"['c++', 'generative ai', 'jira']",On-site,C++ Developer,Delaplex
C++ Developer,"['c++', 'foundation']",Remote,C++ Developer,Alignerr
C++ Developer,"['c++', 'foundation', 'git', 'jira', 'mongodb', 'object-oriented programming (oop)', 'sql', 'scrum']",On-site,C++ Developer,Kats Recruitment
C++ Developer,"['c++', 'computer vision', 'machine learning', 'natural language processing (nlp)']",Remote,C++ Developer,YO IT Consulting
C++ Developer,"['angular', 'ansible', 'c#', 'c++', 'deep learning', 'gitlab', 'java', 'jenkins', 'kubernetes', 'node.js', 'openstack', 'power bi', 'pytorch', 'python', 'tensorflow', 'terraform']",Remote,C++ Developer,PRIMUS Global Solutions (PRIMUS UK & Europe)
C++ Developer,"['c++', 'foundation', 'opencv', 'python', 'reverse engineering']",On-site,C++ Developer,think-cell Software
C++ Developer,"['c#', 'c++', 'python']",Hybrid,C++ Developer,Optimus Search
C++ Developer,"['c++', 'generative ai', 'git', 'github', 'gitlab', 'sql']",On-site,C++ Developer,Siemens
C++ Developer,"['c#', 'c++', 'cocos2d-x']",On-site,C++ Developer,Scorewarrior
C++ Developer,['c++'],On-site,C++ Developer,IT Teams
C++ Developer,['c++'],Remote,C++ Developer,ALGOTEQUE Innovation Hub
C++ Developer,"['c++', 'docker', 'jenkins', 'kanban', 'oracle database', 'scrum', 'shell scripting']",Hybrid,C++ Developer,Worldline
C++ Developer,"['c++', 'git']",Remote,C++ Developer,BairesDev
C++ Developer,"['c++', 'machine learning']",On-site,C++ Developer,Susquehanna International Group
C++ Developer,"['c++', 'foundation', 'git', 'github', 'less', 'python', 'scrum', 'workday']",Hybrid,C++ Developer,Intellias
Embedded Software Engineer,"['c++', 'coap', 'git', 'jenkins', 'machine learning', 'natural language processing (nlp)', 'python', 'scrum', 'websockets']",Hybrid,C++ Developer,NeST Digital
C++ Developer,['c++'],Remote,C++ Developer,think-cell Software
C++ Developer,"['c++', 'python']",On-site,C++ Developer,Optimus Search
C++ Developer,['c++'],Hybrid,C++ Developer,Doghouse Recruitment
C++ Developer,"['c++', 'embedded c/c++', 'java', 'kotlin', 'python', 'rust']",Remote,C++ Developer,JetBrains
C++ Developer,['c++'],On-site,C++ Developer,Harrington Starr
C++ Developer,"['bash', 'c++', 'foundation', 'shell scripting']",Remote,C++ Developer,Be | Shaping the Future Poland
Ruby on Rails Developer,"['computer vision', 'machine learning', 'natural language processing (nlp)', 'ruby', 'ruby on rails']",Remote,Ruby on Rails Developer,YO IT Consulting
Ruby on Rails Developer,"['ansible', 'bitbucket', 'css3', 'cucumber', 'django', 'docker', 'git', 'graphql', 'html5', 'javascript', 'jenkins', 'jira', 'kubernetes', 'mysql', 'puppet', 'python', 'ruby', 'ruby on rails', 'scrum', 'selenium', 'servicenow', 'shell scripting', 'splunk', 'workday']",Hybrid,Ruby on Rails Developer,Intuition IT – Intuitive Technology Recruitment
Ruby on Rails Developer,"['javascript', 'langchain', 'redis', 'ruby', 'ruby on rails']",Remote,Ruby on Rails Developer,Sur Global
Ruby on Rails Developer,"['javascript', 'ruby', 'ruby on rails', 'sql']",On-site,Ruby on Rails Developer,Materials Market
Ruby on Rails Developer,"['ruby', 'ruby on rails', 'typescript']",Remote,Ruby on Rails Developer,Dexory
Ruby on Rails Developer,"['less', 'ruby', 'ruby on rails']",Remote,Ruby on Rails Developer,SIDRAM TECHNOLOGIES
Ruby on Rails Developer,"['docker', 'postgresql', 'restful apis', 'ruby', 'ruby on rails', 'vue.js']",Remote,Ruby on Rails Developer,TechHeads - USA
Ruby on Rails Developer,"['ruby', 'ruby on rails', 'soap']",Hybrid,Ruby on Rails Developer,Dexory
Ruby on Rails Developer,"['angular', 'bootstrap', 'css3', 'git', 'html5', 'javascript', 'mongodb', 'node.js', 'ruby', 'ruby on rails', 'sql']",Hybrid,Ruby on Rails Developer,Adentis Portugal
Ruby on Rails Developer,"['git', 'mysql', 'python', 'query optimization', 'restful apis', 'redis', 'ruby', 'ruby on rails', 'rust']",On-site,Ruby on Rails Developer,Comeen
Ruby on Rails Developer,"['ruby', 'ruby on rails']",Remote,Ruby on Rails Developer,ExecutivePlacements.com
Ruby on Rails Developer,"['ansible', 'azure devops', 'databricks', 'docker', 'domain-driven design (ddd)', 'git', 'github', 'kubernetes', 'mariadb', 'mysql', 'redis', 'ruby', 'ruby on rails', 'snowflake']",Remote,Ruby on Rails Developer,Xebia
Ruby on Rails Developer,"['deep learning', 'docker', 'graphql', 'kubernetes', 'machine learning', 'postgresql', 'python', 'redis', 'ruby', 'ruby on rails']",Remote,Ruby on Rails Developer,stermedia.ai
Ruby on Rails Developer,"['ruby', 'ruby on rails']",Remote,Ruby on Rails Developer,Ness Solution
Ruby on Rails Developer,"['github', 'javascript', 'jira', 'nginx', 'notion', 'postgresql', 'ruby', 'ruby on rails', 'selenium', 'statistical analysis']",Remote,Ruby on Rails Developer,Streamline Clinical Research with Expert Data Services
Ruby on Rails Developer,"['docker', 'git', 'mysql', 'postgresql', 'restful apis', 'redis', 'ruby', 'ruby on rails']",Remote,Ruby on Rails Developer,Deccan AI Experts
Ruby on Rails Developer,"['c++', 'cocos2d-x', 'computer vision', 'kotlin', 'machine learning', 'natural language processing (nlp)', 'ruby', 'ruby on rails', 'swift']",Remote,Ruby on Rails Developer,YO IT Consulting
Ruby on Rails Developer,"['angular', 'circleci', 'dynamodb', 'github', 'github actions', 'jenkins', 'mysql', 'postgresql', 'restful apis', 'redis', 'ruby', 'ruby on rails', 'sql', 'vue.js']",Remote,Ruby on Rails Developer,Kreitech
Ruby on Rails Developer,"['ansible', 'bitbucket', 'css3', 'cucumber', 'django', 'docker', 'git', 'graphql', 'html5', 'javascript', 'jenkins', 'jira', 'kubernetes', 'mysql', 'puppet', 'python', 'ruby', 'ruby on rails', 'scrum', 'selenium', 'shell scripting', 'splunk']",Hybrid,Ruby on Rails Developer,HCLTech
Ruby on Rails Developer,"['git', 'javascript', 'redis', 'ruby', 'ruby on rails']",Hybrid,Ruby on Rails Developer,Affinity
Ruby on Rails Developer,"['cordova', 'elasticsearch', 'git', 'javascript', 'kubernetes', 'machine learning', 'mysql', 'python', 'redis', 'ruby', 'ruby on rails', 'sql', 'scrum']",On-site,Ruby on Rails Developer,Jobster
Ruby on Rails Developer,"['docker', 'git', 'javascript', 'mongodb', 'mysql', 'postgresql', 'python', 'redux', 'ruby', 'ruby on rails', 'webpack']",On-site,Ruby on Rails Developer,Mirabo Global
Ruby on Rails Developer,"['figma', 'git', 'github', 'github actions', 'less', 'mysql', 'python', 'ruby', 'ruby on rails']",On-site,Ruby on Rails Developer,Caterpillar Inc.
Ruby on Rails Developer,"['kotlin', 'ruby', 'ruby on rails', 'swift']",On-site,Ruby on Rails Developer,Haneke Design
Ruby on Rails Developer,"['git', 'microservices architecture', 'mysql', 'postgresql', 'restful apis', 'ruby', 'ruby on rails', 'sql', 'test-driven development (tdd)']",Hybrid,Ruby on Rails Developer,Kaderabotim.bg
Ruby on Rails Developer,"['gitlab', 'jenkins', 'ruby', 'ruby on rails']",Remote,Ruby on Rails Developer,OnTheGoSystems
Ruby on Rails Developer,"['c++', 'cocos2d-x', 'computer vision', 'java', 'kotlin', 'machine learning', 'natural language processing (nlp)', 'ruby', 'ruby on rails', 'swift']",Remote,Ruby on Rails Developer,YO IT Consulting
Rust Developer,"['bootstrap', 'kubernetes', 'odoo', 'postgresql', 'rust']",On-site,Rust Developer,Confidential
Rust Developer,"['computer vision', 'foundation', 'machine learning', 'natural language processing (nlp)', 'rust']",Remote,Rust Developer,YO IT Consulting
Rust Developer,"['foundation', 'java', 'python', 'ruby', 'rust', 'sql']",Remote,Rust Developer,Workato
Rust Developer,"['c++', 'rust']",Hybrid,Rust Developer,Adentis Portugal
Rust Developer,"['docker', 'foundation', 'git', 'microservices architecture', 'mongodb', 'mysql', 'postgresql', 'restful apis', 'rabbitmq', 'rust', 'sql']",On-site,Rust Developer,Lumel
Rust Developer,['rust'],Remote,Rust Developer,Radley James
Rust Developer,"['c++', 'rust', 'grpc']",On-site,Rust Developer,Rocket Stars
Rust Developer,"['computer vision', 'edge computing', 'rust']",On-site,Rust Developer,Confidential
Rust Developer,"['c++', 'microservices architecture', 'rust']",On-site,Rust Developer,arculus – a Jungheinrich company
Rust Developer,"['c++', 'computer vision', 'foundation', 'kotlin', 'machine learning', 'natural language processing (nlp)', 'python', 'ruby', 'rust']",Remote,Rust Developer,YO IT Consulting
Rust Developer,"['c++', 'computer vision', 'foundation', 'java', 'kotlin', 'machine learning', 'natural language processing (nlp)', 'rust']",Remote,Rust Developer,YO IT Consulting
Rust Developer,"['apache spark', 'rust']",On-site,Rust Developer,MWDN
Rust Developer,"['incident response', 'machine learning', 'rust']",Hybrid,Rust Developer,Hexegic
Rust Developer,"['c++', 'docker', 'kubernetes', 'rust']",On-site,Rust Developer,Quantum Systems
Rust Developer,"['aws lambda', 'confluence', 'dynamodb', 'generative ai', 'java', 'javascript', 'jira', 'kotlin', 'kubernetes', 'new relic', 'pagerduty', 'rust', 'terraform']",Hybrid,Rust Developer,Siemens
Rust Developer,"['docker', 'github', 'javascript', 'rust', 'typescript']",On-site,Rust Developer,Digital Wave Finance AG
Rust Developer,"['c++', 'docker', 'edge computing', 'kubernetes', 'rust', 'workday']",On-site,Rust Developer,Quantum Systems
Rust Developer,"['helm', 'kubernetes', 'rust', 'terraform']",Remote,Rust Developer,Wallarm: API Security Leader
Rust Developer,"['c++', 'foundation', 'microcontrollers', 'rust']",Hybrid,Rust Developer,Brunel
Rust Developer,"['graphql', 'kotlin', 'kubernetes', 'pulumi', 'rust', 'swift', 'typescript']",On-site,Rust Developer,DPG Media Nederland
Rust Developer,"['docker', 'kubernetes', 'machine learning', 'rust', 'terraform']",Hybrid,Rust Developer,VML Enterprise Solutions
Rust Developer,"['c++', 'cryptography', 'python', 'rust', 'scrum']",On-site,Rust Developer,Catapult Federal Services
Rust Developer,"['c#', 'c++', 'java', 'javascript', 'kotlin', 'machine learning', 'python', 'rust', 'swift', 'typescript']",Remote,Rust Developer,DataAnnotation
Scala Developer,"['databricks', 'docker', 'google bigquery', 'kubernetes', 'scala', 'snowflake']",Remote,Scala Developer,N-iX
Scala Developer,['scala'],Remote,Scala Developer,Grid Dynamics
Scala Developer,"['angular', 'azure devops', 'docker', 'java', 'scala', 'sitecore']",Hybrid,Scala Developer,Netcompany
Java Developer,"['hibernate', 'java', 'jenkins', 'sql', 'scala', 'snowflake', 'spring boot', 'swift']",On-site,Scala Developer,Enterprise Engineering Inc. (EEI)
Scala Developer,"['apache spark', 'git', 'java', 'sql', 'scala', 'spring boot']",Hybrid,Scala Developer,"Astra-North Infoteck Inc.  ~ Conquering today’s challenges, achieving tomorrow’s vision!"
Scala Developer,"['cassandra', 'functional programming', 'mongodb', 'mysql', 'postgresql', 'redis', 'scala']",Remote,Scala Developer,EXANTE
Scala Developer,"['docker', 'jenkins', 'kubernetes', 'rabbitmq', 'scala']",On-site,Scala Developer,Landskill
Scala Developer,"['apache spark', 'data warehousing', 'machine learning', 'sql', 'scala', 'scrum', 'shell scripting']",On-site,Scala Developer,Natobotics
Scala Developer,"['dynamodb', 'functional programming', 'git', 'node.js', 'postgresql', 'restful apis', 'sql', 'scala', 'typescript']",Hybrid,Scala Developer,Accenture Baltics
Scala Developer,"['angular', 'cassandra', 'docker', 'java', 'kubernetes', 'mongodb', 'rabbitmq', 'rapid prototyping', 'redis', 'rust', 'sql', 'scala', 'terraform']",Remote,Scala Developer,Scalac
Scala Developer,['scala'],Remote,Scala Developer,BairesDev
Scala Developer,"['angular', 'databricks', 'docker', 'generative ai', 'junit', 'java', 'level design', 'sql', 'scala', 'snowflake', 'spring boot']",On-site,Scala Developer,J&M Group
Scala Developer,"['apache spark', 'generative ai', 'git', 'java', 'sql', 'scala', 'spring boot']",On-site,Scala Developer,J&M Group
Scala Developer,"['docker', 'git', 'jenkins', 'kubernetes', 'microservices architecture', 'rabbitmq', 'scala']",Hybrid,Scala Developer,Signify Technology
Scala Developer,"['github', 'jenkins', 'python', 'scala']",Hybrid,Scala Developer,Luxoft Poland
Scala Developer,"['devsecops', 'functional programming', 'java', 'javascript', 'scala', 'scrum']",Remote,Scala Developer,Stealth iT Consulting
Scala Developer,"['docker', 'functional programming', 'microservices architecture', 'postgresql', 'restful apis', 'scala', 'terraform']",Hybrid,Scala Developer,Signify Technology
Scala Developer,"['github', 'jenkins', 'python', 'scala']",Hybrid,Scala Developer,Luxoft Poland
Scala Developer,"['devsecops', 'functional programming', 'git', 'github', 'github actions', 'java', 'javascript', 'jenkins', 'kanban', 'mongodb', 'postgresql', 'scala', 'scrum']",Remote,Scala Developer,Stealth iT Consulting
Scala Developer,"['generative ai', 'machine learning', 'sql', 'scala', 'scrum']",On-site,Scala Developer,J&M Group
Scala Developer,"['apache spark', 'functional programming', 'java', 'sql', 'scala']",Remote,Scala Developer,Deccan AI Experts
Scala Developer,"['foundation', 'grafana', 'java', 'kubernetes', 'raspberry pi', 'scala']",Remote,Scala Developer,EPAM Systems
Blockchain Developer,"['c++', 'cryptography', 'github', 'rust', 'smart contracts', 'solidity']",Remote,Blockchain Developer,Mundy Buddy Publishing LLC.
Blockchain Developer,"['ethereum', 'smart contracts']",Hybrid,Blockchain Developer,KBC Global Services
Blockchain Developer,"['cryptography', 'ethereum', 'python', 'smart contracts', 'solidity', 'truffle']",Hybrid,Blockchain Developer,Bitexen
Blockchain Developer,"['c++', 'cryptography', 'docker', 'ethereum', 'git', 'hyperledger fabric', 'java', 'javascript', 'kotlin', 'kubernetes', 'python', 'smart contracts', 'solidity', 'swift', 'typescript', 'grpc']",Hybrid,Blockchain Developer,Swift
Blockchain Developer,"['angular', 'bootstrap', 'cryptography', 'digitalocean', 'docker', 'ethereum', 'ethers.js', 'github', 'javascript', 'node.js', 'python', 'redux', 'smart contracts', 'solidity', 'truffle', 'web3.js']",On-site,Blockchain Developer,Ndax
Blockchain Developer,"['cryptography', 'ethereum', 'javascript', 'python', 'react.js', 'rust', 'smart contracts', 'solidity']",Remote,Blockchain Developer,UseBlocky
Blockchain Developer,"['cryptography', 'docker', 'git', 'github', 'grafana', 'graphql', 'jira', 'kubernetes', 'microservices architecture', 'mysql', 'next.js', 'postgresql', 'prometheus']",Hybrid,Blockchain Developer,CoinGate
Blockchain Developer,"['design systems', 'next.js', 'tailwind css', 'typescript']",Remote,Blockchain Developer,r3 Consultant
Blockchain Developer,"['echo', 'solidity']",On-site,Blockchain Developer,Mint Asset Management Pte. Ltd
Blockchain Developer,"['cryptography', 'ethereum', 'hardhat', 'javascript', 'python', 'rust', 'smart contracts', 'solidity', 'swift', 'truffle', 'typescript']",Hybrid,Blockchain Developer,Swift
Blockchain Developer,"['foundation', 'rollup', 'rust', 'smart contracts', 'solidity']",Remote,Blockchain Developer,Plexus Resource Solutions
Blockchain Developer,"['rust', 'smart contracts', 'solidity', 'threat modeling']",On-site,Blockchain Developer,Tata Consultancy Services
Smart Contract Developer,"['cryptography', 'devsecops', 'ethereum', 'grafana', 'kubernetes', 'prometheus', 'smart contracts', 'solidity', 'zero-knowledge proofs (zkp)']",Hybrid,Smart Contract Developer,Capgemini
Smart Contract Developer,"['defi protocols', 'hardhat', 'smart contracts', 'solidity', 'technical writing']",On-site,Smart Contract Developer,Nodeworthy
Embedded Software Engineer,"['assembly language', 'bash', 'c#', 'c++', 'confluence', 'java', 'jira', 'python', 'scrum']",Remote,Embedded Software Engineer,Jobgether
Embedded Software Engineer,['c++'],Hybrid,Embedded Software Engineer,WorkGenius Group
Embedded Software Engineer,['c++'],On-site,Embedded Software Engineer,Erbity
Embedded Software Engineer,"['bash', 'c++', 'git', 'java', 'python']",Remote,Embedded Software Engineer,Code Compass 🧭
Embedded Software Engineer,"['c++', 'git', 'github', 'python']",On-site,Embedded Software Engineer,Oho Group
Embedded Software Engineer,"['c++', 'java', 'shell scripting']",Remote,Embedded Software Engineer,Adstra
Embedded Software Engineer,"['c++', 'git', 'github', 'python']",Remote,Embedded Software Engineer,Cutsforth
Embedded Software Engineer,"['c++', 'java', 'shell scripting', 'spring boot']",Remote,Embedded Software Engineer,Adstra
Embedded Software Engineer,"['c++', 'less']",Hybrid,Embedded Software Engineer,TAE Power Solutions
Embedded Software Engineer,"['c++', 'foundation', 'git', 'python', 'reverse engineering']",Hybrid,Embedded Software Engineer,TECHEAGLE
Embedded Software Engineer,"['c++', 'informatica']",On-site,Embedded Software Engineer,Experis Italia
Embedded Software Engineer,"['c++', 'git', 'python']",On-site,Embedded Software Engineer,AGNTX
Embedded Software Engineer,['git'],On-site,Embedded Software Engineer,Kodu
Embedded Software Engineer,"['c++', 'git', 'github', 'matlab', 'python']",Hybrid,Embedded Software Engineer,Hays
Embedded Software Engineer,"['c++', 'fpga', 'git', 'pytorch', 'python', 'tensorflow']",Hybrid,Embedded Software Engineer,Excellerix
Embedded Software Engineer,['microcontrollers'],Hybrid,Embedded Software Engineer,Knorr-Bremse AG
Embedded Software Engineer,"['c#', 'c++', 'rust', 'sql']",On-site,Embedded Software Engineer,RedTech Recruitment
Embedded Software Engineer,"['c++', 'javascript', 'shell scripting']",Remote,Embedded Software Engineer,Adstra
Embedded Software Engineer,"['c++', 'git', 'grafana', 'python', 'rust']",On-site,Embedded Software Engineer,General Galactic
Embedded Software Engineer,"['angular', 'c++', 'java', 'python']",Remote,Embedded Software Engineer,ALTEN Delivery Centre Spain
Embedded Software Engineer,"['c++', 'microcontrollers']",Hybrid,Embedded Software Engineer,Critical FlyTech
Embedded Software Engineer,['c++'],On-site,Embedded Software Engineer,Oho Group
Embedded Software Engineer,"['bash', 'c++', 'python', 'sd-wan']",Hybrid,Embedded Software Engineer,Teldat
Embedded Software Engineer,['c++'],Remote,Embedded Software Engineer,LHP Engineering Solutions
Embedded Software Engineer,['c++'],On-site,Embedded Software Engineer,Supernova
Embedded Software Engineer,"['c++', 'rust']",On-site,Embedded Software Engineer,Revel
Embedded Software Engineer,"['c++', 'embedded c/c++', 'foundation', 'git', 'microcontrollers', 'rust']",On-site,Embedded Software Engineer,SWARM Biotactics
Embedded Software Engineer,"['microcontrollers', 'python', 'rust']",On-site,Embedded Software Engineer,Atomic Semi
Embedded Software Engineer,['c++'],Hybrid,Embedded Software Engineer,Adentis Portugal
Embedded Software Engineer,"['c++', 'less', 'python']",Hybrid,Embedded Software Engineer,Hewlett Packard Enterprise
Embedded Software Engineer,"['c++', 'git']",Hybrid,Embedded Software Engineer,GMV
Embedded Software Engineer,['c++'],Hybrid,Embedded Software Engineer,ALTEN Nederland
Embedded Software Engineer,"['c++', 'fpga', 'matlab', 'python']",On-site,Embedded Software Engineer,Cortech Talent Solutions Ltd
Embedded Software Engineer,"['c++', 'solid principles']",On-site,Embedded Software Engineer,"Autonomous Solutions, Inc. (ASI)"
Embedded Software Engineer,['c++'],On-site,Embedded Software Engineer,ALC
Embedded Software Engineer,"['c#', 'git', 'microcontrollers', 'python']",On-site,Embedded Software Engineer,Tech Connect Group
Embedded Software Engineer,"['c++', 'dhcp', 'microcontrollers', 'wireshark']",On-site,Embedded Software Engineer,TP-Link Systems Inc.
Embedded Software Engineer,"['c++', 'docker', 'embedded c/c++', 'git']",On-site,Embedded Software Engineer,WINGCOPTER
Embedded Software Engineer,"['c++', 'microcontrollers', 'python', 'rtos (real-time operating systems)']",Hybrid,Embedded Software Engineer,Currentt
Embedded Software Engineer,"['fpga', 'python']",On-site,Embedded Software Engineer,Nomad Atomics
Embedded Software Engineer,"['c++', 'microcontrollers']",Remote,Embedded Software Engineer,BairesDev
Embedded Software Engineer,"['c++', 'foundation', 'git', 'github', 'level design', 'microcontrollers']",Remote,Embedded Software Engineer,Avery Weigh-Tronix
Embedded Software Engineer,['c++'],On-site,Embedded Software Engineer,IC Resources
Embedded Software Engineer,"['c++', 'github', 'sensors and actuators']",On-site,Embedded Software Engineer,AGCO Corporation
Embedded Software Engineer,"['c++', 'fpga', 'python']",On-site,Embedded Software Engineer,Evertz
Firmware Engineer,"['c++', 'embedded c/c++', 'python', 'swift']",Hybrid,Firmware Engineer,Skip
Embedded Software Engineer,"['c++', 'computer vision', 'machine learning', 'microcontrollers', 'natural language processing (nlp)', 'parcel', 'scrum']",On-site,Firmware Engineer,YO IT Consulting
Firmware Engineer,"['c++', 'cryptography', 'python']",Remote,Firmware Engineer,FortifyIQ
Embedded Software Engineer,"['c++', 'microcontrollers']",On-site,Firmware Engineer,Confidential
Firmware Engineer,"['c++', 'git']",On-site,Firmware Engineer,Eve Systems
Firmware Engineer,"['c++', 'docker', 'embedded c/c++', 'foundation', 'git', 'microcontrollers']",On-site,Firmware Engineer,Fuse Energy
Embedded Software Engineer,"['c++', 'level design']",Remote,Firmware Engineer,Reed
Firmware Engineer,['reverse engineering'],On-site,Firmware Engineer,Waltonen Engineering
Embedded Software Engineer,"['c++', 'git', 'microcontrollers', 'python']",On-site,Firmware Engineer,SCRAM Systems
Firmware Engineer,"['c++', 'perl', 'python']",On-site,Firmware Engineer,Apple
Embedded Software Engineer,"['c++', 'microcontrollers']",On-site,Firmware Engineer,Protectol Health
Firmware Engineer,"['c++', 'embedded c/c++', 'generative ai', 'python']",On-site,Firmware Engineer,Capgemini
Firmware Engineer,"['c++', 'jira', 'matlab', 'python']",On-site,Firmware Engineer,INGENIEROJOB
Embedded Software Engineer,"['git', 'jenkins', 'python']",Hybrid,Firmware Engineer,Ascendion
Firmware Engineer,"['c++', 'perl', 'python']",On-site,Firmware Engineer,Apple
Embedded Software Engineer,"['c++', 'microcontrollers', 'python']",On-site,Firmware Engineer,North Star Group
Embedded Software Engineer,"['c++', 'git', 'python']",On-site,Firmware Engineer,ACONEXT
Firmware Engineer,"['fpga', 'git']",On-site,Firmware Engineer,Glint Tech Solutions
Firmware Engineer,"['c++', 'scrum', 'wireshark']",Hybrid,Firmware Engineer,Seargin
Firmware Engineer,"['c++', 'foundation', 'microcontrollers']",On-site,Firmware Engineer,Technosoft Engineering
Embedded Software Engineer,"['bash', 'c++', 'foundation', 'perl', 'python', 'rust', 'scrum']",On-site,Firmware Engineer,Ban Vien Corporation
Firmware Engineer,"['edge computing', 'foundation', 'microcontrollers']",On-site,Firmware Engineer,ADLINK Technology
Embedded Software Engineer,"['computer vision', 'foundation', 'large language models (llms)', 'python']",On-site,Firmware Engineer,SE3 Labs
Embedded Software Engineer,"['c++', 'embedded c/c++', 'microcontrollers', 'rust']",Remote,Firmware Engineer,OKATIM Iberica SA
Firmware Engineer,['foundation'],On-site,Firmware Engineer,Technosoft Engineering
Firmware Engineer,"['c++', 'test-driven development (tdd)']",On-site,Firmware Engineer,EG4 Electronics
Firmware Engineer,"['git', 'python']",On-site,Firmware Engineer,Rotork
Embedded Software Engineer,"['c++', 'git', 'microcontrollers', 'scrum']",On-site,Firmware Engineer,Coreforcetech
Firmware Engineer,"['c++', 'git']",On-site,Firmware Engineer,K-LAGAN
Firmware Engineer,"['c++', 'docker', 'embedded c/c++', 'foundation', 'git', 'microcontrollers']",On-site,Firmware Engineer,Fuse Energy
Firmware Engineer,"['c++', 'fpga', 'matlab', 'python', 'user research']",On-site,Firmware Engineer,Searchability NS&D
Firmware Engineer,"['c++', 'microcontrollers']",On-site,Firmware Engineer,Blacksheep Vietnam
Embedded Software Engineer,"['c++', 'git']",On-site,Firmware Engineer,7T Inc.
Embedded Software Engineer,"['c++', 'git', 'python']",Remote,Firmware Engineer,Ethernovia
Embedded Software Engineer,"['c++', 'git', 'python']",On-site,Firmware Engineer,Vitesse Systems
Firmware Engineer,"['c++', 'git', 'microcontrollers']",On-site,Firmware Engineer,Kidde Global Solutions
Embedded Software Engineer,['c++'],Hybrid,Firmware Engineer,Cure Talent
Firmware Engineer,"['bitbucket', 'git', 'jira']",Hybrid,Firmware Engineer,Vector Recruitment Ltd
Embedded Software Engineer,"['c++', 'git', 'informatica', 'microcontrollers']",Hybrid,Firmware Engineer,Comaen. Find your Spark.
Firmware Engineer,"['bash', 'c++', 'git', 'jira', 'perl', 'python']",On-site,Firmware Engineer,microTECH Global LTD
Embedded Software Engineer,"['computer vision', 'cryptography', 'git', 'machine learning', 'natural language processing (nlp)', 'python']",On-site,Firmware Engineer,YO IT Consulting
Embedded Software Engineer,"['bitbucket', 'git', 'vite']",Hybrid,Firmware Engineer,Scalian
Embedded Software Engineer,"['c#', 'jenkins', 'python']",Remote,Firmware Engineer,HID
Firmware Engineer,"['c++', 'pytest', 'rust']",Hybrid,Firmware Engineer,Somewear Labs
Embedded Software Engineer,"['arduino', 'c++']",Remote,Firmware Engineer,Very
Firmware Engineer,"['foundation', 'git']",On-site,Firmware Engineer,ABAX
AR/VR Developer,"['3d modeling', 'ar/vr development', 'arcore', 'arkit', 'blender', 'c#', 'c++', 'maya', 'unreal engine']",On-site,AR/VR Developer,MEL Systems and Services Ltd.
AR/VR Developer,"['ar/vr development', 'generative ai', 'machine learning', 'unreal engine']",Hybrid,AR/VR Developer,Synergis
AR/VR Developer,"['3d modeling', 'c#', 'computer vision', 'git', 'java', 'opencv', 'unity3d', 'unreal engine']",On-site,AR/VR Developer,"YinzCam, Inc."
Data Architect,"['data modeling', 'data warehousing', 'foundation', 'sql']",Remote,Data Architect,Elite Technology
Data Architect,"['amazon web services (aws)', 'data lakes', 'data warehousing', 'informatica', 'sql', 'teradata']",Hybrid,Data Architect,Dabster
Data Architect,"['git', 'java', 'jenkins', 'mlops', 'prompt engineering', 'snowflake']",Remote,Data Architect,Oliver Bernard
Data Architect,"['data modeling', 'power bi', 'sql', 'snowflake']",Remote,Data Architect,Catalyze Labs
Data Architect,"['databricks', 'informatica', 'snowflake']",Hybrid,Data Architect,Verse Consulting
Data Architect,['sql'],Hybrid,Data Architect,The Associates Global
Data Architect,"['data warehousing', 'databricks', 'java', 'sql', 'scala', 'snowflake']",Remote,Data Architect,BioTalent
Data Architect,"['java', 'jenkins']",Hybrid,Data Architect,Oliver Bernard
Data Architect,['large language models (llms)'],Remote,Data Architect,Atrium (EMEA)
Data Architect,"['echo', 'informatica', 'java', 'python', 'sql', 'scala', 'teradata']",Hybrid,Data Architect,Softest Consulting Services Ltd
Data Architect,['sql'],Remote,Data Architect,Orbion Infotech
Data Architect,"['databricks', 'foundation', 'git', 'github', 'github actions', 'looker', 'metabase', 'python', 'query optimization', 'sql', 'snowflake']",Remote,Data Architect,Cint
Data Architect,"['c#', 'c++', 'data modeling', 'databricks', 'docker', 'f#', 'java', 'kubernetes', 'less', 'mongodb', 'python', 'sql', 'snowflake']",On-site,Data Architect,ExxonMobil India Careers
Data Engineer,"['docker', 'fastapi', 'generative ai', 'google cloud platform (gcp)', 'kubernetes', 'langchain', 'llamaindex', 'mlops', 'numpy', 'pandas', 'pinecone', 'prompt engineering', 'python', 'sql', 'terraform', 'vertex ai', 'weaviate']",Remote,Data Architect,Low-Latency Technologies Private Limited
Data Architect,"['machine learning', 'power bi']",On-site,Data Architect,Thebes Group
Data Architect,['data warehousing'],On-site,Data Architect,Bruin
Data Architect,"['aws lambda', 'apache airflow', 'sagemaker', 'snowflake']",Hybrid,Data Architect,Stott and May
Data Architect,"['amazon web services (aws)', 'apache airflow', 'databricks', 'generative ai', 'github', 'mysql', 'python', 'sql', 'sagemaker', 'snowflake', 'terraform']",Remote,Data Architect,Quantiphi
Data Architect,"['data lakes', 'data modeling', 'etl/elt pipelines', 'java', 'looker', 'power bi', 'python', 'sql', 'scala', 'snowflake', 'tableau']",Remote,Data Architect,Robusta Studio
Data Architect,"['data lakes', 'microsoft azure']",On-site,Data Architect,Zayed University
Data Architect,['databricks'],On-site,Data Architect,Sanderson
Data Architect,"['java', 'jenkins', 'mlops', 'snowflake']",Remote,Data Architect,Oliver Bernard
Data Architect,"['databricks', 'microsoft azure', 'sql']",Hybrid,Data Architect,RED Global
Data Architect,['sql'],Hybrid,Data Architect,La Fosse
Data Architect,['machine learning'],Remote,Data Architect,Anson McCade
Data Architect,"['databricks', 'foundation', 'git', 'github', 'github actions', 'looker', 'metabase', 'python', 'query optimization', 'sql', 'snowflake']",Remote,Data Architect,Cint
Data Architect,"['databricks', 'machine learning', 'sql', 'tableau']",Remote,Data Architect,Investigo
Data Architect,"['aws s3', 'python']",Remote,Data Architect,Blend
Data Architect,"['databricks', 'machine learning', 'microsoft dynamics 365', 'servicenow', 'snowflake']",On-site,Data Architect,Tenth Revolution Group
Data Architect,['databricks'],On-site,Data Architect,Happiest Minds Technologies
Data Architect,['data modeling'],Remote,Data Architect,Hays
Business Intelligence Analyst,"['microsoft azure', 'power bi', 'python', 'sql']",Remote,Data Architect,Aalis Management Consulting
Data Architect,"['data modeling', 'foundation', 'python', 'sql', 'snowflake']",Remote,Data Architect,Claroda
Data Architect,"['couchbase', 'data modeling', 'dynamodb', 'snowflake', 'terraform', 'threat modeling']",Remote,Data Architect,NetDocuments
Data Architect,"['amazon web services (aws)', 'data warehousing', 'databricks', 'google cloud platform (gcp)', 'power bi', 'sql', 'snowflake']",Hybrid,Data Architect,Qualient Technology Solutions UK Limited
Data Architect,"['databricks', 'python', 'sql', 'scala']",Hybrid,Data Architect,Gravitas Recruitment Group (Global) Ltd
Data Architect,"['databricks', 'machine learning', 'microsoft azure', 'microsoft dynamics 365', 'power bi', 'sql', 'servicenow']",Hybrid,Data Architect,Tenth Revolution Group
Data Architect,"['databricks', 'machine learning', 'python']",Hybrid,Data Architect,Arinti
Data Architect,"['cobol', 'data modeling', 'power bi', 'snowflake', 'tableau']",Remote,Data Architect,Mindfore Technologies
Data Architect,"['data lakes', 'data modeling', 'databricks', 'etl/elt pipelines', 'foundation', 'less', 'sql', 'snowflake']",Remote,Data Architect,Maximus
Data Architect,"['java', 'python', 'sql']",Hybrid,Data Architect,Experis
Data Architect,"['amazon web services (aws)', 'snowflake']",Remote,Data Architect,nineDots.io
Data Architect,"['databricks', 'sql', 'snowflake', 'talend']",Hybrid,Data Architect,GemPool Recruitment
Data Architect,"['databricks', 'git', 'looker', 'machine learning', 'python', 'sql', 'snowflake']",Remote,Data Architect,Harnham
Data Architect,"['echo', 'sql', 'teradata']",Hybrid,Data Architect,Softest Consulting Services Ltd
Data Architect,"['power bi', 'python', 'sql']",On-site,Data Architect,Harvey Nash
Big Data Engineer,"['apache kafka', 'apache spark', 'docker', 'java', 'kubernetes', 'machine learning', 'python', 'scala']",On-site,Big Data Engineer,Müller's Solutions
Big Data Engineer,"['apache spark', 'docker', 'elasticsearch', 'kubernetes', 'scala', 'terraform']",Remote,Big Data Engineer,SF Technology Partners
Big Data Engineer,"['apache spark', 'databricks', 'gitlab', 'java', 'kubernetes', 'level design', 'microsoft azure', 'python', 'scala', 'terraform']",Hybrid,Big Data Engineer,Luxoft
Big Data Engineer,"['apache hadoop', 'apache kafka', 'apache spark', 'data modeling', 'data warehousing', 'docker', 'java', 'kubernetes', 'python', 'sql', 'scala']",On-site,Big Data Engineer,Datamatics Technologies
Big Data Engineer,"['data modeling', 'data warehousing', 'java', 'javascript', 'less', 'php', 'sql', 'shell scripting', 'spring boot']",On-site,Big Data Engineer,TECHNIX INDIA
Big Data Engineer,"['clickhouse', 'incident response']",On-site,Big Data Engineer,Adecco
Big Data Engineer,"['databricks', 'informatica', 'java', 'power bi', 'python', 'rabbitmq', 'sql', 'scala', 'scrum', 'talend']",Hybrid,Big Data Engineer,Sopra Steria
Big Data Engineer,"['apache spark', 'databricks', 'gitlab', 'java', 'kubernetes', 'level design', 'microsoft azure', 'python', 'scala', 'terraform']",Hybrid,Big Data Engineer,Luxoft
Big Data Engineer,"['devsecops', 'incident response', 'servicenow']",On-site,Big Data Engineer,Inetum
Big Data Engineer,"['cassandra', 'databricks', 'deep learning', 'google bigquery', 'google cloud storage', 'hbase', 'informatica', 'java', 'machine learning', 'mongodb', 'python', 'scala']",Hybrid,Big Data Engineer,eglue
Big Data Engineer,"['clickhouse', 'graphql', 'sql', 'scrum']",Hybrid,Big Data Engineer,Gaming Innovation Group
Big Data Engineer,"['data modeling', 'java', 'machine learning', 'python', 'statistical analysis']",On-site,Big Data Engineer,Trinitysoft Solutions
Big Data Engineer,"['java', 'python', 'sql']",On-site,Big Data Engineer,Cymertek Corporation
Big Data Engineer,"['data modeling', 'java', 'python', 'sql', 'scala']",On-site,Big Data Engineer,Landskill
Big Data Engineer,"['clickhouse', 'databricks', 'java', 'machine learning', 'python', 'sql', 'scala', 'snowflake']",Hybrid,Big Data Engineer,The Multiple
Big Data Engineer,"['apache spark', 'data modeling', 'etl/elt pipelines', 'foundation', 'python', 'sql', 'snowflake', 'typescript']",On-site,Big Data Engineer,N-iX
Big Data Engineer,"['c#', 'elasticsearch', 'functional programming', 'java', 'scala', 'scrum']",Hybrid,Big Data Engineer,ING Hubs Poland
Big Data Engineer,"['apache spark', 'azure devops', 'databricks', 'kanban', 'microsoft azure', 'python']",Hybrid,Big Data Engineer,Worldpanel
Big Data Engineer,"['git', 'java', 'python', 'scala', 'scrum']",Hybrid,Big Data Engineer,Société Générale
Big Data Engineer,"['python', 'sql']",Hybrid,Big Data Engineer,Consort Group
Big Data Engineer,"['apache spark', 'databricks', 'gitlab', 'java', 'kubernetes', 'level design', 'microsoft azure', 'python', 'scala', 'terraform']",Hybrid,Big Data Engineer,Luxoft
Big Data Engineer,"['c#', 'elasticsearch', 'functional programming', 'java', 'jest', 'scala', 'scrum']",Hybrid,Big Data Engineer,ING Polska
Big Data Engineer,"['bitbucket', 'foundation', 'functional programming', 'git', 'jenkins', 'jira', 'scala']",Hybrid,Big Data Engineer,Jit Team
Big Data Engineer,"['apache spark', 'docker', 'functional programming', 'kubernetes', 'python', 'sql', 'scala']",Remote,Big Data Engineer,Grid Dynamics
Big Data Engineer,"['apache spark', 'databricks', 'gitlab', 'java', 'kubernetes', 'microsoft azure', 'scala']",Hybrid,Big Data Engineer,Luxoft Poland
Big Data Engineer,"['apache hadoop', 'etl/elt pipelines', 'ibm db2', 'power bi', 'python', 'sql', 'scala', 'tableau']",On-site,Big Data Engineer,INTECH Automation & Intelligence
Big Data Engineer,"['databricks', 'git', 'power bi', 'python', 'sql']",On-site,Big Data Engineer,AdvanSix
Big Data Engineer,"['apache airflow', 'apache spark', 'python', 'sql']",Remote,Big Data Engineer,Grid Dynamics
Big Data Engineer,"['apache spark', 'databricks', 'gitlab', 'java', 'kubernetes', 'microsoft azure', 'python', 'scala']",Hybrid,Big Data Engineer,Luxoft Poland
Big Data Engineer,"['databricks', 'docker', 'informatica', 'java', 'kubernetes', 'power bi', 'python', 'sql']",Hybrid,Big Data Engineer,KPMG España
Big Data Engineer,"['apache spark', 'azure devops', 'bash', 'data lakes', 'google cloud platform (gcp)', 'grafana', 'java', 'kubernetes', 'prometheus', 'python', 'scala', 'scrum', 'shell scripting', 'spring boot']",Hybrid,Big Data Engineer,ING Hubs Poland
Big Data Engineer,"['databricks', 'elasticsearch', 'functional programming', 'generative ai', 'java', 'machine learning', 'python', 'sql', 'scala']",Hybrid,Big Data Engineer,Capgemini
Big Data Engineer,"['aws cdk', 'apache spark', 'bash', 'python', 'sql']",Hybrid,Big Data Engineer,Grid Dynamics
DevOps Engineer,"['bash', 'docker', 'gitlab', 'gitlab ci/cd', 'javascript', 'mlops', 'microsoft azure', 'mongodb', 'python', 'terraform', 'typescript']",Hybrid,MLOps Engineer,Baldur Connect
MLOps Engineer,"['kubeflow', 'kubernetes', 'mlops', 'mlflow', 'terraform']",Hybrid,MLOps Engineer,Thyme
DevOps Engineer,"['aws cdk', 'azure devops', 'docker', 'dynamodb', 'git', 'github', 'github actions', 'kubernetes', 'mlops', 'machine learning', 'postgresql', 'python', 'terraform']",Remote,MLOps Engineer,CapNexus
MLOps Engineer,"['cloud run', 'design systems', 'docker', 'feature engineering', 'kubernetes', 'mlops', 'machine learning', 'python', 'vertex ai']",Remote,MLOps Engineer,C the Signs
MLOps Engineer,"['databricks', 'mlops']",Remote,MLOps Engineer,Lognext
MLOps Engineer,"['kubernetes', 'mlops', 'machine learning', 'python', 'terraform']",Remote,MLOps Engineer,Haystack
MLOps Engineer,"['databricks', 'docker', 'grafana', 'kubernetes', 'mlops', 'mlflow', 'prometheus', 'terraform']",Remote,MLOps Engineer,VISEO IBERIA
MLOps Engineer,"['computer vision', 'docker', 'kubeflow', 'mlops', 'mlflow', 'machine learning', 'prefect', 'pytorch', 'python']",On-site,MLOps Engineer,European Tech Recruit
MLOps Engineer,"['aws ecs', 'aws lambda', 'bash', 'c#', 'c++', 'docker', 'gitlab', 'grafana', 'kubernetes', 'mlops', 'mongodb', 'prometheus', 'pytorch', 'python', 'sagemaker', 'tensorflow']",Remote,MLOps Engineer,MOST Specialist Technologies
MLOps Engineer,"['docker', 'generative ai', 'kubernetes', 'mlops', 'machine learning', 'pytorch', 'python', 'tensorflow']",Remote,MLOps Engineer,MCENG ESPAÑA
MLOps Engineer,"['mlops', 'pytorch']",Remote,MLOps Engineer,Mercor
MLOps Engineer,"['docker', 'git', 'kubernetes', 'mlops', 'machine learning', 'pytorch', 'python', 'scikit-learn', 'technical writing', 'tensorflow']",Hybrid,MLOps Engineer,Gravitas Recruitment Group (Global) Ltd
MLOps Engineer,"['drupal', 'langchain', 'mlops', 'mlflow', 'machine learning', 'microsoft azure', 'sagemaker', 'terraform']",Hybrid,MLOps Engineer,Aktios
Machine Learning Engineer,"['argocd', 'datadog', 'docker', 'github', 'github actions', 'kubernetes', 'mlops', 'machine learning', 'pandas', 'pytorch', 'python', 'sql', 'snowflake', 'terraform']",Hybrid,MLOps Engineer,Zefr
MLOps Engineer,"['aws cdk', 'mlops', 'mlflow', 'machine learning', 'prefect', 'python', 'reinforcement learning', 'sagemaker', 'terraform', 'vertex ai']",Remote,MLOps Engineer,tem
DevOps Engineer,"['computer vision', 'docker', 'git', 'github', 'github actions', 'javascript', 'kubeflow', 'kubernetes', 'mlops', 'mlflow', 'machine learning', 'node.js', 'opencv', 'pytorch', 'python', 'tensorflow', 'typescript']",Remote,MLOps Engineer,Sigma IT Poland
MLOps Engineer,"['computer vision', 'design systems', 'devsecops', 'docker', 'edge computing', 'feature engineering', 'foundation', 'grafana', 'kubeflow', 'kubernetes', 'mlops', 'mlflow', 'machine learning', 'prometheus', 'python', 'webassembly (wasm)', 'yolo']",Remote,MLOps Engineer,Rackner
MLOps Engineer,"['java', 'javascript', 'large language models (llms)', 'mlops', 'python', 'sql', 'supabase']",Remote,MLOps Engineer,Quik Hire Staffing
MLOps Engineer,"['a/b testing', 'mlops', 'python', 'sql']",On-site,MLOps Engineer,Almedia
Platform Engineer,"['databricks', 'foundation', 'grafana', 'incident response', 'java', 'kubernetes', 'mlops', 'prometheus', 'python', 'scala', 'terraform']",Remote,MLOps Engineer,Cint
MLOps Engineer,"['a/b testing', 'apache airflow', 'dagster', 'github', 'github actions', 'jenkins', 'mlops', 'mlflow', 'machine learning', 'prefect', 'python', 'sql']",Remote,MLOps Engineer,Cloudbeds
IT Infrastructure Engineer,['mlops'],On-site,MLOps Engineer,Müller's Solutions
MLOps Engineer,"['datadog', 'kubernetes', 'mlops', 'node.js', 'python', 'terraform']",Hybrid,MLOps Engineer,MUFG Investor Services
MLOps Engineer,"['ansible', 'azure devops', 'azure machine learning', 'bash', 'docker', 'github', 'github actions', 'grafana', 'helm', 'jenkins', 'jest', 'kubeflow', 'kubernetes', 'mlops', 'mlflow', 'machine learning', 'microsoft azure', 'prometheus', 'python', 'terraform']",Hybrid,MLOps Engineer,Jit Team
MLOps Engineer,"['mlops', 'mlflow', 'machine learning', 'pulumi', 'terraform']",On-site,MLOps Engineer,ClimateAi
MLOps Engineer,"['mlops', 'machine learning', 'power bi', 'python', 'sql']",Hybrid,MLOps Engineer,XPS Group
MLOps Engineer,"['docker', 'mlops', 'machine learning', 'sagemaker']",Remote,MLOps Engineer,Rock Encantech
MLOps Engineer,"['docker', 'mlops', 'mlflow', 'pytorch', 'python']",Hybrid,MLOps Engineer,Plan:it
MLOps Engineer,"['a/b testing', 'foundation', 'mlops', 'mlflow', 'machine learning', 'prefect', 'python', 'sql', 'sagemaker', 'vertex ai']",On-site,MLOps Engineer,Grassroots Carbon
MLOps Engineer,"['helm', 'kubernetes', 'mlops', 'postgresql', 'python', 'terraform']",On-site,MLOps Engineer,BMW Group
MLOps Engineer,"['bash', 'github', 'github actions', 'gitlab', 'grafana', 'jenkins', 'jest', 'kubeflow', 'mlops', 'mlflow', 'machine learning', 'prometheus', 'python', 'terraform']",Hybrid,MLOps Engineer,Comarch
MLOps Engineer,"['java', 'kubernetes', 'looker', 'mlops', 'machine learning', 'python', 'sql', 'sagemaker', 'tableau', 'terraform', 'vertex ai']",Remote,MLOps Engineer,Confiz
MLOps Engineer,"['docker', 'gitlab', 'jenkins', 'kubernetes', 'mlops', 'postgresql', 'pytorch', 'python', 'rabbitmq', 'tensorflow']",Hybrid,MLOps Engineer,GAF AG
MLOps Engineer,"['foundation', 'google cloud platform (gcp)', 'mlops', 'machine learning']",On-site,MLOps Engineer,Visium
MLOps Engineer,"['chef', 'docker', 'foundation', 'github', 'github actions', 'gitlab', 'gitlab ci/cd', 'kubernetes', 'large language models (llms)', 'mlops', 'machine learning', 'pytorch', 'python', 'rust', 'scikit-learn', 'tensorflow', 'terraform']",Hybrid,MLOps Engineer,Stanford Health Care
MLOps Engineer,"['gitlab', 'gitlab ci/cd', 'grafana', 'kubernetes', 'mlops', 'mlflow', 'machine learning', 'prometheus']",Hybrid,MLOps Engineer,BAE Systems
MLOps Engineer,"['apache spark', 'databricks', 'mlops', 'mlflow', 'machine learning', 'python']",Hybrid,MLOps Engineer,Hard Rock
MLOps Engineer,"['bash', 'docker', 'gitlab', 'grafana', 'helm', 'keras', 'kubeflow', 'kubernetes', 'mlops', 'machine learning', 'prometheus', 'pytorch', 'python', 'sagemaker', 'tensorflow', 'terraform']",Remote,MLOps Engineer,
MLOps Engineer,"['azure machine learning', 'deep learning', 'docker', 'generative ai', 'kubernetes', 'mlops', 'machine learning', 'python']",Hybrid,MLOps Engineer,Multiverse Computing
MLOps Engineer,"['docker', 'git', 'jenkins', 'kubernetes', 'mlops', 'mlflow', 'machine learning', 'numpy', 'pandas', 'pytorch', 'python', 'scikit-learn', 'servicenow', 'tensorflow', 'terraform']",Hybrid,MLOps Engineer,Devoteam Data Driven
Machine Learning Engineer,"['gitlab', 'google cloud platform (gcp)', 'informatica', 'jenkins', 'kubernetes', 'mlops', 'machine learning']",Hybrid,MLOps Engineer,Integral Solutions - Data & AI
MLOps Engineer,"['kubeflow', 'mlops']",Hybrid,MLOps Engineer,ImpacTech
MLOps Engineer,"['couchbase', 'flutter', 'generative ai', 'mlops', 'machine learning', 'python']",Hybrid,MLOps Engineer,Instaffo
MLOps Engineer,"['bash', 'github', 'github actions', 'gitlab', 'grafana', 'jenkins', 'jest', 'kubeflow', 'kubernetes', 'mlops', 'mlflow', 'machine learning', 'prometheus', 'python', 'terraform']",Hybrid,MLOps Engineer,Comarch
MLOps Engineer,"['docker', 'foundation', 'github', 'github actions', 'gitlab', 'java', 'jenkins', 'mlops', 'machine learning', 'python', 'sagemaker', 'terraform']",Hybrid,MLOps Engineer,ERNI
MLOps Engineer,"['angular', 'azure devops', 'databricks', 'datadog', 'docker', 'github', 'github actions', 'gitlab', 'grafana', 'java', 'jenkins', 'kubeflow', 'kubernetes', 'mlops', 'mlflow', 'node.js', 'pinecone', 'prometheus', 'pulumi', 'python', 'sagemaker', 'spring boot', 'terraform', 'vertex ai', 'weaviate']",Hybrid,MLOps Engineer,Devapo
MLOps Engineer,"['apache airflow', 'docker', 'feature engineering', 'kubeflow', 'kubernetes', 'mlops', 'mlflow', 'machine learning', 'pytorch', 'scikit-learn', 'tensorflow']",On-site,MLOps Engineer,Analytica
MLOps Engineer,"['kubernetes', 'mlops', 'machine learning', 'sagemaker', 'terraform']",Hybrid,MLOps Engineer,HUK-COBURG
Analytics Engineer,"['data lakes', 'data modeling', 'databricks', 'python', 'sql']",Remote,Analytics Engineer,Core BTS
Analytics Engineer,"['github', 'metabase', 'sql', 'snowflake']",On-site,Analytics Engineer,JD2M (Jedéclaremonmeublé.com)
Analytics Engineer,"['dagster', 'data modeling', 'figma', 'foundation', 'jira', 'machine learning', 'notion', 'python', 'sql']",Hybrid,Analytics Engineer,MYM
Analytics Engineer,"['data modeling', 'databricks', 'git', 'power bi', 'python', 'sql']",Remote,Analytics Engineer,Decera Clinical
Analytics Engineer,"['data modeling', 'etl/elt pipelines', 'looker', 'python', 'sql', 'scala', 'tableau']",Remote,Analytics Engineer,Jobgether
Analytics Engineer,"['amazon redshift', 'data modeling', 'python', 'sql', 'tableau']",Remote,Analytics Engineer,Vynca
Analytics Engineer,"['data warehousing', 'databricks', 'etl/elt pipelines', 'less', 'power bi', 'python', 'sql']",Hybrid,Analytics Engineer,Venturi
Analytics Engineer,"['ansible', 'apache flink', 'apache kafka', 'apache spark', 'databricks', 'docker', 'git', 'kubernetes', 'python', 'sql', 'terraform']",Hybrid,Analytics Engineer,Aurelius Enterprise
Analytics Engineer,"['data modeling', 'data warehousing', 'etl/elt pipelines', 'looker', 'python', 'sql', 'scala', 'tableau']",Remote,Analytics Engineer,Jobgether
Analytics Engineer,"['dagster', 'data warehousing', 'docker', 'git', 'github', 'github actions', 'google cloud platform (gcp)', 'python', 'sql', 'snowflake', 'terraform']",Remote,Analytics Engineer,i6 Group
Analytics Engineer,"['data lakes', 'data modeling', 'data warehousing', 'git', 'metabase', 'power bi', 'python', 'query optimization', 'sql']",On-site,Analytics Engineer,Manafa Technologies
Analytics Engineer,"['data modeling', 'foundation', 'incident response', 'less', 'sql', 'snowflake']",Remote,Analytics Engineer,Brigit
Analytics Engineer,"['jupyter notebooks', 'pandas', 'power bi', 'python', 'sql', 'scikit-learn']",Remote,Analytics Engineer,Evolve
Analytics Engineer,"['data warehousing', 'databricks', 'etl/elt pipelines', 'less', 'power bi', 'python', 'sql']",Hybrid,Analytics Engineer,Venturi
Analytics Engineer,"['machine learning', 'python', 'sql', 'snowflake']",Remote,Analytics Engineer,Varos
Analytics Engineer,"['power bi', 'python', 'sql']",Remote,Analytics Engineer,BradyPLUS
Analytics Engineer,"['dagster', 'data modeling', 'looker', 'power bi', 'python', 'query optimization', 'sql', 'snowflake', 'tableau']",Remote,Analytics Engineer,OEC
Analytics Engineer,"['data modeling', 'etl/elt pipelines', 'foundation', 'python', 'sql']",Remote,Analytics Engineer,Fortell
Analytics Engineer,"['data modeling', 'foundation', 'looker', 'sql', 'snowflake']",Remote,Analytics Engineer,eFlexervices
Analytics Engineer,"['dagster', 'databricks', 'etl/elt pipelines', 'prefect', 'snowflake']",Remote,Analytics Engineer,Mercor
Analytics Engineer,"['dagster', 'data modeling', 'etl/elt pipelines', 'machine learning', 'power bi', 'python', 'sql', 'snowflake']",Remote,Analytics Engineer,Oversee
Analytics Engineer,"['data modeling', 'data warehousing', 'java', 'microsoft azure', 'power bi', 'python', 'sql', 'scala']",Hybrid,Analytics Engineer,Pestana Hotel Group
Analytics Engineer,"['clickhouse', 'data warehousing', 'foundation', 'python', 'sql', 'snowflake']",Remote,Analytics Engineer,ClickHouse
Analytics Engineer,"['databricks', 'datadog', 'github', 'github actions', 'looker', 'power bi', 'python', 'sql', 'snowflake']",Remote,Analytics Engineer,Arbor Education
Analytics Engineer,"['data warehousing', 'power bi', 'sql']",Hybrid,Analytics Engineer,Ampelmann Operations
Platform Engineer,"['etl/elt pipelines', 'foundation', 'looker', 'metabase', 'python', 'sql']",On-site,Analytics Engineer,AndHealth
Analytics Engineer,"['data modeling', 'power bi', 'python', 'sql', 'tableau']",Hybrid,Analytics Engineer,LinkedIn
Analytics Engineer,"['databricks', 'git', 'python']",Hybrid,Analytics Engineer,2 HUM BV
Analytics Engineer,"['chart.js', 'python', 'sql']",Remote,Analytics Engineer,Limetree
Analytics Engineer,"['dagster', 'pandas', 'prefect', 'python', 'sql', 'snowflake']",Remote,Analytics Engineer,Civitech
Analytics Engineer,"['data modeling', 'power bi', 'python', 'sql', 'tableau']",Hybrid,Analytics Engineer,LinkedIn
Analytics Engineer,"['dagster', 'databricks', 'github', 'github actions', 'sql', 'snowflake', 'terraform']",Remote,Analytics Engineer,Xebia
Analytics Engineer,"['looker', 'sql']",Hybrid,Analytics Engineer,Cubiq Recruitment
Analytics Engineer,"['data warehousing', 'etl/elt pipelines', 'sql', 'snowflake']",Remote,Analytics Engineer,Lime
Analytics Engineer,"['databricks', 'power bi', 'python', 'sql', 'snowflake', 'tableau']",On-site,Analytics Engineer,Woodmark Consulting
Analytics Engineer,"['java', 'python', 'sql', 'scala']",Hybrid,Analytics Engineer,Groupe CAMCA
Analytics Engineer,"['apache airflow', 'databricks', 'etl/elt pipelines', 'feature engineering', 'git', 'numpy', 'pandas', 'python', 'sql', 'snowflake']",Hybrid,Analytics Engineer,easyJet
Analytics Engineer,"['power bi', 'sql']",Hybrid,Analytics Engineer,Burns Sheehan
Analytics Engineer,"['databricks', 'power bi', 'python', 'sql']",Hybrid,Analytics Engineer,Bauer Media Outdoor UK
Analytics Engineer,"['data modeling', 'power bi', 'sql']",Hybrid,Analytics Engineer,Socium
Analytics Engineer,"['data modeling', 'databricks', 'git', 'power bi', 'python', 'sql']",On-site,Analytics Engineer,In4Matic
Analytics Engineer,"['data modeling', 'data warehousing', 'looker', 'python', 'sql', 'scala']",On-site,Analytics Engineer,Current
Analytics Engineer,"['plotly', 'python', 'sql', 'tableau']",On-site,Analytics Engineer,Netflix
Analytics Engineer,"['looker', 'sql', 'snowflake']",Hybrid,Analytics Engineer,Carwow
Analytics Engineer,"['git', 'github', 'looker', 'python', 'sql']",Hybrid,Analytics Engineer,BCB Group
Analytics Engineer,"['bash', 'python', 'sql']",Hybrid,Analytics Engineer,Teoresi Group
Analytics Engineer,"['dagster', 'foundation', 'python', 'sql']",Hybrid,Analytics Engineer,InCycling GmbH
Analytics Engineer,"['alteryx', 'java', 'node.js', 'power bi', 'python', 'sql', 'snowflake', 'tableau']",Hybrid,Analytics Engineer,WHIZE
Analytics Engineer,"['machine learning', 'microsoft dynamics 365', 'sql', 'servicenow', 'snowflake', 'talend']",On-site,Analytics Engineer,Tenth Revolution Group
Analytics Engineer,"['databricks', 'git', 'power bi', 'python', 'sql']",On-site,Analytics Engineer,Konnekt
ETL Developer,"['apache airflow', 'data modeling', 'devsecops', 'etl/elt pipelines', 'postgresql', 'python', 'sql', 'talend']",Remote,ETL Developer,Oddball
ETL Developer,"['data cleansing', 'data warehousing', 'informatica', 'java', 'powershell', 'python', 'sql', 'scrum', 'talend']",Remote,ETL Developer,Vinsys Information Technology Inc
ETL Developer,"['java', 'python', 'sql', 'spring boot']",Hybrid,ETL Developer,DCG
ETL Developer,"['less', 'microsoft azure']",Remote,ETL Developer,Gain America
ETL Developer,"['informatica', 'sql']",Hybrid,ETL Developer,Dale Consulting
ETL Developer,"['apache spark', 'data lakes', 'data warehousing', 'dynamodb', 'github', 'java', 'python', 'sql', 'servicenow', 'workday']",On-site,ETL Developer,GlobalPoint
ETL Developer,"['data modeling', 'google cloud platform (gcp)', 'informatica', 'rabbitmq', 'sql', 'talend', 'teradata']",Hybrid,ETL Developer,Charles Schwab
ETL Developer,"['data modeling', 'data warehousing', 'looker', 'power bi', 'python', 'sql', 'scrum', 'tableau']",Remote,ETL Developer,Vinsys Information Technology Inc
ETL Developer,"['c#', 'informatica', 'java', 'python', 'sql', 'snowflake', 'workday']",Remote,ETL Developer,Old Republic Title
ETL Developer,"['informatica', 'sql']",Hybrid,ETL Developer,Dale Consulting
ETL Developer,"['informatica', 'julia']",Hybrid,ETL Developer,FDM Group
Python Developer,"['docker', 'git', 'jenkins', 'python', 'sonarqube']",Remote,ETL Developer,Plexus Tech
ETL Developer,"['data warehousing', 'informatica', 'power bi', 'sql']",On-site,ETL Developer,9th Way Insignia
ETL Developer,"['data modeling', 'devsecops', 'git', 'informatica', 'looker', 'postgresql', 'power bi', 'sql', 'servicenow', 'snowflake', 'tableau']",Remote,ETL Developer,GCOM Information Technology Inc (GIT). [SBA 8(a) Certified Company]
Game Programmer,"['data warehousing', 'incident response', 'python', 'sql', 'snowflake']",On-site,ETL Developer,SIDRAM TECHNOLOGIES
ETL Developer,"['azure devops', 'c#', 'c++', 'cryptography', 'git', 'informatica', 'java', 'javascript', 'power bi', 'python', 'sql']",Remote,ETL Developer,Excellus BCBS
ETL Developer,['talend'],Hybrid,ETL Developer,"Astra-North Infoteck Inc.  ~ Conquering today’s challenges, achieving tomorrow’s vision!"
ETL Developer,"['informatica', 'monday.com', 'mongodb', 'mysql', 'sql']",On-site,ETL Developer,abra
ETL Developer,"['data warehousing', 'foundation', 'informatica', 'mysql', 'pentaho', 'postgresql', 'sql', 'talend']",On-site,ETL Developer,H2 Software Consulting Services Inc.
ETL Developer,"['data warehousing', 'less', 'microsoft azure']",Remote,ETL Developer,Gain America
ETL Developer,"['javascript', 'jira', 'microsoft sql server', 'php', 'python', 'sql']",On-site,ETL Developer,CoolPeople
ETL Developer,"['cobol', 'data cleansing', 'python']",Hybrid,ETL Developer,Polar IT
ETL Developer,"['data modeling', 'data warehousing', 'informatica', 'sql', 'snowflake', 'talend', 'teradata']",Remote,ETL Developer,Cognizant
ETL Developer,"['confluence', 'data warehousing', 'git', 'informatica', 'jira', 'python', 'sql']",Remote,ETL Developer,ALGOTEQUE Innovation Hub
ETL Developer,"['databricks', 'git', 'mlops', 'mysql', 'python', 'sql', 'talend', 'workday']",On-site,ETL Developer,"InterScripts, Inc."
ETL Developer,"['bash', 'data modeling', 'data warehousing', 'postgresql', 'python', 'soap', 'sql', 'scrum', 'talend']",Hybrid,ETL Developer,Next Engineering
ETL Developer,"['data modeling', 'data warehousing', 'informatica', 'less', 'power bi', 'sql', 'scrum']",On-site,ETL Developer,9th Way Insignia
Data Engineer,"['informatica', 'python', 'snowflake', 'tableau']",On-site,ETL Developer,HRbrain Inc.
ETL Developer,"['data warehousing', 'query optimization', 'sql']",Hybrid,ETL Developer,Wink
ETL Developer,"['c#', 'javascript', 'sql']",On-site,ETL Developer,TGT Solutions Inc.
ETL Developer,"['informatica', 'sql']",Hybrid,ETL Developer,Advansys
ETL Developer,"['jest', 'sql']",Remote,ETL Developer,Aspartus
ETL Developer,"['python', 'sql']",Remote,ETL Developer,BairesDev
ETL Developer,['sql'],On-site,ETL Developer,Ness Solution
ETL Developer,"['generative ai', 'informatica']",On-site,ETL Developer,J&M Group
ETL Developer,"['informatica', 'sql']",Hybrid,ETL Developer,Integral Solutions - Data & AI
ETL Developer,"['data modeling', 'foundation', 'git', 'informatica', 'jenkins', 'less', 'sql']",On-site,ETL Developer,Truist
ETL Developer,"['data modeling', 'data warehousing', 'foundation', 'git', 'informatica', 'python', 'sql', 'snowflake', 'talend']",Hybrid,ETL Developer,The Hartford
Python Developer,"['docker', 'git', 'jenkins', 'python', 'sonarqube']",Hybrid,ETL Developer,Plexus Tech
ETL Developer,"['azure devops', 'data warehousing', 'foundation', 'microsoft azure', 'oracle database', 'scrum', 'shell scripting']",On-site,ETL Developer,Hipo.ro
ETL Developer,"['data warehousing', 'generative ai', 'pentaho', 'sql']",On-site,ETL Developer,J&M Group
ETL Developer,"['dynamodb', 'elasticsearch', 'java', 'load balancing', 'python']",Hybrid,ETL Developer,Leidos
ETL Developer,"['databricks', 'python', 'sql', 'shell scripting', 'snowflake', 'teradata', 'terraform']",Hybrid,ETL Developer,IBM
Site Reliability Engineer,"['circleci', 'cloud run', 'datadog', 'github', 'incident response', 'jupyter notebooks', 'kubernetes', 'postgresql', 'python', 'sql', 'terraform', 'webpack']",Remote,Site Reliability Engineer,Openly
Site Reliability Engineer,"['datadog', 'docker', 'github', 'gitlab', 'java', 'jenkins', 'kubernetes', 'prometheus', 'terraform']",Remote,Site Reliability Engineer,Oliver Bernard
Site Reliability Engineer,"['bash', 'datadog', 'foundation', 'github', 'incident response', 'kubernetes', 'load balancing', 'python', 'ruby', 'ruby on rails', 'terraform']",Remote,Site Reliability Engineer,Order.co
Site Reliability Engineer,"['ansible', 'bash', 'docker', 'grafana', 'incident response', 'kubernetes', 'prometheus', 'python', 'terraform']",Remote,Site Reliability Engineer,Arctiq
Site Reliability Engineer,"['github', 'typescript']",Remote,Site Reliability Engineer,BuildBuddy
Site Reliability Engineer,"['ansible', 'bash', 'c++', 'chef', 'grafana', 'java', 'machine learning', 'prometheus', 'puppet', 'python', 'ruby', 'splunk']",Remote,Site Reliability Engineer,Granicus India
Site Reliability Engineer,"['argocd', 'foundation', 'grafana', 'istio', 'kubernetes', 'postgresql', 'prometheus', 'pulumi', 'python', 'terraform']",Remote,Site Reliability Engineer,Flip
Site Reliability Engineer,"['datadog', 'docker', 'kanban', 'nginx', 'prometheus', 'terraform']",Remote,Site Reliability Engineer,Arbor Education
Site Reliability Engineer,"['foundation', 'grafana', 'incident response', 'java', 'openstack', 'prometheus', 'splunk']",On-site,Site Reliability Engineer,Apple
Site Reliability Engineer,"['ansible', 'bamboo', 'github', 'python']",Remote,Site Reliability Engineer,InterEx Group
Site Reliability Engineer,"['java', 'site reliability engineering (sre)']",Hybrid,Site Reliability Engineer,Thomson Keene
Site Reliability Engineer,"['docker', 'git', 'jenkins', 'kubernetes', 'terraform']",On-site,Site Reliability Engineer,super.money
Site Reliability Engineer,"['ansible', 'argocd', 'docker', 'elasticsearch', 'grafana', 'incident response', 'influxdb', 'java', 'jenkins', 'kubernetes', 'mariadb', 'mongodb', 'mysql', 'prometheus', 'python', 'shell scripting', 'spinnaker']",Remote,Site Reliability Engineer,Arista Networks
Site Reliability Engineer,"['aws iam', 'bash', 'chef', 'datadog', 'github', 'github actions', 'grafana', 'java', 'javascript', 'jenkins', 'load balancing', 'mongodb', 'prometheus', 'puppet', 'python', 'ruby', 'terraform']",Remote,Site Reliability Engineer,Duetto
Site Reliability Engineer,"['grafana', 'kubernetes', 'prometheus', 'terraform']",On-site,Site Reliability Engineer,Weekday AI (YC W21)
Site Reliability Engineer,"['argocd', 'bash', 'elasticsearch', 'git', 'grafana', 'helm', 'incident response', 'jenkins', 'kubernetes', 'prometheus', 'python']",Remote,Site Reliability Engineer,HCLTech Germany
Site Reliability Engineer,"['ansible', 'apache kafka', 'bash', 'confluence', 'docker', 'elasticsearch', 'git', 'jira', 'kubernetes', 'linux system administration', 'mysql', 'nginx', 'php', 'postgresql', 'python', 'redis', 'terraform']",Remote,Site Reliability Engineer,Partnerize
Site Reliability Engineer,"['ansible', 'c++', 'docker', 'git', 'java', 'jenkins', 'kubernetes', 'prometheus', 'puppet', 'python', 'ruby', 'splunk', 'terraform']",Remote,Site Reliability Engineer,Yelp
Site Reliability Engineer,"['bash', 'chaos engineering', 'datadog', 'grafana', 'incident response', 'java', 'kubernetes', 'prometheus', 'python']",Remote,Site Reliability Engineer,Jobgether
Site Reliability Engineer,"['argocd', 'clickhouse', 'devsecops', 'edge computing', 'generative ai', 'github', 'github actions', 'gitlab', 'gitlab ci/cd', 'grafana', 'jenkins', 'kubernetes', 'large language models (llms)', 'mlops', 'node.js', 'postgresql', 'prometheus', 'prompt engineering', 'python', 'technical writing', 'terraform']",Remote,Site Reliability Engineer,CloudRaft
Site Reliability Engineer,"['bash', 'datadog', 'grafana', 'jira', 'kubernetes', 'powershell', 'prometheus', 'python', 'sql', 'servicenow', 'splunk']",Remote,Site Reliability Engineer,Net2Source Inc.
Site Reliability Engineer,"['incident response', 'microsoft azure']",Remote,Site Reliability Engineer,Geonetric
Site Reliability Engineer,"['bash', 'gitlab', 'kanban', 'powershell', 'python', 'scrum', 'terraform']",Remote,Site Reliability Engineer,Guidehouse
Site Reliability Engineer,"['ansible', 'datadog', 'docker', 'elasticsearch', 'haproxy', 'javascript', 'jenkins', 'kubernetes', 'mongodb', 'new relic', 'nginx', 'rabbitmq', 'redis', 'ruby', 'terraform']",On-site,Site Reliability Engineer,Poshmark
Site Reliability Engineer,"['ansible', 'datadog', 'git', 'grafana', 'incident response', 'jira', 'mongodb', 'mysql', 'nginx', 'shell scripting', 'site reliability engineering (sre)', 'wireshark']",On-site,Site Reliability Engineer,ValueFirst Digital Media
Site Reliability Engineer,"['ansible', 'clickhouse', 'grafana', 'haproxy', 'helm', 'jenkins', 'kubernetes', 'nginx', 'prometheus', 'python', 'rabbitmq', 'redis', 'terraform']",Remote,Site Reliability Engineer,"Cosmose, Inc."
Site Reliability Engineer,"['ansible', 'bash', 'coap', 'docker', 'incident response', 'kubernetes', 'python', 'rust', 'shell scripting', 'terraform']",Remote,Site Reliability Engineer,Locus Robotics
Site Reliability Engineer,"['kubernetes', 'terraform']",Hybrid,Site Reliability Engineer,Arrows
Site Reliability Engineer,"['incident response', 'kubernetes', 'postgresql', 'pulumi', 'python', 'terraform']",Remote,Site Reliability Engineer,Jobgether
Site Reliability Engineer,"['ansible', 'azure devops', 'bash', 'chaos engineering', 'chef', 'datadog', 'devsecops', 'docker', 'git', 'github', 'github actions', 'google cloud platform (gcp)', 'grafana', 'hashicorp vault', 'incident response', 'jenkins', 'kubernetes', 'load balancing', 'microsoft azure', 'powershell', 'prometheus', 'python', 'splunk', 'terraform']",Hybrid,Site Reliability Engineer,Optum India
Site Reliability Engineer,"['ansible', 'bash', 'datadog', 'docker', 'grafana', 'jira', 'mongodb', 'pagerduty', 'powershell', 'prometheus', 'python', 'shell scripting', 'splunk', 'terraform']",On-site,Site Reliability Engineer,Gemini Solutions Pvt Ltd
Site Reliability Engineer,"['ansible', 'github', 'github actions', 'google cloud platform (gcp)', 'grafana', 'incident response', 'kubernetes', 'prometheus', 'terraform']",On-site,Site Reliability Engineer,DensityAI
Site Reliability Engineer,"['go (golang)', 'java', 'kubernetes', 'python', 'terraform']",On-site,Site Reliability Engineer,Apple
Site Reliability Engineer,"['bash', 'kubernetes', 'linux system administration', 'prometheus', 'python']",Remote,Site Reliability Engineer,Crossing Hurdles
Site Reliability Engineer,"['circleci', 'databricks', 'datadog', 'devsecops', 'github', 'github actions', 'okta', 'pulumi', 'snowflake', 'splunk', 'terraform']",Remote,Site Reliability Engineer,Mercor
Site Reliability Engineer,"['asana', 'confluence', 'incident response', 'java', 'jira', 'kotlin', 'site reliability engineering (sre)']",Hybrid,Site Reliability Engineer,paymenttools
Site Reliability Engineer,"['bash', 'github', 'github actions', 'grafana', 'incident response', 'istio', 'kubernetes', 'less', 'load balancing', 'prometheus', 'pulumi', 'python']",Remote,Site Reliability Engineer,Coterie Insurance
Site Reliability Engineer,"['bash', 'chaos engineering', 'cloudflare', 'elasticsearch', 'github', 'github actions', 'grafana', 'hashicorp vault', 'helm', 'kubernetes', 'owasp top 10', 'prometheus', 'python', 'terraform', 'websockets']",Remote,Site Reliability Engineer,Nomad
Site Reliability Engineer,"['ansible', 'docker', 'elasticsearch', 'kubernetes', 'mysql', 'postgresql', 'python', 'redis', 'terraform', 'vulnerability assessment']",Remote,Site Reliability Engineer,Partnerize
Site Reliability Engineer,"['argocd', 'datadog', 'github', 'github actions', 'kubernetes', 'terraform']",Remote,Site Reliability Engineer,Pier Seguradora
Site Reliability Engineer,"['ansible', 'datadog', 'gitlab', 'incident response', 'kubernetes', 'mongodb', 'mysql', 'redis', 'terraform']",On-site,Site Reliability Engineer,Almedia
Site Reliability Engineer,"['docker', 'git', 'grafana', 'incident response', 'istio', 'jenkins', 'kubernetes', 'load balancing', 'prometheus', 'python', 'sql', 'terraform']",Remote,Site Reliability Engineer,Drivetrain
Site Reliability Engineer,"['c++', 'chaos engineering', 'datadog', 'docker', 'foundation', 'grafana', 'incident response', 'java', 'kubernetes', 'prometheus', 'python', 'terraform']",Remote,Site Reliability Engineer,PlayOn Sports
Site Reliability Engineer,"['bash', 'grafana', 'kubernetes', 'microservices architecture', 'pagerduty', 'prometheus', 'python']",On-site,Site Reliability Engineer,n Human Resources & Management Systems [ nHRMS ]
Site Reliability Engineer,"['github', 'github actions', 'grafana', 'jenkins', 'kubernetes', 'prometheus', 'pulumi', 'python', 'terraform']",On-site,Site Reliability Engineer,Amnic
Site Reliability Engineer,"['git', 'kubernetes', 'sql', 'site reliability engineering (sre)', 'terraform']",Remote,Site Reliability Engineer,ESO
Release Engineer,"['bash', 'c++', 'git', 'less', 'plotly', 'python', 'sql', 'tableau']",Remote,Release Engineer,May Mobility
Release Engineer,"['gitlab', 'jenkins']",Hybrid,Release Engineer,Barclays
Release Engineer,"['feature engineering', 'generative ai', 'machine learning']",On-site,Release Engineer,Cambridge Semantics Inc.
Release Engineer,"['bamboo', 'bitbucket', 'github', 'github actions', 'mongodb', 'postgresql', 'sql', 'snowflake']",Hybrid,Release Engineer,Charles Schwab
Release Engineer,"['azure devops', 'bitbucket', 'git', 'github', 'gitlab', 'jenkins']",Remote,Release Engineer,Beyondway Recruitment
Release Engineer,"['argocd', 'bash', 'circleci', 'docker', 'git', 'github', 'github actions', 'gitlab', 'jenkins', 'kubernetes', 'powershell', 'python', 'webpack']",Remote,Release Engineer,Air Apps
Release Engineer,"['foundation', 'git', 'github', 'github actions', 'javascript', 'jenkins', 'jira', 'less', 'python', 'scrum']",Remote,Release Engineer,Backblaze
Release Engineer,"['ansible', 'docker', 'git', 'jenkins', 'less', 'scrum']",On-site,Release Engineer,ITS Group Benelux
Release Engineer,"['cypress', 'javascript', 'playwright', 'postman', 'ruby', 'selenium']",Hybrid,Release Engineer,Super
Release Engineer,"['confluence', 'elasticsearch', 'git', 'java', 'javascript', 'jenkins', 'jira', 'kubernetes', 'python']",Remote,Release Engineer,Veeva Systems
Release Engineer,"['kanban', 'scrum']",On-site,Release Engineer,Regnology
Platform Engineer,"['github', 'jira', 'python', 'scrum']",Hybrid,Release Engineer,Deloitte
Release Engineer,"['c++', 'docker', 'git', 'github', 'gitlab', 'kubernetes', 'maya', 'python', 'rust']",Hybrid,Release Engineer,Skydance
Release Engineer,"['ansible', 'bash', 'dhcp', 'docker', 'git', 'github', 'github actions', 'grafana', 'jenkins', 'kubernetes', 'prometheus', 'python', 'terraform']",On-site,Release Engineer,Viasat
Release Engineer,['foundation'],On-site,Release Engineer,Capgemini
Release Engineer,"['c++', 'less', 'python']",Hybrid,Release Engineer,May Mobility
Release Engineer,"['ansible', 'docker', 'git', 'jenkins']",Hybrid,Release Engineer,ABAKUS IT-SOLUTIONS
Release Engineer,"['ansible', 'azure devops', 'bash', 'bitbucket', 'datadog', 'dynatrace', 'git', 'github', 'powershell', 'python', 'sql', 'splunk', 'terraform']",Hybrid,Release Engineer,"Astra-North Infoteck Inc.  ~ Conquering today’s challenges, achieving tomorrow’s vision!"
Release Engineer,"['appium', 'selenium']",Hybrid,Release Engineer,Super
Release Engineer,['level design'],Remote,Release Engineer,ALTEN Mexico
Release Engineer,['github'],On-site,Release Engineer,LTIMindtree
Release Engineer,"['datadog', 'github', 'github actions', 'gitlab', 'jenkins', 'microservices architecture']",Hybrid,Release Engineer,Docebo
Release Engineer,"['c++', 'foundation', 'gitlab', 'jenkins', 'python', 'raspberry pi']",Remote,Release Engineer,EPAM Systems
Release Engineer,"['argocd', 'docker', 'gitlab', 'helm', 'istio', 'javascript', 'jira', 'kubernetes', 'mysql', 'node.js', 'python', 'rabbitmq', 'redis', 'shell scripting', 'typescript']",On-site,Release Engineer,BrainRocket
IT Infrastructure Engineer,"['argocd', 'bash', 'github', 'github actions', 'gitlab', 'incident response', 'jenkins', 'kubernetes', 'machine learning', 'python']",On-site,Release Engineer,Kerry Consulting
Release Engineer,"['ansible', 'bash', 'docker', 'git', 'groovy', 'java', 'jenkins', 'kubernetes', 'powershell', 'python', 'terraform']",On-site,Release Engineer,"GXO Logistics, Inc."
Release Engineer,['level design'],On-site,Release Engineer,Pittsburgh Robotics Network
Release Engineer,['less'],On-site,Release Engineer,Orscheln Products
Release Engineer,"['confluence', 'jira']",Hybrid,Release Engineer,Lockheed Martin
Release Engineer,['level design'],Remote,Release Engineer,ALTEN Mexico
Release Engineer,"['gitlab', 'java', 'jenkins']",On-site,Release Engineer,Barclays
AWS Solutions Architect,"['aws cdk', 'amazon web services (aws)', 'bitbucket', 'datadog', 'docker', 'dynamodb', 'github', 'github actions', 'gitlab', 'gitlab ci/cd', 'grafana', 'incident response', 'java', 'php', 'prometheus', 'terraform']",Remote,AWS Solutions Architect,ALGOTEQUE Innovation Hub
AWS Solutions Architect,"['amazon web services (aws)', 'docker', 'terraform', 'threat modeling']",Remote,AWS Solutions Architect,Cloudvisor
AWS Solutions Architect,"['c++', 'devsecops', 'etl/elt pipelines', 'java', 'mongodb', 'python', 'snowflake']",Hybrid,AWS Solutions Architect,Legal & General
AWS Solutions Architect,"['aws cdk', 'aws cloudformation', 'docker', 'generative ai', 'kubernetes', 'terraform']",On-site,AWS Solutions Architect,Cloudelligent
AWS Solutions Architect,"['amazon web services (aws)', 'dynamodb', 'sagemaker']",On-site,AWS Solutions Architect,Amazon Web Services (AWS)
AWS Solutions Architect,"['docker', 'kubernetes', 'terraform']",Remote,AWS Solutions Architect,ArcheSys Inc
AWS Solutions Architect,"['circleci', 'docker', 'foundation', 'github', 'github actions', 'kubernetes', 'machine learning', 'terraform']",Remote,AWS Solutions Architect,Avahi
AWS Solutions Architect,"['docker', 'dynamodb', 'generative ai', 'kubernetes', 'terraform']",Hybrid,AWS Solutions Architect,Promtior
AWS Solutions Architect,"['foundation', 'microsoft azure', 'openstack', 'technical writing']",Remote,AWS Solutions Architect,Genpact
AWS Solutions Architect,"['amazon web services (aws)', 'databricks', 'devsecops', 'foundation', 'machine learning', 'terraform']",On-site,AWS Solutions Architect,Tata Consultancy Services
AWS Solutions Architect,"['devsecops', 'docker', 'graphql', 'kubernetes', 'microservices architecture', 'terraform']",Remote,AWS Solutions Architect,Blankfactor
AWS Solutions Architect,"['aws cloudformation', 'amazon web services (aws)', 'ansible', 'bash', 'docker', 'kubernetes', 'powershell', 'python', 'scrum', 'terraform']",On-site,AWS Solutions Architect,SNDK Corp
Azure Cloud Engineer,"['azure devops', 'azure functions', 'bash', 'devsecops', 'git', 'github', 'github actions', 'grafana', 'istio', 'java', 'jenkins', 'kubernetes', 'load balancing', 'microsoft azure', 'nginx', 'powershell', 'python', 'ssl/tls', 'spring boot']",Remote,Azure Cloud Engineer,SGS
Azure Cloud Engineer,['devsecops'],Hybrid,Azure Cloud Engineer,Cloud People
Azure Cloud Engineer,"['azure devops', 'azure machine learning', 'devsecops', 'git', 'github', 'machine learning', 'microsoft azure', 'powershell', 'sql', 'terraform']",Remote,Azure Cloud Engineer,Cloud Decisions
Azure Cloud Engineer,"['azure devops', 'azure functions', 'azure virtual machines', 'docker', 'kubernetes', 'microsoft azure', 'powershell', 'terraform']",On-site,Azure Cloud Engineer,Müller's Solutions
Cloud Security Engineer,"['penetration testing', 'powershell', 'vulnerability assessment']",On-site,Azure Cloud Engineer,Rolling Wave Technologies LLC.
IT Infrastructure Engineer,"['ansible', 'argocd', 'kubernetes', 'microservices architecture', 'microsoft azure', 'puppet', 'terraform']",Remote,Azure Cloud Engineer,GRiT Solutions
Azure Cloud Engineer,"['azure devops', 'azure virtual machines', 'foundation', 'microsoft azure', 'powershell', 'terraform', 'windows server administration']",On-site,Azure Cloud Engineer,Foundation Risk Partners
Azure Cloud Engineer,"['azure devops', 'bash', 'generative ai', 'github', 'github actions', 'istio', 'kubernetes', 'langchain', 'microservices architecture', 'microsoft azure', 'powershell', 'python', 'sql', 'terraform']",Remote,Azure Cloud Engineer,Bright Vision Technologies
Azure Cloud Engineer,"['azure virtual machines', 'microsoft azure', 'powershell', 'python', 'terraform']",On-site,Azure Cloud Engineer,QE Services IT Recruitment
Azure Cloud Engineer,"['microsoft azure', 'terraform']",Remote,Azure Cloud Engineer,BMO U.S.
Azure Cloud Engineer,['informatica'],Remote,Azure Cloud Engineer,Project - WeAreProject
Azure Cloud Engineer,"['ansible', 'azure devops', 'incident response', 'kubernetes', 'terraform']",Remote,Azure Cloud Engineer,hackajob
Azure Cloud Engineer,"['azure devops', 'github', 'github actions', 'incident response', 'microsoft azure', 'sql', 'terraform']",On-site,Azure Cloud Engineer,Woundlocal
Azure Cloud Engineer,"['jest', 'kubernetes']",Hybrid,Azure Cloud Engineer,PwC Polska
Azure Cloud Engineer,"['azure cosmos db', 'azure devops', 'databricks', 'mlops', 'microsoft azure', 'terraform']",Hybrid,Azure Cloud Engineer,Euroclear
Azure Cloud Engineer,['terraform'],Hybrid,Azure Cloud Engineer,Deloitte
Azure Cloud Engineer,"['bash', 'kubernetes', 'powershell', 'terraform']",Hybrid,Azure Cloud Engineer,Allegion (Southeast Asia) Pte. Ltd.
Azure Cloud Engineer,"['azure devops', 'azure virtual machines', 'foundation', 'microsoft azure', 'powershell', 'terraform', 'windows server administration']",On-site,Azure Cloud Engineer,Foundation Risk Partners
Azure Cloud Engineer,"['azure devops', 'bash', 'foundation', 'microsoft azure', 'powershell', 'python', 'terraform']",Hybrid,Azure Cloud Engineer,SGS
Azure Cloud Engineer,"['azure devops', 'bash', 'generative ai', 'github', 'github actions', 'istio', 'kubernetes', 'langchain', 'microservices architecture', 'microsoft azure', 'powershell', 'python', 'sql', 'terraform']",Remote,Azure Cloud Engineer,Bright Vision Technologies
Azure Cloud Engineer,"['docker', 'kubernetes', 'microsoft azure', 'powershell', 'python', 'terraform']",Hybrid,Azure Cloud Engineer,Global Market Solutions - Germany
Azure Cloud Engineer,"['azure devops', 'helm', 'kubernetes', 'postgresql', 'terraform']",Hybrid,Azure Cloud Engineer,Capgemini
Azure Cloud Engineer,"['azure devops', 'azure functions', 'azure virtual machines', 'c#', 'github', 'javascript', 'jenkins', 'microsoft azure', 'power bi', 'powershell', 'python', 'sql', 'terraform']",Remote,Azure Cloud Engineer,Northware
Azure Cloud Engineer,"['azure devops', 'azure virtual machines', 'bash', 'foundation', 'microsoft azure', 'powershell', 'python', 'terraform']",On-site,Azure Cloud Engineer,HunaTek
IT Infrastructure Engineer,['cryptography'],On-site,Azure Cloud Engineer,Hipo.ro
Azure Cloud Engineer,"['kubernetes', 'terraform']",Hybrid,Azure Cloud Engineer,Axians Portugal
Azure Cloud Engineer,"['ansible', 'docker', 'gitlab', 'jenkins', 'kubernetes', 'microsoft azure', 'terraform']",Remote,Azure Cloud Engineer,Senacor Technologies
Azure Cloud Engineer,"['microsoft azure', 'terraform']",Remote,Azure Cloud Engineer,CGI
Azure Cloud Engineer,"['azure devops', 'helm', 'kubernetes', 'postgresql', 'terraform']",Hybrid,Azure Cloud Engineer,Capgemini
Azure Cloud Engineer,"['bash', 'incident response', 'microsoft azure', 'powershell', 'python', 'terraform']",Hybrid,Azure Cloud Engineer,PwC Ireland
Azure Cloud Engineer,"['git', 'microsoft azure', 'terraform']",Hybrid,Azure Cloud Engineer,Skaylink
Azure Cloud Engineer,"['powershell', 'python', 'terraform']",On-site,Azure Cloud Engineer,CACI International Inc
Azure Cloud Engineer,"['azure devops', 'devsecops', 'microsoft azure', 'sql', 'terraform']",Hybrid,Azure Cloud Engineer,Arup
Azure Cloud Engineer,"['azure devops', 'kubernetes']",Hybrid,Azure Cloud Engineer,Accelerate Sverige
Azure Cloud Engineer,['terraform'],Hybrid,Azure Cloud Engineer,itm8 Sverige
Azure Cloud Engineer,"['amazon web services (aws)', 'generative ai', 'git', 'less', 'microsoft azure', 'terraform']",Hybrid,Azure Cloud Engineer,Skaylink
Azure Cloud Engineer,"['azure devops', 'bash', 'git', 'github', 'github actions', 'gitlab', 'kubernetes', 'powershell', 'python', 'terraform']",Hybrid,Azure Cloud Engineer,Instaffo
Azure Cloud Engineer,"['microsoft azure', 'terraform']",Hybrid,Azure Cloud Engineer,Capgemini
Azure Cloud Engineer,"['azure devops', 'docker', 'github', 'microsoft azure', 'powershell', 'terraform']",On-site,Azure Cloud Engineer,Avanade
Azure Cloud Engineer,"['azure cosmos db', 'azure devops', 'generative ai', 'github', 'github actions', 'microsoft azure', 'sql', 'terraform']",On-site,Azure Cloud Engineer,J&M Group
Platform Engineer,"['javascript', 'restful apis', 'sql']",On-site,Platform Engineer,Code Ethics
Platform Engineer,"['ansible', 'bash', 'c#', 'c++', 'docker', 'grafana', 'java', 'kubernetes', 'prometheus', 'python', 'rust', 'splunk', 'terraform']",Hybrid,Platform Engineer,Hunter Bond
Platform Engineer,"['java', 'javascript', 'large language models (llms)', 'python', 'sql', 'supabase']",Remote,Platform Engineer,Quik Hire Staffing
Platform Engineer,"['crowdstrike', 'datadog', 'docker', 'foundation', 'github', 'github actions', 'grafana', 'incident response', 'kubernetes', 'new relic', 'palo alto networks', 'terraform']",Remote,Platform Engineer,MOXFIVE
Platform Engineer,['azure functions'],Hybrid,Platform Engineer,Anson McCade
Platform Engineer,"['argocd', 'elixir', 'github', 'github actions', 'grafana', 'helm', 'javascript', 'kubernetes', 'load balancing', 'mysql', 'new relic', 'python', 'redis', 'ruby', 'terraform', 'vue.js']",Remote,Platform Engineer,Verve For Advertisers
Platform Engineer,"['azure devops', 'docker', 'github', 'github actions', 'gitlab', 'grafana', 'kubernetes', 'langchain', 'llamaindex', 'mlops', 'mlflow', 'machine learning', 'prometheus', 'python', 'sagemaker', 'terraform']",Remote,Platform Engineer,Capitole
Platform Engineer,"['kubernetes', 'terraform']",Remote,Platform Engineer,Durlston Partners
Platform Engineer,"['docker', 'google bigquery', 'google cloud platform (gcp)', 'google cloud storage', 'python', 'terraform']",Remote,Platform Engineer,BoldSphere
Platform Engineer,"['azure devops', 'cloudflare', 'github', 'github actions', 'incident response', 'kubernetes', 'microsoft azure', 'okta', 'python', 'terraform']",Hybrid,Platform Engineer,JazzX AI
Platform Engineer,"['argocd', 'gitlab', 'helm', 'incident response', 'kubernetes', 'python', 'terraform']",Remote,Platform Engineer,Jobgether
Platform Engineer,"['databricks', 'github', 'jest', 'microsoft azure', 'mongodb', 'power bi']",Remote,Platform Engineer,Talent Complete
Platform Engineer,"['azure devops', 'azure functions', 'data modeling', 'github', 'kubernetes', 'microservices architecture', 'microsoft azure', 'power bi', 'terraform']",Hybrid,Platform Engineer,Accelerate
Platform Engineer,"['datadog', 'graphql', 'heroku', 'incident response', 'new relic', 'postgresql', 'prometheus', 'redis', 'ruby', 'ruby on rails', 'terraform']",Remote,Platform Engineer,Jobgether
Platform Engineer,"['azure functions', 'machine learning', 'python', 'recommendation systems', 'sql']",Remote,Platform Engineer,Usalco
Platform Engineer,"['chef', 'docker', 'github', 'github actions', 'groovy', 'jenkins', 'kubernetes', 'python', 'terraform']",Hybrid,Platform Engineer,SkillRecruit
Platform Engineer,"['docker', 'java', 'jenkins', 'kubernetes', 'neo4j', 'pinecone', 'python']",Hybrid,Platform Engineer,Oliver Bernard
Platform Engineer,"['amazon web services (aws)', 'foundation', 'generative ai', 'incident response', 'langchain', 'mlops', 'python', 'servicenow', 'terraform']",Hybrid,Platform Engineer,Team Geek Solutions
Platform Engineer,['github'],On-site,Platform Engineer,Syren
Platform Engineer,"['fastapi', 'flask', 'python']",Hybrid,Platform Engineer,RGM Consulting
Platform Engineer,"['azure devops', 'c#', 'data warehousing', 'docker', 'github', 'github actions', 'javascript', 'node.js', 'python', 'terraform']",Remote,Platform Engineer,Nextech Group Limited
Platform Engineer,"['data lakes', 'power bi', 'powershell', 'sql']",Remote,Platform Engineer,Danta Technologies
IT Infrastructure Engineer,"['ansible', 'bash', 'foundation', 'google cloud platform (gcp)', 'google cloud storage', 'machine learning', 'pytorch', 'python', 'tensorflow']",On-site,Platform Engineer,TANUH
Platform Engineer,['query optimization'],On-site,Platform Engineer,Karmel Capital
Platform Engineer,"['deep learning', 'mlops']",Remote,Platform Engineer,Senovo IT Ltd
Platform Engineer,"['node.js', 'python']",Remote,Platform Engineer,HumaVerse
Platform Engineer,"['argocd', 'elixir', 'github', 'github actions', 'grafana', 'helm', 'kubernetes', 'load balancing', 'mysql', 'new relic', 'postgresql', 'redis', 'ruby', 'terraform', 'vue.js']",Remote,Platform Engineer,Verve For Advertisers
Platform Engineer,"['azure devops', 'azure functions', 'azure machine learning', 'bash', 'datadog', 'django', 'docker', 'fastapi', 'flask', 'generative ai', 'kubeflow', 'kubernetes', 'mlops', 'mlflow', 'machine learning', 'pinecone', 'powershell', 'prometheus', 'python', 'restful apis', 'sagemaker', 'swagger/openapi', 'terraform', 'weaviate']",Remote,Platform Engineer,ebp Global
Platform Engineer,"['bash', 'grafana', 'kubernetes', 'load balancing', 'postgresql', 'prometheus', 'python']",On-site,Platform Engineer,Atlys
Platform Engineer,"['less', 'pagerduty', 'servicenow', 'workday']",Remote,Platform Engineer,Intellias
Platform Engineer,"['java', 'python', 'typescript']",Hybrid,Platform Engineer,RepRally
Platform Engineer,"['azure devops', 'bash', 'github', 'github actions', 'gitlab', 'grafana', 'incident response', 'kubernetes', 'load balancing', 'prometheus', 'python', 'terraform']",Hybrid,Platform Engineer,Netcompany
Platform Engineer,"['aws ecs', 'cloud run', 'github', 'github actions', 'grafana', 'helm', 'istio', 'kubernetes', 'postgresql', 'prometheus', 'python', 'terraform']",Remote,Platform Engineer,Billennium
Platform Engineer,['mlops'],Hybrid,Platform Engineer,Robusta Studio
Platform Engineer,"['foundation', 'less', 'power bi', 'sql']",Hybrid,Platform Engineer,Great British Energy - Nuclear
Platform Engineer,"['github', 'github actions', 'gitlab', 'google cloud platform (gcp)', 'java', 'jenkins', 'kubernetes', 'python', 'terraform']",Hybrid,Platform Engineer,Oliver Bernard
Platform Engineer,"['design systems', 'google cloud platform (gcp)', 'google kubernetes engine (gke)', 'kubernetes', 'less', 'workday']",Remote,Platform Engineer,Intellias
Platform Engineer,"['c#', 'java', 'kubernetes', 'mysql', 'postgresql', 'sql', 'snowflake', 'spring boot', 'vertex ai']",Remote,Platform Engineer,ClearlyRated
Platform Engineer,"['data lakes', 'elasticsearch', 'fastapi', 'foundation', 'less', 'mongodb', 'prefect', 'python', 'query optimization', 'rabbitmq']",Remote,Platform Engineer,Primetag
Platform Engineer,"['ansible', 'argocd', 'azure devops', 'docker', 'github', 'github actions', 'kubernetes', 'powershell', 'terraform']",Hybrid,Platform Engineer,Littlefish Group
Platform Engineer,"['docker', 'graphql', 'kubernetes', 'python', 'sql', 'typescript']",Hybrid,Platform Engineer,Accrete
Platform Engineer,"['docker', 'java', 'jenkins', 'kubernetes', 'python']",Hybrid,Platform Engineer,Oliver Bernard
Platform Engineer,"['amazon web services (aws)', 'apache airflow', 'dagster', 'github', 'github actions', 'gitlab', 'google cloud platform (gcp)', 'jenkins', 'prefect', 'snowflake', 'terraform']",Remote,Platform Engineer,Ubique Systems
Platform Engineer,"['docker', 'gin', 'next.js', 'postgresql', 'redis', 'typescript']",On-site,Platform Engineer,Sea12
Platform Engineer,"['helm', 'java', 'kubernetes', 'machine learning', 'python', 'sql', 'terraform']",Hybrid,Platform Engineer,Starling
Virtualization Engineer,"['bash', 'firewall configuration', 'html5']",Remote,Virtualization Engineer,UltaHost
Virtualization Engineer,"['ansible', 'fiber', 'incident response', 'powershell']",Hybrid,Virtualization Engineer,SMBC Group
Virtualization Engineer,['ansible'],On-site,Virtualization Engineer,Fujitsu
Virtualization Engineer,"['agile methodology', 'ansible', 'terraform']",On-site,Virtualization Engineer,Point72
Virtualization Engineer,"['ansible', 'foundation']",On-site,Virtualization Engineer,Fujitsu
Virtualization Engineer,"['ansible', 'azure devops', 'bash', 'dynatrace', 'foundation', 'neo4j', 'powershell', 'servicenow', 'snowflake', 'terraform']",On-site,Virtualization Engineer,Siemens Healthineers
Virtualization Engineer,"['generative ai', 'groovy', 'java', 'soap']",On-site,Virtualization Engineer,J&M Group
Virtualization Engineer,"['angular', 'kotlin', 'python', 'scrum', 'typescript']",Remote,Virtualization Engineer,Sii Poland
SOC Analyst,"['crowdstrike', 'siem', 'splunk']",Remote,SOC Analyst,Thrive
SOC Analyst,"['ethical hacking', 'incident response', 'phoenix', 'siem']",On-site,SOC Analyst,Phoenix Cyber
SOC Analyst,"['bgp', 'bash', 'cloudflare', 'ids/ips', 'incident response', 'kubernetes', 'powershell', 'python', 'siem', 'splunk']",Hybrid,SOC Analyst,Salla
SOC Analyst,"['ansible', 'fortinet', 'incident response', 'python', 'sd-wan', 'siem', 'terraform']",Hybrid,SOC Analyst,Hamilton Barnes 🌳
SOC Analyst,"['endpoint detection and response (edr)', 'incident response', 'siem']",Remote,SOC Analyst,Dynamic Search Solutions
SOC Analyst,"['foundation', 'siem']",Hybrid,SOC Analyst,Fujitsu
SOC Analyst,"['fortinet', 'incident response', 'postgresql', 'siem', 'soc operations']",On-site,SOC Analyst,Fortinet
SOC Analyst,"['burp suite', 'metasploit', 'power bi', 'siem', 'splunk']",Hybrid,SOC Analyst,Randstad España
SOC Analyst,"['crowdstrike', 'siem', 'splunk']",Remote,SOC Analyst,Career Factory GmbH
SOC Analyst,"['digital forensics', 'incident response', 'osi model', 'siem', 'soc operations', 'splunk']",On-site,SOC Analyst,The Value Maximizer
SOC Analyst,"['incident response', 'siem']",Hybrid,SOC Analyst,Deloitte
SOC Analyst,['incident response'],On-site,SOC Analyst,ADACOM
Cyber Security Analyst,"['incident response', 'siem']",Remote,SOC Analyst,Ness Solution
SOC Analyst,"['bash', 'crowdstrike', 'incident response', 'powershell', 'python', 'siem', 'servicenow']",On-site,SOC Analyst,Devoteam
SOC Analyst,"['crowdstrike', 'devsecops', 'incident response', 'owasp top 10', 'siem', 'soc operations', 'threat modeling']",Hybrid,SOC Analyst,SQUAD Conseil et Expertises
SOC Analyst,"['digital forensics', 'incident response', 'osi model', 'siem', 'soc operations', 'splunk']",On-site,SOC Analyst,ITHR Technologies Consulting LLC
SOC Analyst,"['siem', 'splunk']",Hybrid,SOC Analyst,CGI
SOC Analyst,"['incident response', 'siem', 'workday']",On-site,SOC Analyst,Mainstay Technologies
Cyber Security Analyst,"['ids/ips', 'incident response', 'siem', 'soc operations']",Remote,SOC Analyst,S-RM
SOC Analyst,"['crowdstrike', 'foundation', 'incident response', 'siem', 'splunk']",Hybrid,SOC Analyst,Wrike
SOC Analyst,"['osi model', 'siem', 'soc operations']",On-site,SOC Analyst,Accenture
SOC Analyst,"['incident response', 'siem', 'splunk']",Hybrid,SOC Analyst,Franklin Fitch
SOC Analyst,"['informatica', 'vulnerability assessment']",Hybrid,SOC Analyst,AGM SOLUTIONS
SOC Analyst,"['incident response', 'malware analysis', 'penetration testing']",Remote,SOC Analyst,DataAnnotation
Cyber Security Analyst,"['crowdstrike', 'incident response', 'siem']",On-site,SOC Analyst,Wavenet
SOC Analyst,"['crowdstrike', 'incident response', 'microsoft azure', 'siem', 'splunk']",On-site,SOC Analyst,Integrity360
SOC Analyst,"['ids/ips', 'incident response', 'siem', 'splunk']",On-site,SOC Analyst,Fynity
SOC Analyst,"['incident response', 'powershell', 'python', 'siem', 'soc operations', 'splunk']",Hybrid,SOC Analyst,Focus Group
SOC Analyst,"['crowdstrike', 'digital forensics', 'splunk']",Hybrid,SOC Analyst,NCC Group
SOC Analyst,"['incident response', 'siem', 'splunk']",On-site,SOC Analyst,Fynity
SOC Analyst,"['ids/ips', 'incident response', 'informatica', 'siem', 'splunk']",Hybrid,SOC Analyst,ALTEN Italia
SOC Analyst,['siem'],Remote,SOC Analyst,Resillion
SOC Analyst,"['ids/ips', 'incident response', 'informatica', 'siem', 'splunk', 'vulnerability assessment']",Hybrid,SOC Analyst,AGM SOLUTIONS
SOC Analyst,"['bash', 'python', 'siem']",Hybrid,SOC Analyst,Mediatech
SOC Analyst,['sql'],Hybrid,SOC Analyst,NTT DATA Europe & Latam
SOC Analyst,"['ids/ips', 'informatica', 'siem', 'splunk']",On-site,SOC Analyst,MAW
SOC Analyst,"['incident response', 'siem']",On-site,SOC Analyst,Nexova
Cyber Security Analyst,"['bash', 'incident response', 'powershell', 'python', 'siem']",Hybrid,SOC Analyst,Devoteam | Cyber Trust
SOC Analyst,"['crowdstrike', 'ids/ips', 'incident response', 'splunk']",On-site,SOC Analyst,Bonhill Partners
SOC Analyst,"['crowdstrike', 'data modeling', 'ids/ips', 'java', 'jira', 'python', 'siem', 'splunk']",On-site,SOC Analyst,PwC
SOC Analyst,"['ids/ips', 'incident response', 'siem']",Remote,SOC Analyst,"Acora - IT, Cyber & AI"
Ethical Hacker,"['cryptography', 'ethical hacking', 'less', 'penetration testing', 'sql', 'vulnerability assessment']",On-site,Ethical Hacker,Bank of America
Ethical Hacker,"['cryptography', 'ethical hacking', 'load balancing', 'reverse engineering']",Remote,Ethical Hacker,Citadelo - Hackers on Your Side!
Ethical Hacker,"['less', 'python', 'reverse engineering']",On-site,Ethical Hacker,KPN
Ethical Hacker,"['java', 'jira', 'kanban', 'kubernetes', 'scrum', 'threat modeling']",Hybrid,Ethical Hacker,bol
Ethical Hacker,"['javascript', 'python', 'reverse engineering', 'websockets']",Hybrid,Ethical Hacker,NielsenIQ
Ethical Hacker,"['c#', 'c++', 'cloudflare', 'crowdstrike', 'reverse engineering', 'rust']",Hybrid,Ethical Hacker,Cyberr®
Ethical Hacker,"['burp suite', 'c#', 'c++', 'malware analysis', 'metasploit', 'powershell', 'python', 'reverse engineering']",Remote,Ethical Hacker,KeyPartners
Ethical Hacker,['python'],On-site,Ethical Hacker,Sopra Steria
Ethical Hacker,"['metasploit', 'nmap', 'oauth 2.0', 'powershell', 'python', 'saml']",Remote,Ethical Hacker,Rublon
Ethical Hacker,"['burp suite', 'c#', 'java', 'javascript', 'objective-c', 'penetration testing', 'python', 'reverse engineering', 'soap', 'sql']",Remote,Ethical Hacker,Packetlabs
Ethical Hacker,['penetration testing'],Remote,Ethical Hacker,Packetlabs
Ethical Hacker,"['bash', 'burp suite', 'ethical hacking', 'metasploit', 'nmap', 'owasp top 10', 'powershell', 'python']",Remote,Ethical Hacker,Stefanini LATAM
Ethical Hacker,"['less', 'owasp top 10', 'penetration testing']",Hybrid,Ethical Hacker,Deloitte
Ethical Hacker,['penetration testing'],Remote,Ethical Hacker,Packetlabs
Ethical Hacker,"['kubernetes', 'penetration testing']",Remote,Ethical Hacker,Packetlabs
Application Security Engineer,"['c#', 'devsecops', 'java', 'owasp top 10', 'penetration testing', 'python', 'threat modeling']",On-site,Application Security Engineer,Cybward
Application Security Engineer,"['penetration testing', 'ruby', 'ruby on rails', 'threat modeling']",Remote,Application Security Engineer,Lucidya | لوسيديا
Application Security Engineer,"['burp suite', 'devsecops', 'docker', 'foundation', 'github', 'graphql', 'incident response', 'java', 'javascript', 'kubernetes', 'machine learning', 'owasp top 10', 'penetration testing', 'python', 'sonarqube', 'terraform', 'threat modeling', 'vulnerability assessment']",On-site,Application Security Engineer,Strategy
Application Security Engineer,"['azure devops', 'devsecops', 'github', 'github actions', 'gitlab', 'jenkins']",Hybrid,Application Security Engineer,Hays
Application Security Engineer,"['java', 'owasp top 10', 'perl', 'powershell', 'python', 'siem']",Remote,Application Security Engineer,D&H Distributing
Application Security Engineer,"['cryptography', 'devsecops', 'incident response', 'java', 'javascript', 'powershell', 'python', 'react native', 'threat modeling', 'typescript']",On-site,Application Security Engineer,"Wawa, Inc."
Application Security Engineer,"['burp suite', 'helm', 'owasp top 10', 'penetration testing', 'sonarqube', 'terraform', 'threat modeling']",Remote,Application Security Engineer,Jobgether
Application Security Engineer,"['devsecops', 'python', 'ruby', 'rust', 'threat modeling']",Remote,Application Security Engineer,Jobgether
Application Security Engineer,"['incident response', 'machine learning', 'owasp top 10', 'python', 'threat modeling', 'typescript']",Hybrid,Application Security Engineer,Valence
Application Security Engineer,"['burp suite', 'devsecops', 'docker', 'incident response', 'javascript', 'kubernetes', 'owasp top 10', 'ruby', 'swift', 'threat modeling', 'typescript']",Remote,Application Security Engineer,Fountain
Application Security Engineer,"['bash', 'c#', 'c++', 'devsecops', 'java', 'perl', 'powershell', 'python']",Remote,Application Security Engineer,Black Duck
Application Security Engineer,"['burp suite', 'graphql', 'oauth 2.0', 'owasp top 10', 'penetration testing', 'python', 'threat modeling', 'typescript']",On-site,Application Security Engineer,Polymarket
Application Security Engineer,"['burp suite', 'devsecops', 'ids/ips', 'owasp top 10', 'penetration testing', 'perl', 'powershell', 'python']",Hybrid,Application Security Engineer,Migros One
Application Security Engineer,"['penetration testing', 'threat modeling']",Hybrid,Application Security Engineer,The Pokémon Company International
Application Security Engineer,"['cryptography', 'devsecops', 'foundation', 'java', 'javascript', 'node.js', 'owasp top 10', 'python', 'ruby', 'ruby on rails', 'saml', 'threat modeling']",Hybrid,Application Security Engineer,Flywire
Application Security Engineer,"['ethereum', 'hashicorp vault', 'penetration testing', 'smart contracts', 'threat modeling']",On-site,Application Security Engineer,Bitwise Asset Management
Application Security Engineer,"['devsecops', 'gitlab', 'owasp top 10', 'penetration testing', 'siem', 'splunk']",Hybrid,Application Security Engineer,HealthHero
Application Security Engineer,"['git', 'github', 'github actions', 'penetration testing', 'python', 'threat modeling']",Hybrid,Application Security Engineer,Charles Schwab
Application Security Engineer,"['scrum', 'threat modeling']",Remote,Application Security Engineer,OP
Application Security Engineer,"['foundation', 'git', 'github', 'gitlab', 'java', 'owasp top 10', 'prompt engineering', 'python', 'typescript']",Remote,Application Security Engineer,Eclipse Foundation
Application Security Engineer,"['devsecops', 'kubernetes', 'openid connect', 'penetration testing', 'saml', 'terraform', 'threat modeling']",Remote,Application Security Engineer,UniUni
Application Security Engineer,"['devsecops', 'incident response', 'kubernetes', 'owasp top 10']",Hybrid,Application Security Engineer,Eeze
Application Security Engineer,"['devsecops', 'docker', 'gitlab', 'jenkins', 'penetration testing']",Hybrid,Application Security Engineer,NEBIRU
Application Security Engineer,"['incident response', 'penetration testing']",Remote,Application Security Engineer,Strive - GTM Talent Partner
Application Security Engineer,"['devsecops', 'jira', 'kanban', 'owasp top 10']",Hybrid,Application Security Engineer,act digital
Application Security Engineer,"['incident response', 'siem', 'sql']",Hybrid,Application Security Engineer,IGT1
Application Security Engineer,"['c#', 'devsecops', 'foundation', 'java', 'javascript', 'node.js', 'python', 'vulnerability assessment']",On-site,Application Security Engineer,Sopra Steria
Application Security Engineer,"['ansible', 'azure devops', 'c#', 'devsecops', 'git', 'github', 'gitlab', 'java', 'javascript', 'jenkins', 'owasp top 10', 'php', 'penetration testing', 'soap', 'ssl/tls', 'sonarqube', 'vulnerability assessment']",On-site,Application Security Engineer,Assurity Trusted Solutions Pte Ltd
Application Security Engineer,"['angular', 'java', 'kubernetes', 'owasp top 10', 'python']",Hybrid,Application Security Engineer,QuickOps Consulting
Application Security Engineer,"['burp suite', 'foundation', 'github', 'github actions', 'gitlab', 'incident response', 'java', 'javascript', 'jenkins', 'owasp top 10', 'penetration testing', 'python']",Hybrid,Application Security Engineer,Pepperstone
Application Security Engineer,"['bash', 'cryptography', 'github', 'microservices architecture', 'owasp top 10', 'penetration testing', 'python']",Hybrid,Application Security Engineer,Amach
Application Security Engineer,"['devsecops', 'docker', 'kubernetes', 'owasp top 10']",Hybrid,Application Security Engineer,Investigo
Application Security Engineer,"['burp suite', 'helm', 'jenkins', 'owasp top 10', 'sonarqube', 'terraform', 'threat modeling', 'workday']",Remote,Application Security Engineer,Swapcard
Application Security Engineer,"['devsecops', 'docker', 'incident response', 'kubernetes', 'machine learning', 'owasp top 10', 'penetration testing', 'threat modeling']",On-site,Application Security Engineer,Samsung Southeast Asia & Oceania
Application Security Engineer,"['microsoft azure', 'penetration testing', 'threat modeling']",Hybrid,Application Security Engineer,Vestacy
Application Security Engineer,"['bash', 'devsecops', 'java', 'kubernetes', 'owasp top 10', 'python']",Hybrid,Application Security Engineer,Claranet Portugal
Application Security Engineer,"['bash', 'burp suite', 'cloud security posture management (cspm)', 'devsecops', 'docker', 'incident response', 'java', 'owasp top 10', 'penetration testing', 'python', 'threat modeling']",Remote,Application Security Engineer,Twin Health
Application Security Engineer,"['bash', 'c++', 'docker', 'java', 'kubernetes', 'owasp top 10', 'python', 'saml', 'threat modeling']",Remote,Application Security Engineer,Fluent Trade Technologies
Application Security Engineer,"['burp suite', 'devsecops', 'java', 'javascript', 'sonarqube', 'threat modeling', 'typescript']",Hybrid,Application Security Engineer,Diconium
Application Security Engineer,"['java', 'javascript', 'kubernetes', 'penetration testing', 'threat modeling']",Hybrid,Application Security Engineer,ARRISE
Application Security Engineer,"['burp suite', 'datadog', 'docker', 'github', 'gitlab', 'graphql', 'java', 'javascript', 'jira', 'kubernetes', 'penetration testing', 'python']",Hybrid,Application Security Engineer,MUFG Investor Services
Application Security Engineer,"['generative ai', 'kubernetes', 'langchain', 'microservices architecture', 'owasp top 10', 'threat modeling']",Remote,Application Security Engineer,Bright Vision Technologies
Application Security Engineer,['penetration testing'],On-site,Application Security Engineer,Visa
Cloud Security Engineer,"['ansible', 'chef', 'devsecops', 'jenkins', 'microsoft azure', 'puppet', 'python', 'ruby', 'rust', 'terraform']",Remote,Cloud Security Engineer,UltraViolet Cyber
Cloud Security Engineer,"['amazon web services (aws)', 'devsecops', 'docker', 'incident response', 'kubernetes', 'terraform']",Hybrid,Cloud Security Engineer,Talentspot Recruitment
Cloud Security Engineer,"['crowdstrike', 'microsoft azure', 'okta', 'power bi', 'saml', 'siem', 'splunk']",Remote,Cloud Security Engineer,CyberSheath
Cloud Security Engineer,"['git', 'kubernetes', 'microsoft azure', 'terraform', 'vulnerability assessment']",On-site,Cloud Security Engineer,Nicoll Curtin
Cloud Security Engineer,"['angular', 'c#', 'd3.js', 'java', 'node.js', 'siem']",On-site,Cloud Security Engineer,E-Resourcing Ltd - Specialist I.T. Recruitment
Cloud Security Engineer,"['bash', 'devsecops', 'kubernetes', 'powershell', 'python', 'siem', 'terraform', 'threat modeling']",On-site,Cloud Security Engineer,Impulse Space
Cloud Security Engineer,"['helm', 'kubernetes', 'terraform']",Remote,Cloud Security Engineer,Jobgether
Cloud Security Engineer,"['cryptography', 'kubernetes', 'python', 'terraform']",Remote,Cloud Security Engineer,Lawrence Harvey
Cloud Security Engineer,"['abap', 'bash', 'chef', 'docker', 'java', 'kubernetes', 'load balancing', 'powershell', 'python', 'siem', 'scrum', 'terraform']",On-site,Cloud Security Engineer,Whitehall Resources
Cloud Security Engineer,"['ansible', 'auth0', 'bash', 'devsecops', 'docker', 'elasticsearch', 'foundation', 'grafana', 'incident response', 'java', 'jenkins', 'kubernetes', 'okta', 'penetration testing', 'prometheus', 'python', 'ruby', 'saml', 'scala', 'terraform']",Remote,Cloud Security Engineer,Cint
Cloud Security Engineer,"['cloud security posture management (cspm)', 'google cloud platform (gcp)', 'identity and access management (iam)', 'incident response', 'microsoft azure']",Hybrid,Cloud Security Engineer,GT Restructuring
Cloud Security Engineer,"['digital forensics', 'incident response', 'metasploit', 'python', 'terraform']",Hybrid,Cloud Security Engineer,Reapit
Cloud Security Engineer,"['clickhouse', 'data warehousing', 'incident response', 'kubernetes']",Remote,Cloud Security Engineer,ClickHouse
Cloud Security Engineer,"['bash', 'cloudflare', 'devsecops', 'github', 'incident response', 'kubernetes', 'microsoft azure', 'php', 'powershell', 'python', 'siem']",On-site,Cloud Security Engineer,Foodics
Cloud Security Engineer,"['bash', 'kubernetes', 'python', 'saml', 'siem', 'terraform']",Hybrid,Cloud Security Engineer,LT Harper Recruitment Group
Cloud Security Engineer,"['ansible', 'bash', 'cloudflare', 'incident response', 'kubernetes', 'python', 'terraform']",Remote,Cloud Security Engineer,Jobgether
Cloud Security Engineer,"['docker', 'gitlab', 'identity and access management (iam)', 'jenkins', 'kubernetes', 'terraform']",Hybrid,Cloud Security Engineer,Stott and May
Cloud Security Engineer,"['incident response', 'kubernetes', 'less', 'notion', 'python', 'terraform', 'typescript', 'vercel']",Remote,Cloud Security Engineer,Braintrust
Cloud Security Engineer,"['ansible', 'bash', 'docker', 'kubernetes', 'less', 'powershell', 'python', 'terraform']",Remote,Cloud Security Engineer,BioSpace
Cloud Security Engineer,"['identity and access management (iam)', 'kubernetes', 'terraform']",Hybrid,Cloud Security Engineer,Starling
Cloud Security Engineer,"['bash', 'devsecops', 'google cloud platform (gcp)', 'identity and access management (iam)', 'incident response', 'penetration testing', 'python', 'siem']",On-site,Cloud Security Engineer,Müller's Solutions
Cloud Security Engineer,"['cryptography', 'devsecops', 'github', 'incident response', 'kubernetes']",Remote,Cloud Security Engineer,Lawrence Harvey
Cloud Security Engineer,"['c#', 'devsecops', 'docker', 'echo', 'generative ai', 'incident response', 'java', 'kubernetes', 'machine learning', 'node.js', 'python', 'siem', 'terraform', 'threat modeling', 'zero trust architecture']",Remote,Cloud Security Engineer,Xsolis
Cloud Security Engineer,"['cloud security posture management (cspm)', 'google cloud platform (gcp)', 'incident response', 'siem', 'splunk']",Hybrid,Cloud Security Engineer,"Seneca Resources Company, LLC"
Cloud Security Engineer,"['datadog', 'devsecops', 'grafana', 'istio', 'kubernetes', 'python']",Hybrid,Cloud Security Engineer,Sony Interactive Entertainment
Cloud Security Engineer,"['bash', 'bitbucket', 'devsecops', 'git', 'github', 'load balancing', 'powershell', 'python', 'sonarqube', 'terraform']",Hybrid,Cloud Security Engineer,SEPHORA
Cloud Security Engineer,"['aws lambda', 'devsecops', 'docker', 'kubernetes', 'owasp top 10', 'threat modeling']",Remote,Cloud Security Engineer,Sony Interactive Entertainment
Cloud Security Engineer,"['git', 'terraform']",Hybrid,Cloud Security Engineer,ClearRoute
Cloud Security Engineer,"['burp suite', 'devsecops', 'foundation', 'identity and access management (iam)', 'incident response', 'kubernetes', 'penetration testing', 'powershell', 'python', 'siem', 'terraform', 'zero trust architecture']",On-site,Cloud Security Engineer,Apex - Satellite Platforms
Cloud Security Engineer,"['bash', 'crowdstrike', 'cryptography', 'github', 'github actions', 'jenkins', 'less', 'python', 'terraform']",Remote,Cloud Security Engineer,Tyler Technologies
Cloud Security Engineer,"['bash', 'datadog', 'dynatrace', 'identity and access management (iam)', 'incident response', 'less', 'new relic', 'python', 'serverless architecture', 'splunk', 'terraform']",Remote,Cloud Security Engineer,Boston Medical Center (BMC)
Cloud Security Engineer,"['github', 'kubernetes', 'penetration testing', 'terraform']",Hybrid,Cloud Security Engineer,Helvetica Partners
Cloud Security Engineer,"['bash', 'incident response', 'kubernetes', 'python', 'siem', 'terraform']",Hybrid,Cloud Security Engineer,Stelfox Tech Recruitment
Cloud Security Engineer,"['kubernetes', 'terraform']",Remote,Cloud Security Engineer,Clicksign
Cloud Security Engineer,"['bash', 'foundation', 'python', 'sql']",Hybrid,Cloud Security Engineer,XM Cyber
Cloud Security Engineer,"['amazon web services (aws)', 'devsecops', 'microsoft azure', 'terraform']",Remote,Cloud Security Engineer,
Cloud Security Engineer,"['python', 'terraform']",Hybrid,Cloud Security Engineer,Deloitte
Cloud Security Engineer,"['incident response', 'kubernetes', 'less', 'service workers', 'terraform']",Remote,Cloud Security Engineer,WorkWave
Cloud Security Engineer,"['bash', 'cloudflare', 'databricks', 'foundation', 'ids/ips', 'kubernetes', 'looker', 'python', 'saml', 'siem', 'terraform', 'zero trust architecture']",Hybrid,Cloud Security Engineer,Flo Health Inc.
Cloud Security Engineer,"['azure functions', 'digital forensics', 'incident response', 'metasploit', 'python', 'siem', 'terraform']",On-site,Cloud Security Engineer,Reapit
Cloud Security Engineer,"['cryptography', 'github', 'github actions', 'incident response', 'kubernetes', 'terraform']",Hybrid,Cloud Security Engineer,Starling
IAM Engineer,"['aws iam', 'generative ai', 'identity and access management (iam)', 'terraform']",Remote,IAM Engineer,Capgemini
IT Asset Management,"['bash', 'identity and access management (iam)', 'powershell']",Hybrid,IAM Engineer,QCP
IT Asset Management,"['auth0', 'computer vision', 'identity and access management (iam)', 'machine learning', 'okta', 'openid connect', 'powershell', 'python', 'saml']",Remote,IAM Engineer,Serve Robotics
IAM Engineer,"['generative ai', 'identity and access management (iam)', 'incident response', 'python', 'saml']",Hybrid,IAM Engineer,SSC HR Solutions
IT Asset Management,"['github', 'rust', 'saml']",Hybrid,IAM Engineer,Ajaib
Cloud Security Engineer,"['hashicorp vault', 'saml', 'terraform']",Hybrid,IAM Engineer,S3NS
IAM Engineer,"['powershell', 'saml', 'sql', 'servicenow']",On-site,IAM Engineer,Engineering International Belgium
IAM Engineer,"['abap', 'java', 'node.js', 'python', 'sql']",Hybrid,IAM Engineer,Decskill
System Administrator,['identity and access management (iam)'],On-site,IAM Engineer,"Concept Plus, LLC"
Technical Support-Engineer,"['confluence', 'foundation', 'identity and access management (iam)', 'javascript', 'jira', 'mongodb', 'node.js', 'okta', 'python', 'redis', 'saml', 'sql', 'splunk', 'workday']",Hybrid,IAM Engineer,Simpplr
IT Asset Management,"['aws iam', 'hashicorp vault', 'incident response', 'python', 'saml', 'terraform']",On-site,IAM Engineer,Phenom
IAM Engineer,"['identity and access management (iam)', 'jira', 'okta', 'powershell', 'python', 'servicenow', 'shell scripting']",On-site,IAM Engineer,Miratech
IT Asset Management,['powershell'],Remote,IAM Engineer,ALTEN
IAM Engineer,"['hashicorp vault', 'incident response', 'powershell', 'python', 'saml']",On-site,IAM Engineer,La Fosse
Cloud Engineer,"['java', 'powershell', 'python', 'saml']",On-site,IAM Engineer,Stelfox Tech Recruitment
IAM Engineer,"['less', 'oauth 2.0', 'okta', 'openid connect', 'powershell', 'python', 'saml']",Hybrid,IAM Engineer,Universal Music Group UK
IAM Engineer,"['okta', 'openid connect', 'saml']",On-site,IAM Engineer,CBTW
IT Asset Management,"['aws iam', 'bash', 'openid connect', 'powershell', 'python', 'saml']",On-site,IAM Engineer,Fujitsu
IAM Engineer,"['foundation', 'identity and access management (iam)']",Hybrid,IAM Engineer,GCHQ
IAM Engineer,"['less', 'oauth 2.0', 'okta', 'openid connect', 'powershell', 'python', 'saml']",Hybrid,IAM Engineer,Universal Music Group
IAM Engineer,"['okta', 'powershell', 'servicenow', 'splunk']",Hybrid,IAM Engineer,Morningstar
IAM Engineer,"['foundation', 'identity and access management (iam)']",Hybrid,IAM Engineer,GCHQ
IT Asset Management,"['aws iam', 'crowdstrike', 'openid connect', 'powershell', 'saml', 'siem']",On-site,IAM Engineer,Cooley LLP
IAM Engineer,"['okta', 'phoenix', 'powershell']",Remote,IAM Engineer,Vitalant
IAM Engineer,"['aws iam', 'identity and access management (iam)', 'java', 'saml', 'scrum']",Hybrid,IAM Engineer,Us3 Consulting
IT Asset Management,"['identity and access management (iam)', 'java', 'load balancing', 'python', 'saml']",Hybrid,IAM Engineer,AXA
IAM Engineer,"['less', 'powershell', 'python', 'ssl/tls', 'terraform']",Hybrid,IAM Engineer,Universal Music Group UK
IAM Engineer,"['oauth 2.0', 'okta', 'saml', 'workday']",Hybrid,IAM Engineer,McAfee
IT Asset Management,"['identity and access management (iam)', 'java', 'python', 'saml']",Hybrid,IAM Engineer,AXA
IAM Engineer,"['mysql', 'python', 'ruby', 'sql', 'tableau']",Hybrid,IAM Engineer,Inetum
IAM Engineer,"['incident response', 'oauth 2.0', 'okta', 'openid connect', 'saml']",Hybrid,IAM Engineer,"Astra-North Infoteck Inc.  ~ Conquering today’s challenges, achieving tomorrow’s vision!"
IAM Engineer,"['foundation', 'identity and access management (iam)', 'jest', 'openid connect', 'powershell', 'python', 'saml', 'threat modeling']",On-site,IAM Engineer,Philip Morris International
IAM Engineer,"['openid connect', 'saml', 'siem', 'terraform']",On-site,IAM Engineer,Sygnum Bank
Cloud Engineer,"['identity and access management (iam)', 'microsoft azure']",Hybrid,IAM Engineer,Sound Credit Union
IT Asset Management,"['aws iam', 'bash', 'less', 'oauth 2.0', 'okta', 'openid connect', 'powershell', 'python', 'saml', 'terraform']",On-site,IAM Engineer,Allegiant
IAM Engineer,"['generative ai', 'oauth 2.0', 'openid connect', 'saml', 'zero trust architecture']",On-site,IAM Engineer,J&M Group
IAM Engineer,"['java', 'less', 'mysql', 'openid connect', 'saml', 'sql', 'servicenow', 'workday']",On-site,IAM Engineer,loanDepot
IAM Engineer,"['identity and access management (iam)', 'powershell', 'python']",On-site,IAM Engineer,MED-EL
IAM Engineer,"['ansible', 'devsecops', 'docker', 'git', 'github', 'github actions', 'helm', 'java', 'javascript', 'kubernetes', 'openid connect', 'python', 'ssl/tls', 'terraform']",Hybrid,IAM Engineer,SEB
IAM Engineer,"['openid connect', 'powershell', 'saml']",On-site,IAM Engineer,Valora Group
IAM Engineer,"['less', 'powershell', 'python', 'ssl/tls', 'terraform']",Hybrid,IAM Engineer,Universal Music Group
IT Asset Management,['identity and access management (iam)'],Hybrid,IAM Engineer,ERGO
IAM Engineer,"['docker', 'identity and access management (iam)', 'java', 'kubernetes', 'saml', 'typescript']",Hybrid,IAM Engineer,Bentley Systems
IAM Engineer,"['identity and access management (iam)', 'okta', 'saml']",On-site,IAM Engineer,fortil
IAM Engineer,"['less', 'workday']",Hybrid,IAM Engineer,Mass General Brigham
UX Researcher,"['generative ai', 'machine learning']",Hybrid,UX Researcher,Google DeepMind
UX Researcher,"['journey mapping', 'less', 'user research']",Remote,UX Researcher,For People
UX Researcher,['sql'],Remote,UX Researcher,Skydropx LATAM
UX Researcher,['usability testing'],On-site,UX Researcher,Jeeny
UX Researcher,"['figma', 'looker', 'tableau']",Hybrid,UX Researcher,Prex
UX Researcher,"['usability testing', 'user research']",On-site,UX Researcher,UX Labs
UX Researcher,['flutter'],Remote,UX Researcher,Flutter Brazil
UX Researcher,"['a/b testing', 'design systems', 'usability testing']",Remote,UX Researcher,iFIT
UX Researcher,['user research'],On-site,UX Researcher,UXR Hunt
UX Researcher,['foundation'],Remote,UX Researcher,Cohere
UX Researcher,"['usability testing', 'user research']",On-site,UX Researcher,JPMorganChase
UX Researcher,['looker'],Remote,UX Researcher,Môre
UX Researcher,['user research'],On-site,UX Researcher,UXR Hunt
UX Researcher,"['usability testing', 'user research']",Remote,UX Researcher,UX Labs
UX Researcher,['user research'],On-site,UX Researcher,User Research International
UX Researcher,"['usability testing', 'user research']",On-site,UX Researcher,Deltek
UX Researcher,['foundation'],Hybrid,UX Researcher,Keylane
UX Researcher,"['agile methodology', 'microsoft azure', 'user research']",Hybrid,UX Researcher,UXR Hunt
UX Researcher,['figma'],On-site,UX Researcher,Monsieur Guiz | Product Management & Design
UX Researcher,"['figma', 'usability testing', 'user research']",Remote,UX Researcher,Sanoma Learning
UX Researcher,['a/b testing'],Hybrid,UX Researcher,credsystem
UX Researcher,"['adobe xd', 'figma']",On-site,UX Researcher,Banca Transilvania
UX Researcher,"['scrum', 'statistical analysis', 'user research']",Remote,UX Researcher,Scalepex
UX Researcher,"['devsecops', 'gitlab', 'less']",Remote,UX Researcher,GitLab
UX Researcher,['confluence'],Hybrid,UX Researcher,Resmed
UX Researcher,"['phoenix', 'user research']",On-site,UX Researcher,UXR Hunt
UX Researcher,['notion'],Hybrid,UX Researcher,CITI
UX Researcher,"['azure devops', 'figma', 'jira', 'servicenow']",Hybrid,UX Researcher,BVA Bear's IT Solutions
UX Researcher,['power bi'],Hybrid,UX Researcher,Môre
UX Researcher,"['usability testing', 'user research']",Hybrid,UX Researcher,Axis
UX Researcher,['workday'],Hybrid,UX Researcher,Target
UX Researcher,['user research'],On-site,UX Researcher,UXR Hunt
UX Researcher,"['usability testing', 'user research']",Remote,UX Researcher,Avenga
UX Researcher,"['usability testing', 'user research']",On-site,UX Researcher,UXR Hunt
UX Researcher,['user research'],On-site,UX Researcher,Amazon
UX Researcher,"['figma', 'foundation', 'siem', 'usability testing', 'user research']",Remote,UX Researcher,SentinelOne
UX Researcher,"['figma', 'notion', 'usability testing', 'user research']",On-site,UX Researcher,Lollypop Design Studio
UX Researcher,"['generative ai', 'usability testing', 'user research']",Hybrid,UX Researcher,LexisNexis
UX Researcher,"['generative ai', 'machine learning', 'user research']",On-site,UX Researcher,UXR Hunt
Interaction Designer,"['design systems', 'figma', 'usability testing', 'user research']",Hybrid,Interaction Designer,Yolk Recruitment Ltd
Interaction Designer,['figma'],Hybrid,Interaction Designer,A1
Interaction Designer,"['design systems', 'foundation']",On-site,Interaction Designer,Halliburton
Interaction Designer,"['javascript', 'less']",Remote,Interaction Designer,Public Sector Resourcing
Interaction Designer,"['devsecops', 'java', 'javascript', 'scala', 'scrum']",Remote,Interaction Designer,Stealth iT Consulting
Interaction Designer,"['figma', 'foundation', 'jira', 'user research']",Hybrid,Interaction Designer,Nokia
Interaction Designer,"['design systems', 'figma', 'html5', 'javascript', 'level design', 'outsystems', 'snowflake']",Hybrid,Interaction Designer,Version 1
Interaction Designer,"['design systems', 'devsecops', 'docker', 'figma', 'foundation', 'gitlab', 'java', 'jira', 'kubernetes', 'python', 'user research']",Hybrid,Interaction Designer,Nokia
Interaction Designer,"['figma', 'outsystems', 'snowflake', 'user research']",Hybrid,Interaction Designer,Version 1
Interaction Designer,['user research'],Hybrid,Interaction Designer,Opencast | B Corp™
Interaction Designer,"['digital forensics', 'incident response']",Remote,Interaction Designer,AiiR Response
Interaction Designer,"['agile methodology', 'less']",Hybrid,Interaction Designer,Amber Labs
Interaction Designer,"['figma', 'usability testing', 'user research']",On-site,Interaction Designer,Scrumconnect Consulting
Interaction Designer,['figma'],On-site,Interaction Designer,hackajob
Interaction Designer,"['adobe xd', 'agile methodology', 'figma', 'sketch', 'user research', 'visual design']",Hybrid,Interaction Designer,Amber Labs
Interaction Designer,"['foundation', 'user research']",On-site,Interaction Designer,Google
Interaction Designer,"['figma', 'outsystems', 'snowflake', 'user research']",Hybrid,Interaction Designer,Version 1
Interaction Designer,['design systems'],On-site,Interaction Designer,Google
Interaction Designer,"['design systems', 'figma', 'visual design']",On-site,Interaction Designer,Prime Video & Amazon MGM Studios
Interaction Designer,"['design systems', 'figma', 'sketch']",On-site,Interaction Designer,Google
Interaction Designer,['visual design'],On-site,Interaction Designer,Google
Interaction Designer,"['design systems', 'visual design']",On-site,Interaction Designer,Google
Interaction Designer,"['design systems', 'figma', 'foundation', 'sketch', 'visual design']",On-site,Interaction Designer,Google
Technical Writer,"['fortinet', 'git', 'incident response', 'jira']",Remote,Technical Writer,Nozomi Networks
Technical Writer,"['git', 'user research']",Hybrid,Technical Writer,Propel
Technical Writer,"['swagger/openapi', 'technical writing']",On-site,Technical Writer,Weekday AI (YC W21)
Technical Writer,"['jira', 'technical writing']",On-site,Technical Writer,Mindteck
Technical Writer,['technical writing'],Remote,Technical Writer,Prana Comunicación
Technical Writer,['technical writing'],Remote,Technical Writer,Precondo
Technical Writer,"['confluence', 'scrum', 'technical writing']",Hybrid,Technical Writer,Worldline
Technical Writer,['technical writing'],On-site,Technical Writer,"Gromelski & Associates, Inc."
Technical Writer,"['git', 'incident response', 'jira']",Remote,Technical Writer,Nozomi Networks
Technical Writer,"['jira', 'notion', 'technical writing']",Remote,Technical Writer,Rithum
Technical Writer,"['foundation', 'technical writing']",Remote,Technical Writer,Management Solutions
Technical Writer,"['confluence', 'figma', 'notion', 'technical writing']",On-site,Technical Writer,Unframe
Technical Writer,"['git', 'incident response', 'jira']",Remote,Technical Writer,Nozomi Networks
Technical Writer,"['confluence', 'devsecops', 'jira', 'machine learning', 'technical writing']",Remote,Technical Writer,VetsEZ
Technical Writer,['less'],Hybrid,Technical Writer,TekSynap
Technical Writer,['technical writing'],Hybrid,Technical Writer,OnTarget Communications
Technical Writer,['technical writing'],On-site,Technical Writer,Marotta Controls
Technical Writer,"['confluence', 'jira', 'notion']",Hybrid,Technical Writer,eTeam
Technical Writer,['technical writing'],On-site,Technical Writer,"Teligent Systems, Inc."
Technical Writer,['technical writing'],On-site,Technical Writer,VOLTO Consulting
Technical Writer,"['github', 'scrum', 'technical writing']",On-site,Technical Writer,Verint Financial Compliance
Technical Writer,"['couchbase', 'foundation', 'git', 'github', 'less', 'python', 'technical writing']",On-site,Technical Writer,Couchbase
Technical Writer,['user research'],Hybrid,Technical Writer,Searchability NS&D
Technical Writer,['technical writing'],Remote,Technical Writer,"DirectViz Solutions, LLC"
Technical Writer,"['confluence', 'git', 'kubernetes', 'notion']",Hybrid,Technical Writer,Era4
Technical Writer,"['scrum', 'woocommerce']",On-site,Technical Writer,EBizCharge
Technical Writer,"['azure devops', 'confluence', 'technical writing']",Remote,Technical Writer,SSC HR Solutions
Technical Writer,['technical writing'],On-site,Technical Writer,Accenture Federal Services
Technical Writer,['technical writing'],On-site,Technical Writer,Trident
Technical Writer,"['git', 'user research']",On-site,Technical Writer,Checkout.com
Technical Writer,['technical writing'],Hybrid,Technical Writer,TOMRA
Information Architect,"['data mining', 'web scraping']",On-site,Information Architect,Strong Vision Data Processing
Information Architect,['user research'],Remote,Information Architect,Agilent Technologies
Information Architect,['snowflake'],Hybrid,Information Architect,Jet2.com and Jet2holidays
Information Architect,"['figma', 'foundation', 'incident response', 'power bi', 'python', 'tableau']",Hybrid,Information Architect,Entergy
Information Architect,['data lakes'],Hybrid,Information Architect,Ventula Consulting
Information Architect,"['aws lambda', 'data warehousing', 'git', 'gitlab', 'gitlab ci/cd', 'jira', 'postgresql', 'python', 'snowflake']",Hybrid,Information Architect,Roche
Information Architect,"['cassandra', 'soap']",Hybrid,Information Architect,Elevance Health
Information Architect,"['data modeling', 'generative ai', 'large language models (llms)', 'machine learning']",Hybrid,Information Architect,Roche
Information Architect,"['data modeling', 'data warehousing', 'sql']",Remote,Information Architect,GE Vernova
Information Architect,"['foundation', 'rag (retrieval-augmented generation)']",Remote,Information Architect,Docusign
Information Architect,"['data modeling', 'devsecops', 'git', 'graphql', 'large language models (llms)', 'machine learning', 'python', 'sql']",Hybrid,Information Architect,Aquent
Chief Technology Officer,['woocommerce'],On-site,Chief Technology Officer,UniSouk
Chief Technology Officer,"['docker', 'kubernetes', 'python']",Remote,Chief Technology Officer,numi
Chief Technology Officer,"['mongodb', 'sql']",Hybrid,Chief Technology Officer,Synaxia Group
Chief Technology Officer,['foundation'],On-site,Chief Technology Officer,Scientis Search Ltd
Chief Technology Officer,"['python', 'typescript']",Hybrid,Chief Technology Officer,Reforge Recruitment & Consultancy
Chief Technology Officer,['foundation'],Remote,Chief Technology Officer,Green.Earth
Chief Technology Officer,"['foundation', 'machine learning']",Hybrid,Chief Technology Officer,FutureLog AG
Chief Technology Officer,['chef'],On-site,Chief Technology Officer,Øland
Chief Technology Officer,"['github', 'phoenix', 'prompt engineering']",Hybrid,Chief Technology Officer,Wilmington plc
Chief Technology Officer,['machine learning'],Remote,Chief Technology Officer,Overstory
Chief Technology Officer,['generative ai'],On-site,Chief Technology Officer,Clark Construction Group
Chief Technology Officer,['foundation'],On-site,Chief Technology Officer,Kanz
Chief Technology Officer,['computer vision'],Remote,Chief Technology Officer,Legacybox
Chief Technology Officer,"['less', 'sql', 'typescript']",On-site,Chief Technology Officer,360Player
Chief Technology Officer,"['computer vision', 'machine learning']",On-site,Chief Technology Officer,IR Search BV
Chief Technology Officer,"['incident response', 'penetration testing', 'threat modeling']",Hybrid,Chief Technology Officer,Growth Signals
Chief Technology Officer,['foundation'],On-site,Chief Technology Officer,CareerWellness
Chief Technology Officer,['foundation'],Remote,Chief Technology Officer,BJAK
Chief Technology Officer,"['foundation', 'incident response']",Hybrid,Chief Technology Officer,Big Blue Swim School
Chief Information Officer,"['cobit', 'incident response']",On-site,Chief Information Officer,ByteDance
Chief Information Officer,"['foundation', 'outsystems']",On-site,Chief Information Officer,Confidential
Chief Information Officer,['foundation'],On-site,Chief Information Officer,Virtucruit
Chief Information Officer,"['incident response', 'servicenow']",On-site,Chief Information Officer,UCHealth
Chief Information Officer,['microsoft azure'],On-site,Chief Information Officer,SmartStop Self Storage
Chief Information Officer,"['foundation', 'sql', 'workday']",On-site,Chief Information Officer,Jaiz Bank Plc
Chief Information Officer,['foundation'],On-site,Chief Information Officer,BALFIN Group
Chief Information Officer,"['foundation', 'incident response', 'workday']",On-site,Chief Information Officer,Inside Higher Ed
Chief Information Officer,"['devsecops', 'generative ai', 'large language models (llms)', 'mlops']",Hybrid,Chief Information Officer,Optum
Chief Information Officer,['incident response'],On-site,Chief Information Officer,Midwestern University
Chief Information Officer,['workday'],On-site,Chief Information Officer,Marymount University
Chief Information Officer,['monday.com'],Hybrid,Chief Information Officer,abra
Chief Information Officer,['foundation'],On-site,Chief Information Officer,Research Compliance Office of the Texas A&M University System
Chief Information Officer,['php'],On-site,Chief Information Officer,Grand Rapids Community College
Chief Information Officer,['workday'],Remote,Chief Information Officer,"CampusWorks, Inc."
Chief Information Officer,"['docker', 'incident response', 'jenkins', 'kubernetes', 'oracle database', 'php', 'sql']",On-site,Chief Information Officer,The Education University of Hong Kong
Data Engineer,"['data warehousing', 'databricks', 'docker', 'generative ai', 'kubernetes', 'langchain', 'llamaindex', 'mlops', 'mlflow', 'machine learning', 'pytorch', 'python', 'sql', 'snowflake', 'tensorflow']",Hybrid,VP of Engineering,The Digital Recruitment Company
VP of Engineering,['devsecops'],Hybrid,VP of Engineering,Kuda
VP of Engineering,"['computer vision', 'less', 'machine learning', 'mongodb']",Hybrid,VP of Engineering,Viam
VP of Engineering,['foundation'],Remote,VP of Engineering,Mimica
VP of Engineering,"['angular', 'appium', 'cypress', 'incident response', 'kotlin', 'playwright', 'swift']",Remote,VP of Engineering,Bankjoy
VP of Engineering,"['foundation', 'less']",Remote,VP of Engineering,Counterpart
VP of Engineering,['machine learning'],Remote,VP of Engineering,BJAK
VP of Engineering,"['docker', 'foundation', 'kubernetes', 'mongodb', 'next.js', 'node.js', 'react native', 'traefik']",Remote,VP of Engineering,vivenu
VP of Engineering,['microservices architecture'],On-site,VP of Engineering,Standard Chartered
VP of Engineering,['workday'],Remote,VP of Engineering,League
VP of Engineering,['foundation'],Remote,VP of Engineering,Mapbox
VP of Engineering,"['angular', 'databricks', 'less', 'prompt engineering', 'redis', 'sql', 'snowflake']",On-site,VP of Engineering,Barclays
VP of Engineering,['foundation'],On-site,VP of Engineering,Standard Chartered
VP of Engineering,['databricks'],On-site,VP of Engineering,"Vizient, Inc"
VP of Engineering,['foundation'],Hybrid,VP of Engineering,Standard Chartered
VP of Engineering,"['edge computing', 'generative ai', 'phoenix']",Hybrid,VP of Engineering,Andiamo
Engineering Manager,['machine learning'],Remote,Engineering Manager,Jobgether
Engineering Manager,"['c++', 'cassandra', 'java', 'kubernetes', 'machine learning', 'scala']",On-site,Engineering Manager,Apple
Engineering Manager,"['docker', 'github', 'github actions', 'gitlab', 'gitlab ci/cd', 'javascript', 'kubernetes', 'microservices architecture', 'node.js', 'typescript']",On-site,Engineering Manager,Comviva
Engineering Manager,"['design systems', 'javascript', 'typescript', 'visual design']",On-site,Engineering Manager,Wand AI
Engineering Manager,"['ruby', 'ruby on rails', 'scrum']",Remote,Engineering Manager,Jobgether
Engineering Manager,"['incident response', 'scrum']",On-site,Engineering Manager,TALENTMATE
Engineering Manager,"['aws lambda', 'azure devops', 'azure functions', 'c#', 'data warehousing', 'docker', 'dynamodb', 'github', 'github actions', 'graphql', 'jenkins', 'kubernetes', 'microservices architecture', 'microsoft azure', 'mongodb', 'openid connect', 'postgresql', 'python', 'restful apis', 'rabbitmq', 'sql', 'sagemaker', 'snowflake', 'terraform', 'websockets']",Remote,Engineering Manager,Neuroniks
Engineering Manager,"['cassandra', 'circleci', 'docker', 'github', 'github actions', 'gitlab', 'gitlab ci/cd', 'grafana', 'javascript', 'kubernetes', 'microservices architecture', 'mongodb', 'node.js', 'prometheus', 'typescript']",On-site,Engineering Manager,Comviva
Machine Learning Engineer,"['c++', 'generative ai', 'java', 'machine learning', 'python', 'recommendation systems', 'sql', 'snowflake']",On-site,Engineering Manager,Apple
Engineering Manager,"['incident response', 'react native']",On-site,Engineering Manager,Givers
Engineering Manager,"['azure devops', 'databricks', 'docker', 'foundation', 'kubernetes', 'python', 'sql']",Remote,Engineering Manager,"MediaRadar, Inc."
Engineering Manager,"['etl/elt pipelines', 'prompt engineering', 'python', 'sql']",Remote,Engineering Manager,Blend
Engineering Manager,"['a/b testing', 'python']",Hybrid,Engineering Manager,Dailymotion
Engineering Manager,"['bgp', 'dhcp', 'fortinet', 'ospf', 'sd-wan']",Hybrid,Engineering Manager,Platform Recruitment
Engineering Manager,"['angular', 'apache kafka', 'docker', 'java', 'kubernetes', 'microservices architecture', 'rxjs', 'sql', 'scrum', 'spring boot', 'typescript']",On-site,Engineering Manager,Comviva
Platform Engineer,"['data modeling', 'etl/elt pipelines', 'javascript', 'machine learning', 'node.js', 'react.js']",Remote,Engineering Manager,Jobgether
Engineering Manager,['sql'],Hybrid,Engineering Manager,Evoca Group
Engineering Manager,"['incident response', 'java', 'python', 'soap', 'scrum']",Hybrid,Engineering Manager,APEXX Global
Engineering Manager,['less'],On-site,Engineering Manager,Inovalon
Engineering Manager,"['databricks', 'python', 'soap', 'sql']",On-site,Engineering Manager,Blend
Engineering Manager,"['angular', 'azure devops', 'azure functions', 'c#', 'devsecops', 'less', 'mongodb', 'postgresql', 'rabbitmq', 'sql', 'scrum', 'typescript']",On-site,Engineering Manager,ValGenesis
Engineering Manager,"['git', 'java', 'jenkins', 'kubernetes', 'python', 'grpc']",On-site,Engineering Manager,Esper
Engineering Manager,"['foundation', 'machine learning']",On-site,Engineering Manager,Froda
Engineering Manager,"['javascript', 'kanban', 'kubernetes', 'php', 'scrum', 'typescript']",Remote,Engineering Manager,i6 Group
Software Development Manager,"['data mining', 'java', 'machine learning', 'scrum', 'spring boot', 'spring cloud']",On-site,Engineering Manager,Yapı Kredi Teknoloji
Engineering Manager,['scrum'],Remote,Engineering Manager,DigitalTolk
Analytics Engineer,"['data modeling', 'python', 'sql']",Hybrid,Engineering Manager,Mars
Engineering Manager,"['kicad', 'sketch']",On-site,Engineering Manager,Paddington Robotics
Engineering Manager,['rust'],On-site,Engineering Manager,Apple
Engineering Manager,"['mongodb', 'python', 'typescript']",Remote,Engineering Manager,Rebel Recruiting
Engineering Manager,"['databricks', 'deep learning', 'mlops', 'mlflow', 'machine learning', 'pytorch', 'scikit-learn', 'tensorflow', 'xgboost']",Remote,Engineering Manager,Jobgether
Engineering Manager,"['fastapi', 'foundation', 'langchain', 'less', 'pinecone', 'prompt engineering', 'python', 'weaviate']",On-site,Engineering Manager,Zimyo
Engineering Manager,['a/b testing'],On-site,Engineering Manager,Cvent
Engineering Manager,"['design systems', 'graphql', 'javascript', 'typescript']",On-site,Engineering Manager,Wand AI
Engineering Manager,"['looker', 'snowflake']",Hybrid,Engineering Manager,Zego
Engineering Manager,"['python', 'sql']",On-site,Engineering Manager,Weekday AI (YC W21)
Engineering Manager,"['mongodb', 'next.js', 'node.js', 'python', 'react native', 'recommendation systems', 'typescript']",Remote,Engineering Manager,Kenkeputa
Engineering Manager,"['a/b testing', 'javascript', 'sql']",Remote,Engineering Manager,Jobgether
Engineering Manager,['generative ai'],Hybrid,Engineering Manager,Paves Technologies
Software Development Manager,"['c++', 'python']",Remote,Software Development Manager,Kepler Communications Inc.
Software Development Manager,['python'],Hybrid,Software Development Manager,Bruin
Software Development Manager,"['docker', 'redis', 'sql']",Remote,Software Development Manager,"Aqua Finance, Inc."
Software Development Manager,"['foundation', 'generative ai', 'machine learning', 'microservices architecture', 'scrum']",On-site,Software Development Manager,Mapa Group
Software Development Manager,"['agile methodology', 'angular', 'c#', 'java', 'javascript', 'rabbitmq', 'soap', 'sql', 'typescript']",On-site,Software Development Manager,Axos Bank
Software Development Manager,"['cypress', 'dart', 'flutter', 'git', 'html5', 'junit', 'java', 'javascript', 'jest', 'kotlin', 'microsoft azure', 'mongodb', 'mysql', 'soap', 'sql', 'spring boot', 'swift', 'typescript']",On-site,Software Development Manager,SCB TechX
Software Development Manager,"['azure devops', 'c#', 'jira', 'microsoft azure', 'scrum']",Hybrid,Software Development Manager,Pico Technology
Software Development Manager,['less'],Hybrid,Software Development Manager,Capitec
Software Development Manager,"['foundation', 'scrum']",On-site,Software Development Manager,Goodville Mutual Casualty Company
Software Development Manager,['scrum'],Hybrid,Software Development Manager,Circle K
Software Development Manager,"['java', 'javascript', 'python', 'ruby', 'ruby on rails']",On-site,Software Development Manager,"Digital Factory, Inc."
Software Development Manager,"['angular', 'azure devops', 'c#', 'docker', 'git', 'javascript', 'kubernetes', 'mysql', 'redis', 'sql', 'scrum', 'typescript']",Hybrid,Software Development Manager,TaxSlayer
Software Development Manager,"['java', 'less', 'python', 'scrum']",On-site,Software Development Manager,Ormco
Software Development Manager,"['confluence', 'java', 'javascript', 'jira', 'postgresql', 'sql']",Hybrid,Software Development Manager,IBM
Software Development Manager,"['angular', 'c#', 'sql', 'scrum']",Remote,Software Development Manager,Andromeda Systems Incorporated
Software Development Manager,"['kanban', 'scrum']",Hybrid,Software Development Manager,Newcastle Building Society
Software Development Manager,"['incident response', 'java', 'kanban', 'python', 'ruby', 'ruby on rails', 'scrum']",On-site,Software Development Manager,Oliver James
Software Development Manager,"['azure devops', 'java', 'jira', 'oracle database', 'sql']",On-site,Software Development Manager,Trellint
Software Development Manager,"['c++', 'java', 'scrum']",On-site,Software Development Manager,Ormco
Software Development Manager,"['python', 'scrum']",Hybrid,Software Development Manager,Filinvest Development Corporation
Software Development Manager,"['c#', 'sql']",Hybrid,Software Development Manager,Anchor
Software Development Manager,"['angular', 'c#', 'sql', 'scrum']",On-site,Software Development Manager,Andromeda Systems Incorporated
Software Development Manager,"['circleci', 'docker', 'github', 'github actions', 'incident response', 'kubernetes', 'next.js']",Hybrid,Software Development Manager,Stoke Space
Software Development Manager,['less'],On-site,Software Development Manager,Pelican Events & Catering
Software Development Manager,"['java', 'soap', 'sql']",On-site,Software Development Manager,"Solera Holdings, LLC."
Software Development Manager,"['devsecops', 'kanban', 'kubernetes', 'servicenow', 'terraform']",Remote,Software Development Manager,Chabre
Software Development Manager,"['asp.net core', 'c#', 'sql']",On-site,Software Development Manager,Shipcom
Software Development Manager,"['foundation', 'python', 'ruby', 'ruby on rails']",Hybrid,Software Development Manager,Clio
Software Development Manager,"['dynamodb', 'foundation', 'java', 'javascript', 'react native', 'spring boot']",Hybrid,Software Development Manager,MarginEdge
Software Development Manager,"['elasticsearch', 'express.js', 'javascript', 'kubernetes', 'memcached', 'mongodb', 'next.js', 'postgresql', 'redis', 'sql', 'scrum', 'typescript']",Hybrid,Software Development Manager,Upstream
Software Development Manager,"['c#', 'java']",On-site,Software Development Manager,"Autonomous Solutions, Inc. (ASI)"
Software Development Manager,"['devsecops', 'scrum']",On-site,Software Development Manager,Hansen Technologies
Software Development Manager,"['asp.net core', 'angular', 'c#', 'dynamodb', 'github', 'incident response', 'power bi', 'python', 'restful apis', 'sql']",Remote,Software Development Manager,Clario
Software Development Manager,['c++'],On-site,Software Development Manager,DeepSight Technology
Software Development Manager,['scrum'],On-site,Software Development Manager,Translation Empire PK
Software Development Manager,"['c++', 'edge computing', 'git', 'java', 'jira', 'rust']",Hybrid,Software Development Manager,Nanometrics Inc.
Software Development Manager,"['c#', 'c++', 'java', 'sql']",On-site,Software Development Manager,"Autonomous Solutions, Inc. (ASI)"
Software Development Manager,"['agile methodology', 'angular', 'c#', 'java', 'javascript', 'rabbitmq', 'soap', 'sql', 'typescript']",On-site,Software Development Manager,Axos Bank
IT Director,['incident response'],On-site,IT Director,LEGO Digital Play
IT Director,"['informatica', 'microsoft azure']",Hybrid,IT Director,Techyon
IT Director,"['power bi', 'tableau']",Hybrid,IT Director,Mediance
IT Director,['devsecops'],Hybrid,IT Director,Marsh
IT Director,"['a/b testing', 'foundation', 'kanban', 'scrum']",Hybrid,IT Director,Eurofins
IT Director,"['incident response', 'sql']",On-site,IT Director,Lynn County Healthcare System
IT Director,['phoenix'],On-site,IT Director,Western Alliance Bank
IT Director,['incident response'],On-site,IT Director,Cloud Imperium Games
IT Director,['foundation'],Hybrid,IT Director,J&T Business Consulting
IT Director,['incident response'],On-site,IT Director,South Carolina Treasurer's Office
IT Director,['incident response'],On-site,IT Director,Lake County Government
IT Director,"['incident response', 'php']",Hybrid,IT Director,University of Utah
IT Director,['rust'],On-site,IT Director,Top of Minds
IT Director,['foundation'],On-site,IT Director,V2X Inc
IT Director,['yolo'],On-site,IT Director,Northern Valley Indian Health
IT Director,"['devsecops', 'less', 'mlops', 'serverless architecture']",Hybrid,IT Director,Johnson & Johnson Innovative Medicine
IT Director,['prompt engineering'],On-site,IT Director,Confidential
IT Director,['incident response'],On-site,IT Director,Innovative Ag Services
IT Director,['incident response'],On-site,IT Director,Broadway National Group
IT Director,"['incident response', 'microsoft azure']",On-site,IT Director,Benchmark IT - Technology Talent
IT Director,"['cobit', 'foundation', 'incident response']",Hybrid,IT Director,State Bar of California
IT Infrastructure Engineer,"['dhcp', 'fortinet', 'penetration testing', 'powershell', 'siem', 'sql']",On-site,IT Director,Pivotal Solutions
IT Operations,['servicenow'],Hybrid,IT Director,KLA
Solutions Architect,"['asana', 'monday.com']",Remote,Solutions Architect,Symplast
Solutions Architect,"['amazon web services (aws)', 'databricks', 'machine learning', 'python', 'sql', 'snowflake']",Hybrid,Solutions Architect,Michael James Associates
Solutions Architect,['microsoft dynamics 365'],Remote,Solutions Architect,Langham Recruitment
Solutions Architect,"['django', 'docker', 'fastapi', 'flask', 'kubernetes', 'node.js', 'python', 'restful apis', 'rust', 'sagemaker']",Remote,Solutions Architect,Jobgether
Solutions Architect,"['data warehousing', 'soap']",Remote,Solutions Architect,memoryBlue
Solutions Architect,['keras'],On-site,Solutions Architect,Kelax Solutions Pvt. Ltd.
Solutions Architect,"['data modeling', 'heroku', 'javascript', 'sql']",Remote,Solutions Architect,Jobgether
Solutions Architect,"['data warehousing', 'databricks', 'machine learning', 'python', 'sql', 'snowflake', 'teradata']",Remote,Solutions Architect,"Squadron Data, Inc."
Solutions Architect,"['power bi', 'sql']",Hybrid,Solutions Architect,Otel AI
Solutions Architect,"['amazon web services (aws)', 'devsecops', 'microsoft dynamics 365']",On-site,Solutions Architect,Astra Financial Indonesia
Solutions Architect,"['palo alto networks', 'sd-wan']",Remote,Solutions Architect,Insight Global
Solutions Architect,"['mulesoft', 'soap']",Hybrid,Solutions Architect,Engage People Recruitment
Solutions Architect,"['microsoft azure', 'sql']",Hybrid,Solutions Architect,Propel
Solutions Architect,['scrum'],Remote,Solutions Architect,La Fosse
Solutions Architect,['saml'],Remote,Solutions Architect,CoverGo | Insurtech
Solutions Architect,['level design'],Remote,Solutions Architect,Investigo
Solutions Architect,"['ansible', 'fortinet', 'mlops', 'machine learning', 'python', 'sd-wan', 'siem', 'terraform']",Remote,Solutions Architect,Hamilton Barnes 🌳
Solutions Architect,"['digital forensics', 'langchain', 'penetration testing']",Remote,Solutions Architect,InfoSec People Ltd
Solutions Architect,['large language models (llms)'],Remote,Solutions Architect,ReSource Pro
AWS Solutions Architect,"['aws cdk', 'aws lambda', 'machine learning', 'python', 'terraform']",On-site,Solutions Architect,Daythree
Solutions Architect,"['databricks', 'generative ai', 'mlops']",On-site,Solutions Architect,Syngenta
Solutions Architect,"['python', 'workday']",Remote,Solutions Architect,TALENTMATE
Solutions Architect,"['power bi', 'sql']",Remote,Solutions Architect,eSoftware Associates Inc (ESW)
Solutions Architect,"['edge computing', 'foundation', 'mlops', 'machine learning', 'python', 'typescript']",Remote,Solutions Architect,Auterra Studio
Solutions Architect,"['langchain', 'natural language processing (nlp)', 'prompt engineering']",Remote,Solutions Architect,Hinshaw & Culbertson LLP
Solutions Architect,['prompt engineering'],Remote,Solutions Architect,Wisenbaker Builder Services
Solutions Architect,"['data lakes', 'dynamodb', 'feature engineering', 'generative ai', 'less', 'mlops', 'sagemaker']",Remote,Solutions Architect,RevStar
Solutions Architect,"['asana', 'monday.com']",Remote,Solutions Architect,HRBaires
Solutions Architect,"['amazon web services (aws)', 'load balancing', 'python', 'sagemaker']",Remote,Solutions Architect,CirrusHQ
Solutions Architect,['technical writing'],Remote,Solutions Architect,Soilair Selection
Pre-Sales Engineer,"['alteryx', 'automation anywhere', 'computer vision', 'data mining', 'informatica', 'machine learning', 'tableau', 'teradata']",On-site,Pre-Sales Engineer,Master Works
Pre-Sales Engineer,['generative ai'],Hybrid,Pre-Sales Engineer,Pathway
Pre-Sales Engineer,"['javascript', 'restful apis', 'sql']",Remote,Pre-Sales Engineer,SHIELD
Pre-Sales Engineer,"['less', 'penetration testing']",Remote,Pre-Sales Engineer,Focus Group
Pre-Sales Engineer,"['alteryx', 'automation anywhere', 'computer vision', 'data mining', 'informatica', 'machine learning', 'tableau', 'teradata']",Remote,Pre-Sales Engineer,Master Works
Pre-Sales Engineer,"['python', 'sql']",Remote,Pre-Sales Engineer,duvo.ai
Pre-Sales Engineer,"['foundation', 'less']",Hybrid,Pre-Sales Engineer,Telepatia AI
Pre-Sales Engineer,"['devsecops', 'siem']",Hybrid,Pre-Sales Engineer,Secure Network Solutions India Private Limited
Solutions Architect,['dhcp'],Remote,Pre-Sales Engineer,Barracuda
Pre-Sales Engineer,"['argocd', 'datadog', 'dynatrace', 'foundation', 'github', 'github actions', 'gitlab', 'junit', 'jenkins', 'kotlin', 'python', 'splunk']",Remote,Pre-Sales Engineer,Gradle Technologies
Pre-Sales Engineer,"['python', 'sql']",Remote,Pre-Sales Engineer,duvo.ai
Pre-Sales Engineer,"['foundation', 'grafana', 'kubernetes', 'openstack', 'prometheus']",Remote,Pre-Sales Engineer,Whitestack
Pre-Sales Engineer,"['generative ai', 'graphql', 'large language models (llms)', 'oauth 2.0', 'prompt engineering']",On-site,Pre-Sales Engineer,Uniphore
Pre-Sales Engineer,['git'],On-site,Pre-Sales Engineer,Ajax Systems
Pre-Sales Engineer,"['cryptography', 'docker', 'kubernetes', 'less', 'microsoft azure', 'openid connect', 'saml', 'windows server administration']",Hybrid,Pre-Sales Engineer,Thales
Pre-Sales Engineer,['power bi'],Hybrid,Pre-Sales Engineer,JBT Marel
Pre-Sales Engineer,['python'],On-site,Pre-Sales Engineer,Formlabs
Pre-Sales Engineer,"['penetration testing', 'siem']",Hybrid,Pre-Sales Engineer,"WEI (Worldcom Exchange, Inc.)"
Pre-Sales Engineer,['jest'],On-site,Pre-Sales Engineer,Dahua Technology Poland
Pre-Sales Engineer,"['foundation', 'jest']",Remote,Pre-Sales Engineer,Endego
Pre-Sales Engineer,['fortinet'],On-site,Pre-Sales Engineer,nx
Pre-Sales Engineer,['soc operations'],On-site,Pre-Sales Engineer,AccountabilIT
Pre-Sales Engineer,"['bgp', 'bash', 'cryptography', 'foundation', 'generative ai', 'ids/ips', 'kubernetes', 'less', 'php', 'python', 'soap', 'ssl/tls']",Hybrid,Pre-Sales Engineer,Thales
Pre-Sales Engineer,['jest'],On-site,Pre-Sales Engineer,Dahua Technology Poland
Technical Account Manager,['less'],Remote,Technical Account Manager,Accelero
Technical Account Manager,"['crowdstrike', 'databricks', 'okta', 'siem', 'servicenow', 'snowflake']",Remote,Technical Account Manager,Obsidian Security
Technical Account Manager,"['foundation', 'machine learning', 'python']",Hybrid,Technical Account Manager,Neural Concept
Technical Account Manager,"['foundation', 'okta']",Remote,Technical Account Manager,Weekday AI (YC W21)
Technical Account Manager,['foundation'],Remote,Technical Account Manager,HostPapa
Technical Account Manager,"['postman', 'soap']",Remote,Technical Account Manager,FinteqHub
Technical Account Manager,"['chef', 'datadog', 'docker', 'gitlab', 'javascript', 'jenkins', 'kubernetes', 'php', 'perl', 'puppet', 'python', 'ruby']",Hybrid,Technical Account Manager,Datadog
Technical Account Manager,['dhcp'],Remote,Technical Account Manager,Claroty
Technical Account Manager,['sql'],Remote,Technical Account Manager,Mindbody
Technical Account Manager,['phoenix'],Remote,Technical Account Manager,Oasis Security
Technical Account Manager,['foundation'],Remote,Technical Account Manager,Nue.io
Technical Account Manager,"['sql', 'servicenow']",On-site,Technical Account Manager,FunnelCake
Technical Account Manager,"['soap', 'sql']",Hybrid,Technical Account Manager,WebBeds
Technical Account Manager,"['ansible', 'chef', 'docker', 'git', 'kubernetes', 'linux system administration', 'puppet']",Remote,Technical Account Manager,Red Hat
Technical Account Manager,['jira'],On-site,Technical Account Manager,LRN
Technical Account Manager,"['foundation', 'incident response']",Hybrid,Technical Account Manager,Harvey
Technical Account Manager,['jira'],Remote,Technical Account Manager,RegEd
Technical Account Manager,"['sql', 'servicenow']",Remote,Technical Account Manager,FunnelCake
Technical Account Manager,['edge computing'],Remote,Technical Account Manager,Arista Networks
Technical Account Manager,"['computer vision', 'jira', 'machine learning']",Hybrid,Technical Account Manager,Chooch AI
Technical Account Manager,['foundation'],On-site,Technical Account Manager,CIO Technology Solutions
Technical Account Manager,['sql'],Remote,Technical Account Manager,US CLOUD: Microsoft Premier/Unified Support Alternative
Technical Account Manager,"['javascript', 'looker']",Remote,Technical Account Manager,Adelaide
Technical Account Manager,"['javascript', 'oauth 2.0', 'saml', 'sql']",Hybrid,Technical Account Manager,Docebo
Technical Account Manager,"['foundation', 'java', 'jira', 'kotlin', 'swift']",Remote,Technical Account Manager,Glia
Technical Account Manager,"['looker', 'sql', 'tableau']",Remote,Technical Account Manager,CloudZero
Technical Account Manager,['vite'],Hybrid,Technical Account Manager,Xelians
Technical Account Manager,['sql'],Remote,Technical Account Manager,Modern Treasury
Technical Account Manager,"['a/b testing', 'jira']",On-site,Technical Account Manager,DataBeat.io Media
Technical Account Manager,"['incident response', 'javascript', 'mongodb', 'mysql', 'nginx', 'node.js', 'postgresql', 'postman', 'python', 'soap']",Remote,Technical Account Manager,Jobgether
Technical Account Manager,['incident response'],Remote,Technical Account Manager,RapidSOS
Technical Account Manager,"['edge computing', 'kubernetes', 'sd-wan']",Remote,Technical Account Manager,Armada
IT Auditor,"['cobit', 'sql']",On-site,IT Auditor,SILAC Insurance Company
IT Auditor,"['cobit', 'github', 'javascript', 'python', 'qlikview', 'sql', 'tableau']",On-site,IT Auditor,Deloitte
IT Auditor,"['alteryx', 'jira', 'sql', 'servicenow', 'tableau']",On-site,IT Auditor,Travel + Leisure Co.
IT Auditor,['less'],Hybrid,IT Auditor,Deloitte
IT Auditor,"['cobit', 'phoenix', 'sql']",Remote,IT Auditor,Progressive Leasing
IT Auditor,['informatica'],Hybrid,IT Auditor,Newtone
IT Auditor,['python'],Remote,IT Auditor,A-LIGN
IT Auditor,"['cobit', 'github', 'javascript', 'python', 'qlikview', 'sql', 'tableau']",Hybrid,IT Auditor,Deloitte
IT Auditor,['cobit'],On-site,IT Auditor,Royal Caribbean Group
IT Auditor,['cobit'],On-site,IT Auditor,Jabil
IT Auditor,['cobit'],On-site,IT Auditor,K&H Csoport
IT Auditor,['jenkins'],On-site,IT Auditor,Mauldin & Jenkins
IT Auditor,['cobit'],On-site,IT Auditor,Unipol Assicurazioni
IT Auditor,"['cobit', 'javascript', 'python', 'sql', 'snowflake']",Hybrid,IT Auditor,Fidelity Canada
IT Auditor,['phoenix'],On-site,IT Auditor,Columbia Bank
IT Auditor,['cobit'],Hybrid,IT Auditor,Deloitte
IT Auditor,['cobit'],On-site,IT Auditor,Medtronic
IT Auditor,['sql'],Hybrid,IT Auditor,Deloitte
IT Auditor,['cobit'],Hybrid,IT Auditor,ION
IT Auditor,['data modeling'],On-site,IT Auditor,PwC
IT Auditor,['informatica'],Hybrid,IT Auditor,Crelan
IT Auditor,['foundation'],On-site,IT Auditor,DNV
IT Auditor,['less'],On-site,IT Auditor,CardWorks
IT Auditor,['cobit'],Hybrid,IT Auditor,BDO Germany
IT Auditor,"['alteryx', 'power bi', 'python', 'servicenow', 'tableau']",On-site,IT Auditor,MUFG
IT Auditor,"['cryptography', 'python']",Remote,IT Auditor,A-LIGN
IT Auditor,"['cobit', 'data warehousing', 'machine learning', 'power bi', 'tableau']",Hybrid,IT Auditor,Waters Corporation
IT Auditor,"['foundation', 'workday']",Hybrid,IT Auditor,Penn State University
IT Consultant,"['foundation', 'generative ai', 'less']",Hybrid,IT Consultant,Beckhoff Automation
IT Consultant,['powershell'],Hybrid,IT Consultant,Anbecom ICT
IT Consultant,"['angular', 'c#', 'java', 'snowflake']",On-site,IT Consultant,Netcompany
IT Consultant,"['python', 'sql', 'scrum', 'tableau']",Hybrid,IT Consultant,doubleSlash Net-Business GmbH
IT Consultant,['jira'],Hybrid,IT Consultant,MESKRU GmbH
IT Consultant,"['bash', 'grafana', 'kubernetes', 'microsoft azure', 'nginx', 'perl', 'prometheus', 'python']",Hybrid,IT Consultant,ConSol Software GmbH
IT Consultant,"['angular', 'c#', 'java', 'snowflake']",On-site,IT Consultant,Netcompany
IT Consultant,['scrum'],Hybrid,IT Consultant,Inpact
IT Consultant,['machine learning'],On-site,IT Consultant,BCG Platinion
IT Consultant,"['bash', 'microsoft azure', 'okta', 'powershell', 'workday']",On-site,IT Consultant,Pliancy
IT Business Analyst,['odoo'],Hybrid,IT Consultant,much. Consulting
IT Consultant,['machine learning'],On-site,IT Consultant,BCG Platinion
IT Consultant,['scrum'],Hybrid,IT Consultant,AKQUINET
IT Consultant,"['angular', 'c#', 'css3', 'git', 'html5', 'java', 'javascript', 'sql', 'spring boot']",Hybrid,IT Consultant,Netcompany
IT Business Analyst,['odoo'],Hybrid,IT Consultant,much. Consulting
IT Business Analyst,['identity and access management (iam)'],On-site,IT Consultant,Cleverbee Solutions
IT Consultant,['machine learning'],On-site,IT Consultant,BCG Platinion
IT Consultant,"['ansible', 'confluence', 'docker', 'grafana', 'jira', 'kubernetes', 'prometheus', 'terraform']",Remote,IT Consultant,JL.Digital GmbH
System Administrator,"['amazon web services (aws)', 'dhcp', 'fortinet', 'microsoft azure', 'sql']",On-site,IT Consultant,"Sigma Information Group, Inc."
IT Consultant,['powershell'],Hybrid,IT Consultant,AppSphere AG
IT Consultant,"['kanban', 'scrum']",Hybrid,IT Consultant,doubleSlash Net-Business GmbH
IT Consultant,"['angular', 'java', 'javascript', 'mendix', 'outsystems', 'python', 'typescript']",On-site,IT Consultant,Fyld
IT Consultant,['machine learning'],On-site,IT Consultant,BCG Platinion
IT Project Manager,"['azure devops', 'jira', 'trello']",Hybrid,IT Consultant,ELFO Srl
IT Consultant,"['machine learning', 'maya']",On-site,IT Consultant,BCG Platinion
IT Consultant,['machine learning'],On-site,IT Consultant,Boston Consulting Group (BCG)
Network Administrator,"['bgp', 'dhcp', 'ids/ips', 'siem', 'sql', 'wireshark']",On-site,Network Administrator,Comviva
Network Administrator,"['ansible', 'fortinet', 'python', 'sd-wan', 'siem', 'terraform']",On-site,Network Administrator,Hamilton Barnes 🌳
Network Administrator,"['ansible', 'fortinet']",Hybrid,Network Administrator,KCS iT
Network Administrator,['foundation'],On-site,Network Administrator,Westgate Resorts
Network Administrator,['foundation'],Remote,Network Administrator,Drees & Sommer España
Network Administrator,"['cisco ios', 'firewall configuration']",On-site,Network Administrator,ScriptPro
Network Administrator,['sd-wan'],On-site,Network Administrator,Accylerate
Network Administrator,"['ansible', 'bash', 'dhcp', 'git', 'github', 'grafana', 'mikrotik', 'powershell', 'prometheus']",On-site,Network Administrator,eBag
Network Administrator,['dhcp'],On-site,Network Administrator,Danta Technologies
Network Administrator,['pfsense'],On-site,Network Administrator,Gamivision
Network Administrator,"['bgp', 'fiber', 'ospf', 'sd-wan', 'wireshark']",On-site,Network Administrator,Bold Business
Network Administrator,['palo alto networks'],Hybrid,Network Administrator,Centum Recruitment International Limited
Network Administrator,"['bgp', 'dhcp', 'fiber', 'osi model', 'ospf', 'phoenix']",On-site,Network Administrator,Tighe & Bond
Network Administrator,"['bgp', 'fortinet', 'ospf', 'sd-wan']",Hybrid,Network Administrator,Hays
Network Administrator,['dhcp'],On-site,Network Administrator,Recruitify_HR
Network Administrator,['fortinet'],On-site,Network Administrator,ELI Beamlines Facility
Network Administrator,"['fortinet', 'grafana', 'ids/ips', 'load balancing', 'mikrotik', 'osi model', 'prometheus']",Remote,Network Administrator,INTROSERV
Network Administrator,"['bgp', 'ospf']",On-site,Network Administrator,Foxconn Industrial Internet - FII
Network Administrator,['penetration testing'],On-site,Network Administrator,CompuOne
Network Administrator,"['fortinet', 'javascript', 'jira', 'php', 'python']",Remote,Network Administrator,CoolPeople Technology
Network Administrator,"['bgp', 'fortinet', 'ospf', 'siem']",On-site,Network Administrator,Integreon
Network Administrator,['dhcp'],On-site,Network Administrator,Worth Credit Union
Network Administrator,"['ansible', 'fortinet', 'git', 'solidity']",On-site,Network Administrator,Max Mara Fashion Group
Network Administrator,"['load balancing', 'sd-wan']",On-site,Network Administrator,Cymertek Corporation
Network Administrator,"['dhcp', 'fortinet', 'foundation', 'less', 'wireshark']",On-site,Network Administrator,Baltimore Orioles
Network Administrator,['dhcp'],On-site,Network Administrator,American Rheinmetall
Network Administrator,"['bgp', 'dhcp', 'ospf']",On-site,Network Administrator,Spring-Ford Area School District
Network Administrator,"['bgp', 'dhcp', 'ospf']",On-site,Network Administrator,CFS Brands
Network Administrator,['devsecops'],On-site,Network Administrator,Cornerstone Defense
Network Administrator,"['dhcp', 'incident response']",On-site,Network Administrator,Merit Brass Company
Network Administrator,"['fortinet', 'incident response']",Hybrid,Network Administrator,Village of Schaumburg
Network Administrator,"['dhcp', 'powershell']",On-site,Network Administrator,Blue Ridge Behavioral Healthcare
Network Administrator,"['dhcp', 'mariadb', 'php']",On-site,Network Administrator,Lee Systems Technology Ventures Inc.
NOC Engineer,"['identity and access management (iam)', 'incident response']",Remote,NOC Engineer,Palmetto Technology Group (PTG)
NOC Engineer,"['incident response', 'site reliability engineering (sre)']",On-site,NOC Engineer,Capgemini
Network Engineer,"['powershell', 'siem', 'servicenow', 'splunk']",On-site,NOC Engineer,Epergne Solutions
NOC Engineer,"['computer vision', 'machine learning', 'natural language processing (nlp)', 'servicenow']",On-site,NOC Engineer,YO IT Consulting
NOC Engineer,"['bash', 'datadog', 'elasticsearch', 'grafana', 'itil framework', 'jira', 'powershell', 'prometheus', 'python', 'servicenow']",On-site,NOC Engineer,2C2P
NOC Engineer,['fortinet'],Hybrid,NOC Engineer,INTERSTELLAR
Network Engineer,"['bgp', 'dhcp', 'fortinet', 'incident response', 'natural language processing (nlp)', 'ospf', 'sd-wan', 'siem', 'wireshark']",On-site,NOC Engineer,CallTek
NOC Engineer,"['power bi', 'powershell', 'python']",On-site,NOC Engineer,Prime System Solutions
Cloud Security Engineer,['incident response'],On-site,NOC Engineer,Work Life Group NL
NOC Engineer,"['bash', 'cloudflare']",On-site,NOC Engineer,Internet Vikings
NOC Engineer,"['bgp', 'ospf']",Hybrid,NOC Engineer,S3K | Security of the Third Millennium
IT Operations,"['bgp', 'ospf']",On-site,NOC Engineer,CACI International Inc
NOC Engineer,['fortinet'],Hybrid,NOC Engineer,INTERSTELLAR
NOC Engineer,"['bgp', 'cisco ios', 'incident response', 'ospf']",On-site,NOC Engineer,@mecscomms
Cloud Engineer,"['ansible', 'bgp', 'bash', 'elasticsearch', 'grafana', 'jira', 'kubernetes', 'openstack', 'prometheus', 'python', 'scrum', 'servicenow']",Remote,NOC Engineer,Whitestack
Cloud Engineer,"['google cloud platform (gcp)', 'microsoft azure']",On-site,NOC Engineer,ExecutivePlacements.com
NOC Engineer,"['bash', 'powershell', 'python', 'sql']",On-site,NOC Engineer,GamblingCareers.com
NOC Engineer,"['docker', 'fiber', 'foundation', 'grafana', 'sd-wan', 'servicenow']",Remote,NOC Engineer,Speedcast
Cloud Engineer,"['ansible', 'bgp', 'bash', 'elasticsearch', 'grafana', 'jira', 'kubernetes', 'openstack', 'prometheus', 'python', 'scrum', 'servicenow']",Remote,NOC Engineer,Whitestack
NOC Engineer,"['bgp', 'grafana', 'incident response', 'ospf', 'python']",Hybrid,NOC Engineer,Cboe Global Markets
NOC Engineer,"['incident response', 'sql']",On-site,NOC Engineer,Tier4 Group
NOC Engineer,"['ansible', 'bgp', 'bash', 'dhcp', 'docker', 'edge computing', 'fiber', 'grafana', 'jira', 'kubernetes', 'linux system administration', 'ospf', 'postman', 'python', 'sd-wan', 'servicenow', 'terraform', 'wireshark']",Remote,NOC Engineer,Speedcast
NOC Engineer,"['bash', 'powershell', 'python', 'sql']",On-site,NOC Engineer,Aristocrat
NOC Engineer,['foundation'],Hybrid,NOC Engineer,AS White Global
Cloud Engineer,"['ansible', 'bgp', 'bash', 'elasticsearch', 'grafana', 'jira', 'kubernetes', 'openstack', 'prometheus', 'python', 'scrum', 'servicenow']",Remote,NOC Engineer,Whitestack
Cloud Engineer,"['ansible', 'bgp', 'bash', 'elasticsearch', 'grafana', 'jira', 'kubernetes', 'openstack', 'prometheus', 'python', 'scrum', 'servicenow']",Remote,NOC Engineer,Whitestack
NOC Engineer,"['incident response', 'sql']",On-site,NOC Engineer,Tier4 Group
NOC Engineer,"['confluence', 'jira']",Remote,NOC Engineer,Ciklum
Desktop Support Technician,['dhcp'],On-site,Desktop Support Technician,Tesla
Desktop Support Technician,"['bash', 'dhcp', 'foundation', 'jira', 'powershell', 'python', 'servicenow']",On-site,Desktop Support Technician,Apex Systems
Desktop Support Technician,"['dhcp', 'jira', 'servicenow']",On-site,Desktop Support Technician,AVASO Technology Solutions
Desktop Support Technician,['servicenow'],On-site,Desktop Support Technician,HCLTech
Desktop Support Technician,"['dhcp', 'jira', 'servicenow']",On-site,Desktop Support Technician,Carman Solutions Group
Desktop Support Technician,['dhcp'],On-site,Desktop Support Technician,Tesla
Desktop Support Technician,"['incident response', 'servicenow']",On-site,Desktop Support Technician,Open Door Care Network
Desktop Support Technician,['servicenow'],Hybrid,Desktop Support Technician,NYC Department of Finance
Desktop Support Technician,"['foundation', 'jira']",On-site,Desktop Support Technician,Partners in Child Development
Desktop Support Technician,['less'],On-site,Desktop Support Technician,"HCI Systems, Inc"
Desktop Support Technician,"['crowdstrike', 'dhcp', 'foundation', 'jira', 'powershell', 'servicenow', 'shell scripting']",On-site,Desktop Support Technician,Amerit Fleet Solutions
Desktop Support Technician,"['ansible', 'dhcp', 'git', 'kubernetes', 'puppet']",On-site,Desktop Support Technician,Tesla
Desktop Support Technician,['technical writing'],On-site,Desktop Support Technician,Compucom Staffing
Desktop Support Technician,"['devsecops', 'incident response']",On-site,Desktop Support Technician,"CTIS, Inc."
Desktop Support Technician,['microsoft azure'],On-site,Desktop Support Technician,Paragon Space Development Corporation
Desktop Support Technician,"['servicenow', 'splunk', 'uipath']",On-site,Desktop Support Technician,ComTec Information Systems (IT)
Desktop Support Technician,['dhcp'],On-site,Desktop Support Technician,Tesla
Desktop Support Technician,['dhcp'],On-site,Desktop Support Technician,"University of California, Riverside"
Desktop Support Technician,['workday'],On-site,Desktop Support Technician,Paragon Space Development Corporation
Desktop Support Technician,['servicenow'],On-site,Desktop Support Technician,Sharp Brains
Desktop Support Technician,['dhcp'],On-site,Desktop Support Technician,Tesla
Desktop Support Technician,"['dhcp', 'powershell', 'python']",On-site,Desktop Support Technician,Tesla
Desktop Support Technician,"['dhcp', 'foundation', 'servicenow']",On-site,Desktop Support Technician,HCLTech
Desktop Support Technician,['less'],On-site,Desktop Support Technician,Marmic Fire & Safety Co.
Desktop Support Technician,['less'],On-site,Desktop Support Technician,"Tyto Athene, LLC"
Desktop Support Technician,['dhcp'],On-site,Desktop Support Technician,Archdiocese of New Orleans
IT Asset Management,['foundation'],On-site,IT Asset Management,Mirabaud Group
IT Asset Management,"['generative ai', 'servicenow']",On-site,IT Asset Management,J&M Group
IT Asset Management,"['foundation', 'servicenow']",Remote,IT Asset Management,CLEAResult
IT Asset Management,"['generative ai', 'power bi', 'sql', 'servicenow']",On-site,IT Asset Management,J&M Group
IT Asset Management,['cobit'],On-site,IT Asset Management,F.N.B. Corporation
IT Asset Management,"['javascript', 'python', 'servicenow']",On-site,IT Asset Management,REWE digital
IT Asset Management,"['cobit', 'foundation', 'servicenow']",Hybrid,IT Asset Management,Fortum
IT Asset Management,"['c#', 'generative ai', 'github', 'mysql', 'power bi', 'powershell', 'python']",Hybrid,IT Asset Management,Deloitte
IT Asset Management,"['foundation', 'servicenow']",On-site,IT Asset Management,Akima Infrastructure Services
IT Asset Management,"['power bi', 'python', 'sql']",On-site,IT Asset Management,EY
IT Asset Management,"['foundation', 'powershell', 'python', 'servicenow']",On-site,IT Asset Management,UST
IT Asset Management,['servicenow'],Hybrid,IT Asset Management,Deloitte
IT Asset Management,"['foundation', 'servicenow']",On-site,IT Asset Management,ISG (Information Services Group)
IT Asset Management,"['power bi', 'python', 'sql']",On-site,IT Asset Management,EY
Technical Writer,"['generative ai', 'servicenow']",On-site,IT Asset Management,J&M Group
IT Asset Management,"['scrum', 'servicenow']",Remote,IT Asset Management,UST
IT Asset Management,"['itil framework', 'servicenow']",On-site,IT Asset Management,Irving Oil
IT Asset Management,"['data modeling', 'javascript', 'servicenow']",Hybrid,IT Asset Management,Deloitte
IT Asset Management,"['foundation', 'jira', 'servicenow']",On-site,IT Asset Management,Shopee
IT Asset Management,"['foundation', 'servicenow']",On-site,IT Asset Management,State Street
IT Asset Management,"['foundation', 'julia']",On-site,IT Asset Management,Iron Mountain
IT Asset Management,"['foundation', 'julia', 'phoenix']",On-site,IT Asset Management,Iron Mountain
